ONDERWIJSTYPE;BEVOEGD GEZAG;INSTELLINGSCODE;PERSONEN 2011;PERSONEN 2012;PERSONEN 2013;PERSONEN 2014;PERSONEN 2015;PERSONEN 2016;PERSONEN 2017;PERSONEN 2018;PERSONEN 2019;PERSONEN 2020;PERSONEN 2021;PERSONEN 2022;PERSONEN 2023;PERSONEN 2024;PERSONEN 2025
BAO;10426;14JG;8;8;9;9;9;*;0;0;0;0;0;0;0;0;0
BAO;10799;04JI;9;9;6;5;7;6;*;7;7;7;7;9;0;0;0
BAO;10867;18IU;10;10;10;9;9;9;9;12;14;11;13;12;12;15;14
BAO;10867;18KO;10;8;8;8;7;8;9;10;9;10;11;11;10;8;11
BAO;10867;18LY;10;10;10;11;9;10;8;8;7;9;9;10;6;11;11
BAO;10925;12CN;14;13;14;12;13;15;16;17;16;17;23;21;20;19;16
BAO;10925;12LO;8;10;12;13;13;12;11;13;8;9;11;13;11;10;11
BAO;10925;12TR;38;37;38;42;43;50;51;48;52;54;55;56;54;45;51
BAO;10925;13FU;11;8;8;10;10;11;12;8;11;11;12;14;14;14;11
BAO;10925;13KZ;8;7;8;7;7;9;9;10;9;9;10;11;10;10;10
BAO;10925;13TU;8;7;9;11;12;12;13;12;11;10;12;13;11;12;10
BAO;13603;03DJ;11;11;12;11;11;9;11;11;8;9;9;10;10;13;10
BAO;13622;15GF;17;18;20;23;23;17;23;15;10;8;0;0;0;0;0
BAO;13622;15JN;46;44;43;42;41;40;42;41;44;52;55;56;52;51;51
BAO;13622;15OP;29;28;27;24;23;18;18;18;20;22;23;22;21;21;24
BAO;13622;15XW;18;16;16;13;12;14;15;15;13;17;15;14;16;12;12
BAO;13622;15ZW;8;9;8;10;11;11;13;13;14;15;11;0;0;0;0
BAO;13622;16EK;9;5;0;0;0;0;0;0;0;0;0;0;0;0;0
BAO;13622;16FR;22;20;20;20;20;16;14;14;15;15;17;15;12;9;10
BAO;13622;16HB;20;20;20;18;18;18;21;23;24;23;23;24;24;23;22
BAO;13622;16IK;38;38;34;31;31;32;36;37;38;36;37;30;31;31;28
BAO;13622;16KR;14;13;13;13;15;17;16;19;19;20;18;21;17;14;17
BAO;13622;16LV;24;25;25;25;25;30;26;27;32;32;27;29;35;33;34
BAO;13622;16NN;11;11;11;12;13;12;12;13;14;16;14;15;14;13;10
BAO;13622;21RP;29;29;30;29;31;36;33;34;25;23;23;20;19;16;15
BAO;13622;23AM;30;28;27;22;23;22;21;23;22;21;21;26;25;26;26
BAO;13622;23RC;26;24;22;23;24;23;25;25;27;27;26;26;25;25;27
BAO;13622;26PK;78;81;78;76;73;69;73;73;71;59;57;59;58;50;53
BAO;13622;27PB;32;31;32;28;26;27;26;43;49;60;78;86;85;85;93
BAO;13662;06BH;9;9;9;9;10;9;9;10;9;9;11;11;12;13;12
BAO;13662;06BM;13;11;11;11;12;11;11;13;13;13;15;16;14;13;13
BAO;13662;10MA;23;23;23;20;21;20;13;13;14;17;18;21;17;18;16
BAO;13662;10VB;26;26;25;24;25;21;22;18;16;15;20;17;16;16;15
BAO;13662;11HU;13;12;11;12;15;14;14;15;14;15;15;15;18;15;13
BAO;13662;11UQ;21;20;22;20;21;20;18;20;19;17;18;19;18;18;17
BAO;13662;12MQ;35;33;31;31;34;32;33;32;32;32;34;35;38;39;38
BAO;13662;13XJ;50;49;46;42;42;39;38;41;40;39;45;49;44;56;31
BAO;13682;08IH;38;39;36;35;32;28;29;31;31;33;35;39;36;43;40
BAO;13682;09IH;37;37;37;35;36;37;37;41;44;46;52;56;51;43;47
BAO;13682;10DW;22;23;27;28;31;28;28;30;31;31;33;33;35;30;31
BAO;13682;10VK;21;21;17;17;18;18;19;20;20;24;26;26;28;23;23
BAO;13839;13YH;6;8;6;5;8;7;8;8;10;8;10;8;0;8;8
BAO;20013;32HY;0;0;0;0;0;0;0;0;0;0;0;0;0;0;6
BAO;20029;32JA;0;0;0;0;0;0;0;0;0;0;0;0;0;0;*
BAO;20032;32HZ;0;0;0;0;0;0;0;0;0;0;0;0;0;0;5
BAO;20083;09IW;13;9;12;9;9;11;14;12;9;8;8;10;10;10;9
BAO;20183;00GQ;21;17;18;17;20;20;21;21;21;21;20;17;16;18;17
BAO;20183;06NZ;16;16;17;17;19;19;18;18;15;14;14;13;14;13;14
BAO;20210;00CV;6;6;8;10;7;8;9;9;10;11;13;12;12;0;10
BAO;20243;06DN;27;25;24;27;28;31;28;32;30;30;36;37;33;36;37
BAO;20243;08JC;25;26;25;26;24;23;27;30;32;35;36;41;35;41;44
BAO;20252;00HZ;18;19;19;18;20;20;20;22;23;22;25;23;23;21;21
BAO;20281;03PY;36;37;36;39;45;43;46;46;50;52;55;50;52;55;52
BAO;20281;04ZT;16;15;16;18;21;23;25;24;23;22;23;25;31;31;27
BAO;20281;05HC;21;21;23;24;21;21;20;22;21;28;30;29;25;30;28
BAO;20281;06KA;20;21;23;21;21;23;22;23;26;24;24;25;25;25;26
BAO;20281;07CQ;36;34;33;37;33;32;34;32;32;36;43;45;41;40;38
BAO;20281;07DP;45;45;44;45;46;47;44;51;54;52;55;53;50;55;54
BAO;20281;07LY;23;23;23;18;19;19;20;25;24;24;25;34;34;28;25
BAO;20281;07SP;23;25;24;21;23;25;27;27;25;51;50;51;47;56;57
BAO;20281;08NF;27;28;29;31;28;28;25;27;27;26;31;34;30;37;29
BAO;20281;08QB;45;44;46;45;43;48;49;46;52;48;47;50;47;49;52
BAO;20281;08VR;13;13;13;12;14;15;15;20;21;21;22;24;22;21;23
BAO;20281;08ZU;32;30;25;24;27;24;25;29;31;29;30;35;34;35;35
BAO;20281;09WY;21;24;24;20;22;26;27;24;25;20;19;24;18;21;23
BAO;20281;10NH;25;23;26;26;22;25;25;30;25;25;28;30;28;33;33
BAO;20281;11EH;0;0;0;0;0;0;0;0;0;0;0;0;0;0;0
BAO;20281;12JQ;50;50;51;52;54;52;57;55;57;29;30;36;37;33;32
BAO;20281;13EK;95;96;98;97;96;94;95;106;104;106;107;102;107;107;108
BAO;20281;13IL;21;21;22;22;22;24;24;24;22;21;22;22;26;26;26
BAO;20281;13JV;32;31;33;36;35;36;35;37;34;35;40;39;41;43;37
BAO;20281;13OW;23;22;24;25;27;26;28;28;30;29;29;29;27;29;28
BAO;20281;13RY;55;49;44;41;47;47;42;42;40;44;46;47;46;56;56
BAO;20281;13TA;49;48;51;50;47;46;42;41;47;43;49;50;44;43;47
BAO;20281;13VQ;19;19;21;22;20;18;15;21;24;22;24;23;25;21;25
BAO;20281;13WM;35;37;43;45;47;45;45;45;44;44;42;42;46;48;47
BAO;20281;13ZE;19;17;16;16;18;18;21;20;21;22;23;24;26;29;29
BAO;20281;13ZY;57;59;64;63;63;65;61;58;64;72;70;76;85;88;81
BAO;20281;15TL;21;22;21;20;19;21;20;19;20;20;25;22;22;23;26
BAO;20281;15VU;69;78;82;83;80;83;86;100;100;107;107;114;108;108;106
BAO;20281;15XZ;18;5;14;16;18;18;13;14;12;11;13;16;12;18;16
BAO;20281;15ZZ;25;27;25;29;29;28;32;35;41;42;50;48;53;41;35
BAO;20281;16DA;142;132;132;142;139;139;154;157;161;178;186;175;174;45;45
BAO;20281;16FS;57;56;56;57;55;51;53;52;51;49;48;46;49;50;47
BAO;20281;19SG;20;19;20;20;19;18;21;18;18;19;22;24;25;27;25
BAO;20281;19TM;17;17;17;22;23;25;27;26;29;28;32;27;25;28;25
BAO;20281;19UJ;18;17;17;18;16;19;19;19;20;20;22;22;21;22;25
BAO;20281;19VA;20;19;22;29;28;31;30;39;42;40;44;44;40;43;37
BAO;20281;19VL;18;18;18;17;18;20;20;19;21;22;24;25;21;24;25
BAO;20281;19VU;25;22;21;21;21;22;22;24;23;25;27;27;25;30;28
BAO;20281;26AW;50;51;52;53;49;46;48;41;39;34;35;33;33;33;27
BAO;20281;26AY;70;70;77;79;76;80;83;75;80;77;79;79;80;87;83
BAO;20281;26PT;50;49;48;44;49;51;52;57;56;59;58;59;65;70;65
BAO;20281;27CG;44;42;42;42;42;46;46;51;56;58;59;60;53;57;56
BAO;20281;27CH;56;56;56;59;53;52;54;54;55;50;49;47;46;45;48
BAO;20281;27PX;27;27;27;30;29;28;29;30;26;25;28;25;22;24;23
BAO;20281;29YJ;8;10;11;15;17;19;20;19;15;18;19;22;22;23;28
BAO;20281;30WX;0;0;0;*;6;11;16;23;29;32;36;38;42;42;45
BAO;20281;31VB;0;0;0;0;0;0;0;0;0;0;0;6;5;11;11
BAO;20671;04LN;21;23;22;22;20;21;22;20;22;20;25;23;23;27;26
BAO;20671;07RV;39;35;34;32;31;34;33;34;32;34;35;33;38;35;35
BAO;20671;08VV;14;14;13;13;13;14;14;13;10;10;14;13;13;16;19
BAO;20671;09TX;17;16;14;13;14;15;14;11;12;12;14;16;17;16;15
BAO;20671;09WF;45;41;29;28;26;26;26;30;34;28;29;27;28;31;28
BAO;20671;10JH;18;18;19;21;22;22;23;21;20;21;19;20;20;21;21
BAO;20671;10ZF;24;22;23;25;25;24;27;29;33;33;34;40;38;42;44
BAO;20671;18ZC;29;28;26;27;28;25;24;23;23;23;26;26;29;26;25
BAO;20671;18ZQ;31;30;30;30;30;35;33;35;39;40;39;39;42;43;38
BAO;20671;19AC;22;21;22;24;23;26;27;27;27;27;30;32;29;32;30
BAO;20671;19AT;29;29;30;30;32;33;32;33;35;34;35;36;34;40;42
BAO;20671;20CB;27;25;26;27;32;33;38;36;41;45;53;53;56;61;66
BAO;20671;20CV;32;35;34;35;36;36;37;39;40;37;41;42;40;40;39
BAO;20671;20DJ;24;27;27;27;29;29;28;29;29;26;31;29;27;25;26
BAO;20671;20DV;28;27;28;28;28;31;29;29;30;27;27;27;29;29;30
BAO;20671;22MD;20;21;23;25;24;26;27;27;27;31;34;35;38;38;34
BAO;20970;04IU;32;32;35;37;35;36;37;35;38;36;38;38;39;35;32
BAO;21464;04JA;40;45;40;35;32;29;30;35;37;35;36;38;45;49;47
BAO;21478;18HG;68;49;72;65;64;64;64;63;66;67;63;63;58;56;54
BAO;22091;08IU;9;7;6;6;7;7;6;0;0;0;0;0;0;0;0
BAO;22622;08JF;34;32;31;33;32;33;39;42;46;44;48;52;51;51;50
BAO;22725;08SP;48;48;47;45;35;40;46;46;45;57;52;66;30;32;31
BAO;22725;08UO;36;37;37;40;38;30;27;28;24;24;25;27;29;28;30
BAO;22725;09AG;54;51;55;51;48;45;44;45;44;32;34;33;34;36;31
BAO;22725;09JB;43;44;43;40;41;32;10;17;16;18;18;18;20;20;19
BAO;22725;09ST;32;27;29;29;29;21;25;22;23;19;20;18;18;19;21
BAO;22725;09VR;39;41;41;44;45;43;48;55;55;58;68;76;83;82;79
BAO;22725;11BQ;21;21;21;24;31;29;30;29;27;29;30;30;31;30;29
BAO;22725;11OJ;21;19;18;17;18;14;26;27;25;24;22;24;25;27;24
BAO;22725;11QH;22;23;24;23;24;25;23;27;28;27;29;35;34;34;34
BAO;22725;11ZQ;40;38;40;39;43;44;44;53;48;51;53;49;52;51;50
BAO;22725;12RM;17;17;17;19;22;22;22;24;24;20;22;20;21;20;20
BAO;22725;17RO;27;26;26;28;26;27;28;27;26;27;28;26;27;25;26
BAO;22765;03HE;34;32;32;32;34;33;34;34;37;35;35;38;36;31;32
BAO;23128;04NU;37;33;32;32;25;18;16;18;18;18;21;20;20;24;22
BAO;23128;06BY;14;17;21;28;28;32;27;29;22;10;11;14;13;15;15
BAO;23128;07AI;14;14;13;13;12;12;10;9;11;12;13;15;18;38;41
BAO;23128;07GF;10;9;12;9;9;9;8;0;0;0;0;0;0;0;0
BAO;23128;07KQ;42;40;45;58;70;70;98;89;75;104;53;57;68;26;18
BAO;23128;08TJ;21;20;20;15;15;15;15;15;17;15;16;18;15;18;15
BAO;23128;08TN;16;17;16;16;19;21;19;21;18;18;21;21;23;24;22
BAO;23128;08UP;34;32;31;26;22;23;23;20;14;13;17;18;16;15;15
BAO;23128;09SG;15;13;13;12;14;14;12;14;13;13;16;16;14;14;13
BAO;23128;09TM;12;11;13;12;13;12;10;12;13;14;16;21;23;22;19
BAO;23128;10DG;8;10;11;9;11;12;10;11;11;9;8;8;9;8;8
BAO;23128;10LY;10;10;10;10;11;11;13;13;11;10;11;9;10;11;9
BAO;23128;10UY;5;6;7;8;0;0;0;0;0;0;0;0;0;0;0
BAO;23128;11BS;33;33;33;34;40;38;39;36;35;40;43;36;33;34;32
BAO;23128;11JA;11;11;13;12;13;12;14;13;13;14;16;19;19;19;19
BAO;23128;11UO;18;17;15;14;15;20;19;20;17;18;23;25;21;23;21
BAO;23128;12JD;43;39;41;45;36;35;32;33;26;26;22;22;17;18;15
BAO;23128;12RO;10;8;9;8;8;11;11;14;14;12;13;17;14;15;14
BAO;23128;12YO;13;11;13;13;12;13;12;14;15;16;21;23;21;23;22
BAO;23128;18IF;16;13;17;13;14;11;8;9;7;0;0;0;0;0;0
BAO;23128;18LF;23;22;21;20;26;25;25;21;19;22;12;13;13;15;14
BAO;23128;21BF;15;14;14;15;14;12;12;13;12;11;13;12;11;12;11
BAO;23128;21BM;29;28;28;30;30;30;19;20;23;25;26;26;28;29;24
BAO;23128;21CX;38;35;36;33;30;29;30;29;28;28;34;31;31;33;30
BAO;23128;21DZ;14;14;14;16;10;15;20;18;19;17;23;24;28;26;21
BAO;23128;21EI;50;43;48;35;29;25;21;23;19;20;21;18;16;15;14
BAO;23128;27RT;39;39;41;45;46;43;44;48;46;48;57;54;53;53;50
BAO;23128;27YB;26;26;22;20;20;20;20;19;18;16;18;18;12;15;13
BAO;23337;09JE;26;26;26;28;29;32;33;41;35;34;35;36;36;32;37
BAO;23337;10ES;19;21;22;19;18;19;24;24;23;23;23;23;21;19;20
BAO;23440;04JS;24;23;24;25;22;24;23;26;29;28;29;28;28;28;29
BAO;23545;06EA;18;19;16;16;16;15;15;17;20;20;20;22;24;24;27
BAO;23674;08US;15;16;15;15;16;15;15;13;15;16;17;15;15;16;14
BAO;23674;09SX;27;28;25;24;21;22;22;20;20;21;19;20;21;21;22
BAO;23883;09JI;24;26;26;29;29;28;32;34;31;35;36;37;36;34;37
BAO;23883;10EU;35;35;36;38;36;34;34;35;31;37;37;32;29;30;34
BAO;23948;06EF;32;32;28;29;30;24;25;27;29;28;28;25;23;25;23
BAO;23961;03HL;37;34;30;31;28;25;25;25;27;28;31;29;31;28;29
BAO;23961;03JQ;22;18;16;16;16;15;15;16;18;20;17;15;15;16;17
BAO;23961;03RP;16;13;12;12;12;12;12;13;13;13;11;9;0;0;0
BAO;23961;03XN;32;31;30;30;29;28;29;27;26;25;22;19;22;21;20
BAO;23961;04FE;27;15;13;13;13;13;12;14;14;14;15;15;14;13;15
BAO;23961;07CF;40;39;34;33;35;30;31;34;41;40;41;20;22;23;22
BAO;23961;07EG;32;30;28;26;26;27;26;27;28;25;26;23;22;20;21
BAO;23961;08OS;26;24;24;21;22;22;22;23;22;21;23;22;22;20;20
BAO;23961;14ZP;15;14;12;13;13;12;12;12;11;12;12;14;13;13;14
BAO;23961;17KB;48;43;41;40;42;38;37;36;41;39;37;39;38;37;37
BAO;24065;06EI;11;10;11;11;10;10;9;10;9;11;11;13;14;14;15
BAO;24195;03HP;32;33;34;36;39;34;33;34;37;38;37;39;36;36;34
BAO;24195;23DU;27;26;29;29;32;33;30;33;35;35;36;35;38;33;32
BAO;24207;07IK;15;15;16;17;17;18;19;22;21;20;23;25;19;22;20
BAO;24481;03HU;54;57;63;61;66;69;69;73;76;81;88;87;81;80;88
BAO;24481;11VO;17;18;17;19;19;21;21;22;20;21;23;23;22;20;22
BAO;24533;11JX;42;36;36;39;39;42;41;47;44;50;53;54;60;58;63
BAO;24533;12WF;26;24;22;30;26;24;22;29;28;28;31;35;33;32;33
BAO;24533;13CC;25;26;20;23;19;18;15;16;19;19;19;18;21;17;15
BAO;24533;22JQ;27;23;22;22;21;21;21;24;28;30;32;32;33;35;38
BAO;24597;03NB;37;35;34;33;33;31;30;31;33;29;29;29;34;34;31
BAO;24597;05DG;40;41;43;44;44;44;42;47;49;49;54;53;54;55;58
BAO;24597;05JC;20;16;16;17;19;21;23;22;26;26;25;26;29;30;30
BAO;24597;07JG;27;26;24;25;27;27;28;28;30;34;36;35;38;37;40
BAO;24597;08YU;46;44;47;54;49;50;52;49;52;50;47;49;50;49;47
BAO;24597;16BO;61;56;59;57;58;57;64;70;75;71;68;67;76;77;72
BAO;24597;16DB;18;14;15;17;16;17;18;22;24;25;24;28;33;31;28
BAO;24597;16EL;20;19;20;21;21;19;21;24;27;28;31;26;27;25;25
BAO;24597;16FT;46;43;44;48;50;54;61;63;38;37;31;34;37;39;35
BAO;24597;16HC;54;51;57;63;64;63;66;72;66;71;69;67;73;69;68
BAO;24597;16IL;22;21;23;23;21;18;20;20;20;20;19;21;22;25;24
BAO;24597;16KS;62;62;65;69;65;66;68;67;41;46;50;50;59;61;57
BAO;24597;16YW;24;22;23;23;26;24;28;24;28;32;22;20;24;21;20
BAO;24597;16ZM;19;21;19;20;19;16;16;27;33;32;22;24;23;23;26
BAO;24597;17AB;32;28;31;33;32;33;36;34;36;32;34;36;39;45;40
BAO;24597;17AP;40;38;42;40;38;39;39;43;48;51;45;44;51;49;43
BAO;24597;17CB;27;26;28;32;31;36;36;33;34;34;28;35;41;39;42
BAO;24597;17CM;44;41;44;50;52;55;57;59;59;61;53;54;56;59;58
BAO;24597;17DF;20;20;20;23;22;24;22;21;22;23;24;26;25;20;22
BAO;24597;17DP;49;48;59;67;62;57;58;60;63;70;66;74;30;33;28
BAO;24597;17EA;38;38;41;41;38;39;48;51;53;49;49;53;60;59;62
BAO;24597;17EI;14;11;12;15;*;0;0;0;0;0;0;0;0;0;0
BAO;24597;17ES;30;29;29;31;33;32;33;32;36;39;36;41;50;56;52
BAO;24597;17FC;26;21;19;20;19;18;16;20;24;27;29;32;37;37;37
BAO;24597;17LU;18;19;18;19;19;18;17;20;20;20;22;23;27;23;25
BAO;24597;17RL;24;24;24;28;26;27;27;27;27;25;29;31;33;32;32
BAO;24597;17RX;25;25;24;28;22;24;25;39;41;40;39;47;57;59;62
BAO;24597;17SL;20;22;24;27;25;26;26;31;35;33;27;27;25;27;26
BAO;24597;17SW;37;39;47;50;54;59;66;70;79;76;77;80;42;40;38
BAO;24597;17TF;28;25;28;31;32;35;32;32;34;35;34;32;33;33;28
BAO;24597;17TP;27;29;32;36;42;48;53;61;65;65;63;67;64;61;60
BAO;24597;17TU;20;18;19;20;18;20;18;22;30;28;31;29;33;35;35
BAO;24597;17TZ;28;27;26;27;25;29;27;26;30;30;37;33;40;36;34
BAO;24597;17UE;22;21;22;22;23;22;24;19;22;21;18;25;26;28;25
BAO;24597;17YR;19;19;20;20;20;21;20;17;21;23;21;19;21;24;21
BAO;24597;17ZD;27;27;23;28;26;26;28;33;31;31;31;34;37;35;26
BAO;24597;17ZI;53;52;52;57;64;63;68;63;73;74;69;62;64;64;66
BAO;24597;17ZO;28;28;27;29;26;23;24;20;27;24;27;28;32;34;29
BAO;24597;17ZU;62;60;57;61;67;65;69;64;61;59;66;68;67;68;68
BAO;24597;18AA;83;81;83;85;85;82;80;81;83;83;81;83;95;97;94
BAO;24597;18AH;19;18;20;23;26;24;24;24;26;29;26;33;32;28;27
BAO;24597;18AK;34;32;27;24;25;24;22;23;25;25;23;23;25;27;26
BAO;24597;18AP;27;25;27;22;22;22;21;24;24;21;23;32;29;29;28
BAO;24597;18AU;32;31;32;31;34;32;32;35;38;39;36;33;33;40;36
BAO;24597;18AX;25;24;26;33;29;32;33;34;30;33;32;35;38;40;39
BAO;24597;18BB;20;19;21;28;27;25;25;22;26;24;23;25;31;28;25
BAO;24597;18BG;20;21;21;22;23;26;30;27;31;28;26;30;32;31;31
BAO;24597;18BJ;15;16;17;14;15;18;18;17;16;18;18;19;24;22;24
BAO;24597;23CK;48;39;42;43;37;39;36;40;42;43;39;38;39;37;35
BAO;24597;24NZ;44;37;44;46;53;52;53;56;64;63;66;65;66;60;65
BAO;24597;26AF;45;44;42;36;35;34;34;31;36;31;25;26;25;24;25
BAO;24597;28CL;49;52;57;65;68;67;66;70;81;75;79;77;76;74;73
BAO;24597;31ME;0;0;0;0;0;0;0;0;33;34;37;35;38;40;35
BAO;24597;31MF;0;0;0;0;0;0;0;0;27;28;32;26;27;19;26
BAO;24597;31WF;0;0;0;0;0;0;0;0;0;0;0;0;39;41;47
BAO;24597;31WG;0;0;0;0;0;0;0;0;0;0;0;0;56;48;53
BAO;24715;03HY;43;42;42;44;46;50;46;51;53;50;56;56;57;59;62
BAO;24715;24FP;34;31;32;31;35;32;32;33;37;36;38;41;42;36;35
BAO;24715;28CG;22;23;27;27;29;34;35;39;44;46;52;55;41;46;44
BAO;24715;32AN;0;0;0;0;0;0;0;0;0;0;0;0;15;30;27
BAO;25156;04KD;33;34;32;34;31;29;25;31;30;30;33;32;34;30;30
BAO;25196;06FA;18;18;20;18;17;17;19;20;22;22;22;25;30;26;27
BAO;25196;08JL;25;26;25;26;29;27;26;27;32;29;29;30;30;29;26
BAO;25196;09JK;30;30;31;30;30;30;27;28;33;29;30;31;31;31;33
BAO;25351;03XH;26;35;28;31;25;31;32;32;33;31;34;40;29;31;33
BAO;25351;06NL;26;24;23;24;22;23;22;23;23;22;23;22;23;20;19
BAO;25351;06WM;12;13;12;12;15;12;14;13;11;13;16;15;13;13;14
BAO;25351;07WG;23;17;20;19;18;18;17;16;16;15;16;16;16;16;18
BAO;25351;08NC;25;26;30;29;28;25;25;25;25;24;23;24;24;21;20
BAO;25351;08YS;10;11;10;11;10;11;10;10;10;9;13;15;15;14;13
BAO;25351;09WH;13;14;14;17;15;17;17;16;17;17;22;18;17;21;20
BAO;25351;11BU;14;17;17;17;19;17;16;17;19;17;19;21;18;17;19
BAO;25351;11ON;20;18;19;17;15;16;14;15;15;16;16;18;19;20;22
BAO;25351;11ZU;16;17;19;20;19;17;16;20;24;22;23;20;18;16;16
BAO;25351;12LX;47;47;45;46;42;39;30;25;24;23;21;24;25;28;25
BAO;25351;12YQ;53;49;49;48;43;44;42;44;45;43;36;34;33;29;29
BAO;25351;13AF;11;12;13;14;12;12;10;12;13;15;14;13;11;12;11
BAO;25351;13EN;16;15;15;14;14;13;11;10;10;10;11;10;13;15;13
BAO;25351;13JY;12;13;14;12;14;16;14;15;15;16;18;18;18;13;13
BAO;25351;29TN;24;29;30;31;31;33;33;38;36;37;34;29;26;26;24
BAO;25664;03IH;26;26;25;24;26;26;30;29;30;29;32;34;34;32;31
BAO;25833;03IK;37;37;37;40;41;46;49;47;49;57;55;58;64;65;63
BAO;26158;03AG;18;0;13;17;18;17;20;21;21;54;43;55;64;22;22
BAO;26158;03QL;15;0;12;14;14;15;14;15;13;13;14;13;14;14;12
BAO;26158;05ML;14;0;15;16;16;17;17;16;16;17;14;14;14;17;16
BAO;26158;06FF;26;0;24;28;28;26;29;29;27;35;36;34;35;37;40
BAO;26158;08JO;40;0;32;34;35;36;39;44;44;44;53;49;47;47;49
BAO;26158;09JN;32;0;26;30;29;30;29;32;32;33;30;30;33;35;35
BAO;26158;09YE;21;0;19;19;21;19;20;24;25;26;26;29;25;23;24
BAO;26158;10WF;34;0;36;40;45;42;42;40;44;42;45;47;38;42;42
BAO;26158;11VP;23;0;19;19;18;18;18;20;21;20;21;21;19;22;22
BAO;26158;23TK;16;0;11;11;9;8;9;9;10;11;12;12;11;13;14
BAO;26158;27JJ;54;0;44;53;56;56;55;58;60;61;59;67;62;60;65
BAO;26613;10WI;36;38;36;39;37;31;33;36;36;37;39;38;32;41;39
BAO;26626;06FI;31;32;38;41;39;40;40;43;44;45;44;45;36;38;43
BAO;26977;03JB;30;23;25;23;19;16;17;16;16;15;15;22;24;21;22
BAO;26977;05FZ;20;19;19;17;16;17;18;19;24;24;24;27;24;19;19
BAO;26977;06FM;29;26;23;22;20;21;22;25;24;23;23;24;28;24;27
BAO;26977;06LY;45;40;38;34;34;37;35;44;46;46;50;50;53;52;52
BAO;26977;07TT;41;38;37;33;30;29;31;35;34;35;32;35;30;29;31
BAO;26977;08NJ;68;64;59;53;51;46;38;38;39;38;38;37;37;37;36
BAO;26977;27UA;38;36;35;33;33;33;40;43;41;41;39;40;37;39;40
BAO;26977;32BA;0;0;0;0;0;0;0;0;0;0;0;0;16;17;19
BAO;27237;06FR;6;7;7;8;8;8;8;9;10;9;10;10;10;9;10
BAO;27770;04ST;19;20;13;10;10;25;23;26;16;15;16;15;0;0;0
BAO;27770;08KR;19;18;19;19;18;19;20;18;19;15;13;0;0;0;0
BAO;27770;09JY;41;37;34;26;22;22;24;27;24;23;25;20;0;0;0
BAO;27910;03IC;34;32;37;35;33;34;34;21;29;25;26;25;23;25;25
BAO;27910;03OC;16;15;28;38;35;51;63;69;52;42;57;61;51;51;49
BAO;27910;04WO;25;24;24;23;24;23;26;27;18;18;20;19;19;19;18
BAO;27910;05OJ;22;21;22;22;20;22;18;16;21;19;21;18;18;16;15
BAO;27910;06IN;8;7;6;7;9;7;8;8;8;9;9;9;9;8;9
BAO;27910;08LL;53;51;54;53;57;44;40;37;40;39;41;32;30;28;28
BAO;27910;08NX;30;29;30;31;33;35;31;34;32;29;29;27;26;25;26
BAO;27910;08VE;43;46;38;40;38;27;27;29;26;29;26;28;25;26;26
BAO;27910;09TB;29;28;32;30;26;30;24;23;26;28;30;26;16;16;15
BAO;27910;09TI;17;13;11;9;7;24;21;29;15;17;20;19;23;20;25
BAO;27910;10FY;15;15;17;16;17;18;19;17;16;15;17;17;18;19;15
BAO;27910;11KS;19;17;18;18;21;25;25;27;37;34;35;34;36;29;28
BAO;27910;24NB;40;37;37;31;32;33;32;38;37;38;41;37;37;40;35
BAO;27910;28CY;12;16;17;22;26;24;29;35;42;46;50;51;52;57;61
BAO;28212;03JS;43;40;38;36;32;30;30;28;28;27;28;29;27;28;25
BAO;28212;06GE;24;17;21;18;19;18;23;22;23;23;29;35;32;28;26
BAO;28563;05JU;25;25;23;21;26;26;26;28;29;29;26;30;29;31;28
BAO;28563;07AV;11;11;11;8;11;12;12;14;12;12;17;16;17;18;16
BAO;28563;07UV;23;21;21;21;22;24;23;24;25;26;27;26;26;27;24
BAO;28563;09AB;28;28;28;26;28;31;30;34;35;32;31;32;33;36;32
BAO;28563;10FI;36;34;35;38;38;33;31;31;31;33;35;37;41;39;34
BAO;28563;10WO;26;22;21;19;20;19;19;20;21;22;26;25;26;26;28
BAO;28563;10ZY;28;28;30;27;26;26;29;30;36;34;34;34;33;33;31
BAO;28563;11NE;27;27;25;25;27;25;26;26;26;27;29;27;28;28;28
BAO;28563;11VV;21;20;19;17;18;18;18;19;17;20;25;27;29;31;30
BAO;28601;03ES;35;30;29;31;32;61;59;63;79;84;82;77;72;77;88
BAO;28601;06AM;14;13;14;13;14;14;14;14;17;19;18;15;17;17;21
BAO;28601;08FQ;13;14;14;13;16;16;17;18;18;19;16;13;18;16;17
BAO;28601;11OT;20;20;25;25;24;21;30;48;29;32;34;31;29;25;25
BAO;28601;12JI;36;38;38;39;40;39;43;37;40;46;42;38;38;32;22
BAO;28601;12RU;30;30;32;33;32;33;35;41;43;30;33;30;27;26;22
BAO;28601;13PA;28;30;32;34;34;36;39;38;41;41;43;38;37;29;31
BAO;28601;13TX;7;9;11;9;8;10;12;17;18;21;22;18;18;18;16
BAO;28601;14DU;18;17;17;17;17;30;31;39;41;42;40;21;19;21;34
BAO;28601;15ED;16;17;21;27;24;8;10;10;6;0;0;13;12;9;10
BAO;28601;18EH;11;10;9;9;10;9;12;13;16;17;20;16;16;14;17
BAO;28601;18IE;32;29;28;29;28;32;30;35;37;36;33;27;28;28;27
BAO;28601;23RG;45;42;41;38;34;33;36;31;35;33;34;33;33;32;34
BAO;28601;23RJ;45;45;39;45;44;44;47;56;55;49;46;41;44;25;29
BAO;28601;28BJ;17;21;24;29;28;32;34;36;46;53;54;49;43;45;41
BAO;28614;07JK;20;21;22;23;23;22;24;26;28;27;30;29;27;28;27
BAO;28614;08VA;18;17;18;19;19;20;19;21;24;26;26;27;25;28;28
BAO;28849;03KF;43;40;43;43;42;48;47;46;48;48;52;48;48;0;0
BAO;28849;06GP;42;45;47;52;53;60;62;67;69;73;76;74;69;66;63
BAO;28849;09KD;30;29;30;33;33;36;38;41;43;44;44;45;45;42;40
BAO;29056;08VB;32;30;33;37;38;36;38;39;36;32;33;36;33;27;31
BAO;29056;09TE;22;23;22;22;23;25;25;24;25;24;26;27;29;27;28
BAO;29056;10MP;19;20;24;25;25;24;22;22;21;22;22;25;26;29;30
BAO;29056;11CA;29;30;34;32;32;33;32;34;38;40;43;41;38;36;38
BAO;29056;11OU;18;17;16;18;18;19;20;22;22;21;24;24;23;24;28
BAO;29473;03KV;25;25;30;32;30;30;31;33;35;36;39;41;40;40;45
BAO;29577;03KW;30;31;30;29;29;33;30;34;30;34;39;35;34;30;30
BAO;29784;04LH;14;0;0;0;0;0;0;0;0;0;0;0;0;0;0
BAO;29810;07CA;22;21;22;20;20;20;18;25;21;18;19;21;24;23;22
BAO;29810;07DB;42;44;41;38;39;36;33;37;38;39;42;41;45;42;42
BAO;29810;08AE;33;30;30;30;26;28;26;25;24;21;27;29;27;28;30
BAO;29810;08CO;26;26;25;25;24;24;21;20;17;18;19;16;17;20;19
BAO;29810;09TG;83;66;64;61;51;48;51;75;78;74;73;80;82;78;70
BAO;29810;09YW;17;15;16;18;19;18;18;19;20;22;23;22;23;24;20
BAO;29810;10CV;18;17;15;16;15;14;14;15;13;16;21;21;22;21;19
BAO;29810;10MR;14;18;14;15;14;13;12;14;15;15;18;19;20;18;18
BAO;29810;11CC;27;29;28;24;23;20;17;16;17;14;18;17;17;18;20
BAO;29810;11IP;37;41;39;41;42;46;55;43;44;42;41;55;48;47;48
BAO;29810;11LH;19;15;16;15;14;14;14;13;16;18;20;20;22;20;20
BAO;29810;12EB;31;27;25;24;23;19;19;16;16;16;17;18;18;19;19
BAO;29810;12JJ;49;50;51;52;52;52;52;59;58;51;53;54;51;50;55
BAO;29810;13EQ;29;36;30;32;28;28;29;28;29;28;28;25;26;24;26
BAO;29810;15RK;13;14;16;16;17;18;19;18;16;17;18;19;17;16;14
BAO;29810;15TV;19;15;18;20;19;20;19;19;23;22;20;21;20;23;24
BAO;29810;15WF;21;20;20;19;18;15;15;15;16;15;18;18;18;19;17
BAO;29810;17KJ;38;40;39;40;36;33;32;35;35;35;37;35;32;30;31
BAO;29810;18FE;35;34;29;28;23;22;19;17;18;17;18;18;17;14;15
BAO;29810;18HN;31;32;25;26;25;24;23;23;23;21;23;24;23;24;24
BAO;29810;24DA;35;33;34;37;32;27;27;21;21;20;17;19;17;14;17
BAO;29810;27JW;68;65;74;77;73;69;63;61;58;51;44;42;39;41;42
BAO;29810;27LH;49;46;53;48;49;48;49;52;51;51;56;56;51;48;53
BAO;29810;30UR;0;0;6;10;16;23;33;33;34;35;37;37;36;34;33
BAO;29810;31DP;0;0;0;0;0;6;9;13;21;26;30;27;28;32;33
BAO;29810;31JE;0;0;0;0;0;0;0;6;7;13;15;20;18;21;23
BAO;29823;07JN;29;30;32;34;36;35;34;34;40;40;44;46;44;49;49
BAO;30010;01VI;37;37;34;37;33;58;60;55;56;47;49;44;40;37;38
BAO;30010;08TE;23;21;24;25;28;28;30;31;29;31;34;36;41;38;33
BAO;30010;10LI;22;20;20;20;22;25;22;22;23;26;22;25;26;27;24
BAO;30010;11AT;26;25;25;25;24;20;21;24;23;24;23;26;28;32;36
BAO;30010;12QU;42;38;37;36;36;37;40;39;40;43;40;47;45;46;48
BAO;30010;13DW;44;42;42;42;41;38;40;49;43;45;44;47;46;41;41
BAO;30010;21RS;18;18;20;20;17;19;18;18;17;19;19;20;21;22;22
BAO;30010;27JH;50;45;48;47;46;41;40;42;40;41;35;38;38;38;34
BAO;30010;27NX;45;41;50;50;47;48;45;54;54;56;50;52;45;45;42
BAO;30010;29XR;11;15;19;23;27;34;40;48;39;43;41;43;46;44;40
BAO;30013;21PO;10;11;9;10;11;10;9;11;11;13;11;10;0;0;10
BAO;30015;09IP;22;23;22;22;19;19;18;20;20;23;21;22;22;21;21
BAO;30027;01WU;36;35;30;36;42;45;43;47;44;45;44;43;45;46;40
BAO;30128;00HA;24;24;24;25;27;28;29;31;28;30;34;36;39;38;38
BAO;30133;00EI;19;19;18;19;18;22;20;17;19;19;19;21;18;19;21
BAO;30133;03XE;32;31;27;28;31;32;32;36;41;40;29;30;33;32;33
BAO;30133;06KN;37;38;39;40;41;44;43;43;43;48;48;53;55;50;49
BAO;30133;07LR;13;12;13;13;13;13;12;15;14;14;15;13;14;14;12
BAO;30133;08AV;20;18;17;17;18;21;18;22;20;22;22;23;23;23;24
BAO;30145;00IM;15;13;13;14;15;15;13;13;15;15;17;16;13;14;13
BAO;30235;07KE;28;28;27;27;27;27;29;31;31;34;34;36;36;33;39
BAO;30240;03UL;29;24;24;26;23;24;22;26;22;21;26;24;21;18;19
BAO;30240;06MF;26;25;25;28;27;27;27;27;23;24;28;26;26;25;27
BAO;30240;06OF;16;13;13;15;15;16;18;19;22;18;23;23;22;22;21
BAO;30240;07UU;31;27;24;25;25;23;23;27;26;23;28;26;28;25;25
BAO;30240;08LC;37;34;32;36;38;38;42;41;39;35;46;50;45;43;48
BAO;30240;10FM;28;28;27;29;34;32;33;35;35;34;40;48;60;57;51
BAO;30240;10IU;22;23;29;30;25;26;24;27;26;22;24;24;22;21;19
BAO;30240;18MK;70;67;63;61;55;54;53;54;45;37;33;32;30;28;23
BAO;30240;25KH;56;49;46;45;42;41;38;38;40;39;43;45;42;42;38
BAO;30240;27JN;48;46;46;49;50;50;46;41;42;40;42;40;39;36;38
BAO;30240;30AZ;6;10;10;12;16;19;22;26;30;30;35;51;41;37;27
BAO;30263;21NL;14;14;15;16;20;18;19;17;18;17;17;16;16;18;18
BAO;30320;08NU;21;21;19;19;17;17;16;15;16;16;15;16;19;19;17
BAO;30330;04LR;9;9;10;9;10;9;9;10;10;11;10;13;12;12;11
BAO;30582;04JR;20;20;19;19;19;19;20;17;19;17;18;17;18;19;18
BAO;30582;04RH;20;24;23;26;27;25;28;31;36;33;33;36;38;35;38
BAO;30582;07IH;41;27;24;26;24;24;21;22;22;24;27;34;32;31;31
BAO;30582;07MK;31;28;26;26;22;21;22;26;28;25;27;27;33;31;29
BAO;30582;08WC;28;31;29;29;29;30;27;27;27;28;32;34;37;32;27
BAO;30582;09SW;32;29;32;27;28;25;31;30;27;30;31;36;36;36;33
BAO;30582;11CP;29;26;25;25;24;25;25;27;25;24;26;29;27;25;23
BAO;30582;12AU;30;31;28;28;30;30;32;35;39;35;40;47;42;40;41
BAO;30582;12KB;27;27;26;26;28;29;29;29;31;34;35;37;33;22;23
BAO;30582;29XY;12;17;20;15;20;22;23;20;19;20;24;23;27;25;23
BAO;30673;08BH;25;25;25;25;24;28;27;27;26;23;23;26;27;25;28
BAO;30673;09CZ;30;31;30;26;25;24;25;28;26;28;30;34;35;38;39
BAO;30700;22LT;13;12;11;12;10;9;12;12;11;14;13;16;14;17;19
BAO;30701;22LZ;20;18;18;17;18;19;17;18;20;16;18;19;18;17;18
BAO;30709;22MH;51;47;45;41;38;43;41;40;40;39;44;43;33;34;27
BAO;30709;23FD;42;40;34;39;39;37;36;38;38;39;40;40;28;31;34
BAO;30709;23UP;24;21;22;19;20;21;16;16;14;17;17;14;13;15;15
BAO;30709;28BF;8;8;7;7;7;6;7;8;7;8;9;10;8;9;7
BAO;30715;22MP;34;38;32;37;41;45;48;53;55;52;57;58;44;45;44
BAO;30725;22NM;25;29;30;24;23;23;27;32;30;30;28;34;35;36;30
BAO;30725;30WY;0;0;0;8;12;10;13;17;17;17;13;7;7;13;9
BAO;30725;31LL;0;0;0;0;0;0;0;0;*;9;12;10;7;0;0
BAO;30725;32GU;0;0;0;0;0;0;0;0;0;0;0;0;0;0;*
BAO;30731;22NT;26;26;28;27;29;31;33;38;41;42;37;46;55;57;52
BAO;30731;23GW;49;54;56;68;80;67;73;32;35;41;43;46;53;51;57
BAO;30731;27YJ;21;30;33;36;43;46;46;47;53;49;52;50;48;50;52
BAO;30731;31CJ;0;0;0;0;0;35;33;36;41;40;38;42;41;45;41
BAO;30731;31JX;0;0;0;0;0;0;0;48;48;58;59;64;65;68;68
BAO;30731;31PR;0;0;0;0;0;0;0;0;0;14;19;28;35;35;34
BAO;30731;32AX;0;0;0;0;0;0;0;0;0;0;0;0;11;19;27
BAO;30731;32GP;0;0;0;0;0;0;0;0;0;0;0;0;0;0;14
BAO;30731;32GT;0;0;0;0;0;0;0;0;0;0;0;0;0;0;16
BAO;30781;30KB;*;0;0;0;0;0;0;0;0;0;0;0;0;0;0
BAO;30824;04LX;26;27;27;27;27;29;27;29;28;28;28;27;25;28;29
BAO;30835;23EC;28;27;28;32;31;34;36;38;40;39;42;41;42;45;43
BAO;30849;23EN;23;20;19;18;19;19;20;19;19;19;22;23;22;25;24
BAO;30883;23HR;87;79;38;43;48;52;58;67;74;67;71;71;69;46;46
BAO;30883;30UE;0;0;24;22;24;28;35;36;42;43;44;40;37;18;23
BAO;30883;30UF;0;0;22;28;32;35;37;42;43;40;43;42;41;31;33
BAO;30967;04MA;11;12;9;10;11;10;11;11;12;13;13;13;11;13;12
BAO;31017;03JP;44;39;36;36;35;37;33;33;37;32;37;33;29;34;38
BAO;31017;03KI;15;14;14;11;10;11;11;13;12;12;16;18;21;19;20
BAO;31017;03NE;30;27;25;25;26;27;28;30;32;31;34;34;33;34;35
BAO;31017;03PL;9;7;8;8;7;8;9;8;9;9;9;10;10;10;9
BAO;31017;06GH;16;13;14;12;15;16;18;21;22;24;27;25;23;29;31
BAO;31017;06IS;48;50;45;44;47;48;44;46;49;56;57;52;43;49;50
BAO;31017;06JQ;18;19;19;19;19;20;20;23;20;20;18;16;14;15;13
BAO;31017;06WV;19;18;16;16;14;14;16;17;14;15;17;17;15;16;18
BAO;31017;07BR;30;32;30;30;31;31;31;31;33;29;34;27;26;28;29
BAO;31017;08KF;13;14;12;12;12;13;13;12;13;16;15;14;12;13;12
BAO;31017;08KI;19;18;21;22;20;20;19;21;22;23;24;23;21;20;20
BAO;31017;11MS;37;37;34;34;27;27;26;28;29;27;29;29;31;28;31
BAO;31017;12PU;14;12;11;11;12;11;12;13;11;15;15;14;14;14;12
BAO;31017;12XF;59;67;49;47;48;50;45;45;48;46;48;50;43;52;52
BAO;31019;05WR;23;21;23;22;21;20;19;19;20;20;15;19;25;24;23
BAO;31075;08AM;43;42;41;42;40;40;37;37;34;44;42;35;0;0;0
BAO;31076;23RT;12;11;10;11;10;14;15;17;23;25;25;29;33;33;34
BAO;31076;23UW;34;29;25;25;26;23;22;25;23;26;25;27;29;31;34
BAO;31076;24EY;20;17;17;17;25;27;34;35;39;42;34;35;34;31;31
BAO;31076;24FE;24;21;19;20;18;16;18;22;26;28;28;31;32;35;37
BAO;31076;24FK;18;18;13;13;16;15;16;20;22;29;30;33;36;32;35
BAO;31076;24TL;12;13;11;10;11;11;12;13;14;17;16;14;15;14;17
BAO;31076;24ZE;18;13;13;13;14;14;14;16;20;19;20;20;19;16;19
BAO;31076;29UC;21;20;18;17;18;16;15;16;18;22;22;23;26;27;27
BAO;31076;30JV;11;10;7;14;18;22;23;19;21;26;26;24;24;23;24
BAO;31076;31VT;0;0;0;0;0;0;0;0;0;0;0;9;11;15;20
BAO;31077;03LQ;40;42;44;44;48;47;58;60;55;57;59;65;61;58;61
BAO;31077;23UX;22;21;23;22;20;19;19;20;18;17;21;20;18;19;19
BAO;31080;23UY;28;30;32;36;42;38;45;45;46;59;61;62;55;45;51
BAO;31080;29UG;32;34;35;41;47;49;55;55;55;59;64;67;60;66;66
BAO;31080;31WB;0;0;0;0;0;0;0;0;0;0;0;10;15;24;32
BAO;31080;32AP;0;0;0;0;0;0;0;0;0;0;0;0;9;16;21
BAO;31080;32EP;0;0;0;0;0;0;0;0;0;0;0;0;0;6;16
BAO;31080;32EV;0;0;0;0;0;0;0;0;0;0;0;0;0;10;17
BAO;31088;23VF;29;28;28;26;27;22;20;20;20;21;21;23;23;25;26
BAO;31118;23VH;34;31;31;28;32;32;32;33;33;35;33;30;32;31;34
BAO;31118;27YG;35;39;44;43;46;45;43;41;48;48;47;48;50;53;46
BAO;31118;32HR;0;0;0;0;0;0;0;0;0;0;0;0;0;0;6
BAO;31162;04MF;21;22;22;22;22;20;21;23;27;26;25;22;24;23;23
BAO;31189;03LN;31;31;34;40;39;38;36;41;42;49;46;54;52;56;55
BAO;31189;24DW;33;32;35;38;40;41;42;49;56;54;55;57;58;60;61
BAO;31204;23XP;23;21;21;22;21;19;19;21;23;26;32;33;29;35;35
BAO;31227;04MG;26;25;25;25;26;25;24;26;26;27;27;31;29;29;27
BAO;31237;04SW;18;17;17;16;19;20;22;20;21;0;23;20;18;18;18
BAO;31237;05GR;21;22;21;19;20;21;22;25;25;0;24;23;25;22;24
BAO;31237;05IU;33;29;31;31;30;32;27;31;23;0;24;24;24;23;22
BAO;31237;06MA;45;44;43;41;39;45;39;37;35;0;30;25;22;23;21
BAO;31237;06YT;11;10;12;10;14;12;12;14;16;0;18;18;15;17;17
BAO;31237;07VM;23;23;23;22;23;27;24;22;23;0;23;25;24;23;24
BAO;31237;08WH;21;20;20;21;22;21;22;19;18;0;19;19;14;15;15
BAO;31237;11XK;25;26;30;29;31;34;36;41;43;0;49;55;47;46;52
BAO;31237;12GU;19;18;14;14;12;16;14;15;19;0;21;21;23;23;23
BAO;31237;17JX;37;33;30;25;26;19;17;20;21;0;20;31;29;29;24
BAO;31237;23PR;31;30;30;29;29;29;29;28;26;0;26;25;20;18;18
BAO;31280;14ZD;36;35;35;36;40;38;33;35;37;38;38;44;45;44;47
BAO;31384;03PJ;15;19;24;14;12;11;11;11;11;12;13;12;12;12;13
BAO;31384;03YL;24;24;24;18;19;18;19;19;21;21;20;20;21;21;21
BAO;31384;04FV;10;12;10;6;6;6;6;5;7;7;6;7;9;8;9
BAO;31384;05DD;20;20;19;15;14;11;10;11;11;10;12;13;14;13;12
BAO;31384;05EH;17;11;11;10;7;7;8;6;9;9;9;9;12;15;15
BAO;31384;05FG;12;12;13;11;10;9;8;9;13;11;11;11;9;10;9
BAO;31384;05GE;26;26;25;29;22;21;18;18;17;16;17;19;16;14;13
BAO;31384;06HG;22;27;25;21;20;18;19;17;15;15;13;13;12;12;13
BAO;31384;06LQ;22;26;23;19;19;19;17;18;20;17;18;18;20;19;18
BAO;31384;06VU;18;20;18;14;14;15;14;16;16;13;12;11;9;10;7
BAO;31384;06WO;13;13;14;12;12;10;9;11;12;11;11;11;11;12;11
BAO;31384;07KX;55;59;47;36;37;34;32;32;32;28;31;30;29;28;26
BAO;31384;07VX;14;13;17;13;14;15;13;13;15;17;17;16;18;23;22
BAO;31384;08QX;13;18;17;14;12;8;7;8;9;9;9;9;14;13;14
BAO;31384;09QJ;25;20;19;14;16;12;13;12;12;11;10;11;11;11;11
BAO;31384;09XP;13;15;15;12;13;13;12;11;12;12;12;10;11;10;13
BAO;31384;10GZ;23;25;26;23;22;23;21;21;27;29;28;34;34;38;39
BAO;31384;10PZ;18;17;17;18;17;16;16;17;16;16;17;15;14;14;15
BAO;31384;11MI;28;30;30;22;21;23;19;20;18;16;18;19;18;19;20
BAO;31384;11XQ;11;12;15;10;10;8;8;8;10;12;14;17;20;19;19
BAO;31384;12GZ;39;35;35;30;29;30;27;25;21;20;21;20;23;20;25
BAO;31384;15CV;50;53;47;38;39;38;36;38;37;35;35;36;44;45;48
BAO;31384;15DM;37;38;39;29;28;28;27;28;29;23;28;24;25;25;24
BAO;31384;15DT;22;24;22;18;17;16;14;14;13;9;9;11;10;11;10
BAO;31384;18FA;18;14;20;25;26;21;16;16;14;13;14;11;12;15;14
BAO;31384;18HK;30;27;27;23;22;20;23;25;25;23;26;24;24;22;26
BAO;31552;04MN;20;22;20;18;18;18;18;19;21;20;20;18;20;23;23
BAO;31657;06HI;60;41;38;58;65;35;35;34;29;29;28;29;29;29;28
BAO;31657;06OM;30;29;28;31;29;30;30;34;33;32;33;38;38;42;38
BAO;31657;07BH;31;31;30;30;32;31;32;30;29;27;33;34;30;32;39
BAO;31657;07UX;36;33;34;34;37;31;35;35;32;33;42;37;37;40;39
BAO;31657;08KV;17;17;18;17;14;13;11;11;11;16;19;20;16;20;21
BAO;31657;09AC;20;20;19;19;20;18;18;19;20;20;21;22;22;20;20
BAO;31657;11DE;21;21;23;22;22;19;22;22;22;24;26;29;26;29;25
BAO;31657;11EL;71;75;68;67;55;45;44;40;35;35;40;37;39;41;38
BAO;31657;11PS;21;23;25;26;27;24;26;27;24;22;26;33;33;34;31
BAO;31657;29XL;20;23;25;27;28;26;29;30;33;34;34;37;37;41;37
BAO;31890;07KB;14;17;18;19;21;19;22;20;23;21;21;20;18;20;21
BAO;32060;03NN;37;34;32;30;28;27;29;28;25;25;23;24;25;26;25
BAO;32060;04WJ;21;22;20;19;21;19;23;22;23;23;25;29;26;27;25
BAO;32060;06HO;32;35;34;34;33;32;31;35;35;33;32;29;33;34;35
BAO;32060;06IK;40;42;44;43;40;46;44;42;41;41;39;41;40;39;35
BAO;32060;08LA;11;11;10;9;10;9;7;11;12;8;9;7;9;10;9
BAO;32060;08RU;26;26;23;26;27;27;27;30;30;32;33;33;35;33;33
BAO;32060;09AJ;10;11;10;11;12;13;11;13;12;14;16;14;17;14;13
BAO;32072;07KD;39;40;46;45;48;46;50;56;60;65;70;74;73;74;79
BAO;32073;03WU;11;12;8;9;9;9;9;11;10;10;9;8;0;10;11
BAO;32073;04LY;9;8;8;7;7;8;10;13;13;12;12;12;0;14;15
BAO;32073;04TG;31;8;8;8;9;36;33;32;37;49;7;7;0;9;9
BAO;32073;05NQ;18;17;18;20;19;22;33;46;25;25;23;24;0;23;22
BAO;32073;05OC;10;10;9;10;6;11;16;7;8;9;10;12;0;13;13
BAO;32073;05RC;26;25;24;24;25;23;25;28;28;27;65;60;0;29;24
BAO;32073;05TN;8;6;8;8;13;16;10;13;8;9;7;8;0;6;8
BAO;32073;05TS;21;19;22;19;19;11;9;14;10;10;10;12;0;11;11
BAO;32073;06HP;13;10;14;13;13;16;17;21;20;18;15;14;0;16;15
BAO;32073;06HZ;17;13;13;13;11;12;12;15;15;17;14;15;0;15;13
BAO;32073;06LV;8;8;11;8;8;8;10;9;9;11;7;7;0;9;9
BAO;32073;07AU;19;18;19;19;20;19;21;19;18;15;13;11;0;11;10
BAO;32073;07NN;11;11;8;10;11;11;14;19;21;22;22;22;0;22;20
BAO;32073;08PP;25;27;30;29;28;27;28;29;29;26;25;24;0;24;22
BAO;32073;09KO;17;14;15;17;16;19;20;24;22;21;18;21;0;23;22
BAO;32073;09QP;13;10;14;13;13;14;13;14;10;10;9;10;0;10;10
BAO;32073;10IL;10;11;10;9;6;5;9;12;14;11;13;16;0;16;18
BAO;32073;10KN;27;27;30;29;28;27;26;30;29;30;29;28;0;28;27
BAO;32073;10YQ;10;10;11;9;9;8;12;13;15;12;9;11;0;15;14
BAO;32073;11KN;23;24;27;22;23;22;27;27;29;25;26;41;0;40;46
BAO;32073;11VZ;22;24;23;27;26;29;31;30;32;31;31;32;0;24;22
BAO;32073;12OR;38;37;36;39;42;47;42;44;40;34;36;34;0;30;28
BAO;32073;14ZS;9;10;9;9;7;8;11;16;15;16;14;12;0;10;10
BAO;32073;21LS;42;37;35;37;38;36;37;37;39;36;36;34;0;35;36
BAO;32073;21QU;21;23;22;20;19;18;19;22;25;22;21;20;0;21;23
BAO;32073;27BM;38;31;32;32;37;32;30;30;29;28;23;24;0;30;28
BAO;32073;27WZ;32;31;35;35;35;39;40;43;46;46;56;52;0;45;44
BAO;32073;31LD;0;0;0;0;0;0;0;0;23;22;21;23;0;25;20
BAO;32099;03LX;51;51;50;49;52;55;55;60;57;60;69;60;55;56;54
BAO;32099;04IM;48;52;49;48;48;47;51;59;59;63;72;74;65;69;63
BAO;32099;27CT;57;59;55;61;58;53;49;45;38;32;28;25;20;25;20
BAO;32099;27YH;77;81;91;93;94;95;110;97;92;95;91;93;56;55;54
BAO;32099;31WL;0;0;0;0;0;0;0;0;0;0;0;0;36;42;39
BAO;32177;04VY;21;17;16;15;15;14;12;12;13;14;16;16;19;17;18
BAO;32177;05YW;15;14;15;15;16;15;14;12;13;12;12;13;13;13;14
BAO;32177;10ZO;29;29;24;23;24;22;20;20;21;21;21;22;24;25;23
BAO;32177;11WB;29;26;25;23;21;21;22;22;19;16;17;17;18;14;14
BAO;32177;12OS;19;18;16;16;16;15;16;15;14;13;15;16;13;14;12
BAO;32177;12WJ;25;26;22;22;23;23;24;25;26;24;24;22;21;24;24
BAO;32177;13CF;21;22;20;20;22;20;20;21;19;18;16;15;16;19;18
BAO;32177;13HQ;17;16;15;14;13;13;16;13;13;13;12;13;13;17;16
BAO;32177;13MT;28;23;21;20;17;19;19;20;21;22;22;22;22;19;20
BAO;32177;22JY;37;37;35;31;30;26;22;26;28;28;30;28;29;27;27
BAO;32177;24BP;40;38;34;34;35;35;32;33;31;31;34;34;34;34;33
BAO;32177;29XB;*;*;9;8;11;15;17;19;22;22;23;24;26;26;27
BAO;32203;03LY;74;77;78;76;78;77;77;73;68;67;68;65;63;58;59
BAO;32515;06HT;28;28;26;25;23;23;22;23;19;23;23;24;22;20;18
BAO;32580;04LM;10;9;10;10;9;10;11;9;5;6;6;8;9;9;8
BAO;32580;04SB;16;14;14;15;13;13;13;15;13;11;15;15;13;20;18
BAO;32580;06RW;28;26;28;30;29;25;27;27;26;27;29;32;28;30;33
BAO;32580;09KQ;26;24;27;22;20;18;18;14;15;14;17;15;13;19;18
BAO;32580;10NY;26;21;22;19;17;14;12;11;11;11;13;12;13;17;17
BAO;32580;10WW;39;35;38;34;36;35;34;33;30;33;39;40;38;39;41
BAO;32580;11KO;12;12;11;12;10;9;9;8;6;6;10;9;10;12;11
BAO;32580;11PT;38;39;40;44;42;39;38;34;31;30;36;32;28;29;25
BAO;32580;11WC;11;10;10;10;10;10;10;10;9;8;10;11;11;12;11
BAO;32580;12AQ;20;19;19;20;20;15;13;13;12;11;15;13;12;14;15
BAO;32580;12FR;17;16;14;13;13;11;10;10;9;9;11;12;10;11;14
BAO;32580;12OT;32;27;30;29;35;31;31;29;26;22;22;24;23;26;26
BAO;32631;03ST;34;32;32;36;33;37;37;34;33;31;36;36;33;33;33
BAO;32631;04QG;46;45;46;48;47;49;51;61;69;74;74;79;76;73;75
BAO;32631;04TC;13;12;11;11;12;12;9;11;12;10;8;8;8;10;11
BAO;32631;06LJ;38;35;37;37;36;36;39;38;38;41;43;45;43;44;50
BAO;32631;07CT;12;12;12;12;12;12;13;11;11;10;12;18;20;19;18
BAO;32631;07KI;11;13;12;12;14;12;14;15;14;13;14;17;16;15;15
BAO;32813;07KL;19;17;17;19;22;21;18;19;21;21;22;26;22;24;24
BAO;33151;04NP;16;16;16;17;17;17;17;17;18;19;23;20;19;18;20
BAO;33268;07KN;23;23;22;21;20;20;21;22;24;23;24;25;26;22;21
BAO;33424;04NR;9;9;9;7;7;6;6;7;6;6;8;9;9;8;6
BAO;33645;07KR;16;14;16;18;18;24;26;29;30;35;35;37;36;33;31
BAO;33853;07KT;12;11;11;11;11;11;11;12;14;15;15;13;14;14;15
BAO;33957;04NW;13;13;15;16;14;15;14;15;17;14;17;16;14;15;15
BAO;34139;03OA;10;9;9;9;11;10;10;11;8;11;10;10;10;0;0
BAO;34139;07KV;37;37;39;42;43;45;47;53;54;57;58;60;60;50;58
BAO;34230;16VH;37;37;38;39;36;36;37;38;37;37;38;41;38;38;40
BAO;34893;04OL;18;17;18;17;19;18;17;19;18;16;17;18;19;19;20
BAO;34919;04OM;51;47;49;50;50;55;56;60;58;54;60;62;56;55;55
BAO;34932;04ON;75;66;75;71;70;69;71;70;80;82;92;95;97;52;49
BAO;34932;32DU;0;0;0;0;0;0;0;0;0;0;0;0;0;47;50
BAO;35218;04OS;19;21;19;18;18;18;18;17;16;19;16;17;20;20;19
BAO;35297;03MF;32;29;30;29;30;30;32;33;30;28;28;31;33;29;32
BAO;35466;07ZG;19;18;19;19;19;23;20;16;15;14;14;18;15;14;14
BAO;35466;08LE;52;54;54;57;60;63;62;66;64;68;62;63;60;60;64
BAO;35466;09KS;19;18;19;19;20;20;21;22;21;20;17;20;21;20;21
BAO;35466;09OD;18;18;20;21;20;19;20;24;25;24;25;23;24;22;23
BAO;35466;10FU;15;16;15;18;18;17;17;22;24;26;27;23;24;25;26
BAO;35466;10YH;10;8;8;9;10;10;8;8;8;9;9;12;12;12;13
BAO;35466;11KQ;37;34;34;35;35;34;31;34;31;35;37;38;36;35;34
BAO;35466;11LV;12;12;16;9;0;0;0;0;0;0;0;0;0;0;0
BAO;35504;07LD;27;27;27;25;27;24;30;28;29;29;27;25;23;24;22
BAO;36063;04PF;8;9;10;8;8;8;10;9;10;10;10;9;12;13;12
BAO;36336;07LK;9;10;10;10;10;13;10;11;12;12;12;13;16;16;16
BAO;36479;04PK;34;35;35;36;37;42;45;45;44;46;46;47;40;46;39
BAO;36479;07LN;30;26;24;25;25;24;28;30;33;34;37;33;35;34;36
BAO;36479;08VP;42;39;39;37;39;38;38;40;43;45;47;45;40;41;42
BAO;36739;04PN;21;23;23;23;23;21;23;22;23;22;25;24;25;20;20
BAO;36778;04PQ;17;15;14;14;13;11;12;14;14;15;15;16;16;15;15
BAO;36817;04PR;20;20;20;20;17;19;18;18;18;17;18;20;21;21;20
BAO;36831;03ML;28;30;26;26;26;25;25;28;29;31;35;38;39;38;40
BAO;37038;04PV;24;19;21;23;20;21;22;23;22;24;24;25;25;23;21
BAO;37233;15GR;24;24;23;24;24;23;24;22;23;24;22;26;0;0;23
BAO;37428;07LW;47;48;51;50;53;55;44;44;38;34;36;35;37;35;40
BAO;37545;04QC;43;41;41;39;40;43;43;44;43;42;43;43;37;41;43
BAO;37663;03IZ;23;20;22;20;20;22;22;21;20;19;19;16;16;17;16
BAO;37663;03MQ;17;14;12;11;12;12;12;13;17;16;15;15;14;15;16
BAO;37663;03NF;18;18;17;17;18;19;20;21;20;19;22;18;18;16;15
BAO;37663;03YC;18;17;17;16;15;17;16;16;16;15;17;15;12;13;12
BAO;37663;04VJ;12;13;14;14;14;15;13;13;13;13;14;13;12;12;12
BAO;37663;05FX;34;30;28;25;21;19;19;21;21;21;22;21;20;19;19
BAO;37663;05IA;25;27;24;25;26;27;25;23;23;24;24;24;22;21;21
BAO;37663;06IP;15;15;15;16;24;25;26;30;26;29;28;9;9;9;11
BAO;37663;06ZR;13;13;12;12;12;12;10;11;10;12;11;13;11;10;11
BAO;37663;07FI;28;27;25;27;31;32;30;31;29;27;32;29;26;25;25
BAO;37663;07VD;15;14;13;12;16;16;16;16;14;17;17;13;13;14;15
BAO;37663;08LM;26;25;24;22;24;23;21;21;22;19;22;25;26;27;25
BAO;37663;08RA;19;19;16;15;16;17;16;17;15;17;16;16;15;14;15
BAO;37663;09AI;9;8;8;7;8;10;9;9;8;10;11;11;11;9;11
BAO;37857;04QI;27;28;29;30;32;34;36;39;41;44;45;50;51;54;55
BAO;37949;08WM;20;19;11;13;13;13;11;13;11;12;12;0;0;28;29
BAO;37949;09UK;24;23;33;32;30;34;35;40;44;46;53;60;59;34;31
BAO;37949;10IJ;17;18;20;20;19;19;23;26;27;30;35;35;34;37;37
BAO;37949;10NL;27;25;25;23;29;23;27;24;28;27;30;32;31;35;31
BAO;37949;11MP;26;23;23;27;26;23;22;25;31;32;33;31;30;32;30
BAO;37949;19RG;19;19;19;20;18;20;19;17;19;18;23;28;20;24;24
BAO;37949;19SZ;49;43;43;42;36;36;35;37;33;33;31;35;34;31;30
BAO;37949;19UC;39;39;38;39;39;44;44;48;50;51;54;51;46;45;47
BAO;37949;19UU;25;26;26;27;25;27;24;24;30;30;32;32;33;30;31
BAO;37949;26AG;77;75;84;82;84;87;80;92;92;103;96;90;85;74;72
BAO;37949;28AV;34;33;33;33;29;30;32;33;32;34;36;37;36;40;38
BAO;38001;04SN;8;9;10;10;9;11;8;10;10;10;9;9;8;9;8
BAO;38001;06YE;27;29;28;28;35;38;51;63;65;72;64;59;61;59;62
BAO;38001;06YV;11;9;9;8;8;10;8;9;10;10;9;8;9;8;8
BAO;38001;07EJ;18;18;17;18;17;14;14;14;13;13;9;8;10;10;11
BAO;38001;10UG;29;27;22;24;28;26;26;33;32;33;32;31;34;34;35
BAO;38001;11KV;17;19;14;15;*;0;0;0;0;0;0;0;0;0;0
BAO;38001;12FX;35;29;26;24;22;22;22;23;23;24;20;22;22;20;25
BAO;38001;12OY;16;15;15;14;30;26;30;37;39;31;25;23;24;25;21
BAO;38001;12WN;14;19;14;13;14;16;15;15;16;15;12;9;11;11;10
BAO;38001;13CJ;42;43;40;38;36;36;31;28;29;27;25;25;25;29;28
BAO;38001;13HT;9;6;8;8;9;8;8;9;9;9;7;7;7;7;8
BAO;38001;15CA;13;11;12;11;10;9;9;9;10;11;9;7;8;6;6
BAO;38001;23CZ;52;51;48;45;44;44;43;39;40;40;31;33;31;29;29
BAO;38001;24BN;62;63;59;58;58;59;55;65;76;78;67;66;71;70;67
BAO;38001;32CL;0;0;0;0;0;0;0;0;0;0;0;0;*;5;*
BAO;38169;04QP;34;32;33;33;33;31;34;34;37;37;41;43;43;41;39
BAO;38222;06IW;18;15;18;18;16;16;18;19;22;21;20;17;16;14;16
BAO;38235;14ZK;14;13;12;13;14;13;13;10;10;12;14;14;17;15;15
BAO;38351;04QR;24;23;22;21;21;22;21;22;25;23;26;26;27;26;26
BAO;38650;07MF;32;32;31;31;30;32;32;33;34;33;31;29;28;29;30
BAO;38819;08VW;14;13;17;16;18;18;15;18;17;22;24;23;23;25;23
BAO;38819;09TY;19;19;21;20;22;24;19;22;25;29;28;26;32;28;28
BAO;38910;09TZ;48;41;43;48;46;52;51;55;54;49;49;49;49;47;45
BAO;38910;10NC;23;23;21;24;24;24;27;31;30;30;33;32;29;31;30
BAO;39275;03OJ;50;51;55;57;57;58;60;61;64;61;62;63;60;59;62
BAO;39859;04RT;23;22;22;22;20;22;23;23;25;27;23;25;25;25;27
BAO;39912;03OU;26;26;27;29;29;28;28;34;34;30;30;32;36;32;29
BAO;40020;05FP;16;15;16;17;14;15;14;18;36;38;40;47;67;64;50
BAO;40020;07IX;46;49;48;48;47;46;50;54;57;57;62;55;58;56;61
BAO;40020;09OV;17;17;18;18;18;18;17;19;22;20;21;21;23;22;23
BAO;40020;10FO;24;24;23;22;23;24;21;25;23;26;25;23;27;27;30
BAO;40020;10KB;29;30;29;26;21;22;20;22;17;19;21;12;20;16;19
BAO;40020;10WT;24;24;25;27;24;27;28;33;39;39;38;39;40;45;38
BAO;40020;12XL;45;46;49;51;17;18;19;21;20;21;20;20;21;25;28
BAO;40020;13DK;35;33;35;36;36;38;38;42;45;43;42;35;44;41;42
BAO;40020;23TW;54;53;52;53;53;52;59;64;65;69;67;61;67;68;65
BAO;40020;24BD;35;36;34;35;36;37;39;46;48;49;52;51;53;55;52
BAO;40020;31AW;0;0;0;0;36;36;38;41;42;42;42;41;43;42;43
BAO;40077;24DH;10;11;11;12;11;13;14;14;13;16;16;19;15;0;24
BAO;40077;24EJ;48;46;46;54;61;75;88;83;94;93;104;114;111;0;122
BAO;40077;28BL;18;14;17;23;20;22;23;25;27;22;20;21;23;0;22
BAO;40077;32GX;0;0;0;0;0;0;0;0;0;0;0;0;0;0;8
BAO;40114;12PM;15;15;16;15;19;17;16;15;0;13;14;17;20;20;18
BAO;40114;12XA;13;12;12;13;12;14;13;13;0;15;16;17;23;24;22
BAO;40114;13CW;13;12;11;10;12;13;14;13;0;15;13;12;9;10;11
BAO;40114;13IF;12;14;13;14;15;15;13;12;0;12;16;16;16;17;17
BAO;40114;13IU;9;9;11;9;14;15;17;19;15;14;15;16;14;*;17
BAO;40114;13NH;22;24;25;26;25;27;27;32;0;36;41;41;45;42;43
BAO;40114;23EV;24;20;19;20;19;19;17;21;0;24;21;19;19;19;18
BAO;40114;23ZV;16;15;15;16;14;15;14;16;0;16;19;18;19;19;18
BAO;40114;23ZW;31;32;32;30;30;32;37;36;0;38;36;39;38;41;30
BAO;40114;25KT;35;33;33;31;30;29;30;32;0;27;28;31;30;30;29
BAO;40114;26AC;75;69;66;62;54;56;53;54;0;49;52;51;52;50;50
BAO;40114;26AD;45;45;48;51;46;47;48;43;0;40;40;37;38;38;39
BAO;40114;27AA;37;36;36;33;29;29;25;25;0;25;22;23;22;22;16
BAO;40114;27XH;21;18;21;21;22;22;21;22;0;22;23;22;22;23;19
BAO;40114;27XJ;56;53;66;67;72;81;83;89;0;91;90;89;83;63;66
BAO;40114;29XC;6;5;8;9;9;9;9;9;0;11;16;16;17;24;24
BAO;40114;30PE;0;*;6;8;16;21;26;29;0;35;39;35;33;29;31
BAO;40114;31LN;0;0;0;0;0;0;0;0;0;14;17;22;22;25;28
BAO;40114;31UY;0;0;0;0;0;0;0;0;0;0;0;8;12;17;19
BAO;40144;16EA;23;23;24;24;26;20;21;21;22;22;23;25;24;26;29
BAO;40189;24ZK;35;32;28;32;30;29;31;33;37;27;22;22;21;24;24
BAO;40207;22LJ;22;24;24;22;23;22;23;23;23;25;24;24;24;23;22
BAO;40257;01VQ;36;35;33;34;36;39;42;47;46;47;41;41;41;41;39
BAO;40257;05DT;23;21;20;22;18;20;22;25;26;29;31;30;32;35;35
BAO;40257;05DU;26;22;23;24;25;23;28;27;31;29;34;31;31;30;25
BAO;40257;05FK;37;35;35;35;35;37;38;42;43;41;47;52;48;47;38
BAO;40257;07SO;17;15;12;14;17;17;17;19;29;29;31;38;39;42;31
BAO;40257;12QI;45;42;44;45;50;48;47;45;45;50;55;66;71;71;68
BAO;40257;12XO;34;32;29;30;30;29;32;35;39;39;42;46;44;54;52
BAO;40257;23TJ;37;37;33;29;27;23;21;20;19;17;22;19;22;22;25
BAO;40269;24PB;36;33;32;26;24;30;26;37;40;40;31;31;29;29;33
BAO;40272;23GV;47;47;53;60;72;87;90;104;106;35;35;31;28;27;32
BAO;40272;31DE;0;0;0;0;0;20;27;32;37;36;31;38;36;39;39
BAO;40272;31PG;0;0;0;0;0;0;0;0;0;64;71;79;73;79;92
BAO;40272;31PH;0;0;0;0;0;0;0;0;0;7;9;15;17;25;31
BAO;40272;31VP;0;0;0;0;0;0;0;0;0;0;0;5;10;11;18
BAO;40278;03WF;11;10;9;9;10;13;12;12;12;12;12;10;11;11;10
BAO;40278;04TF;23;22;22;20;23;24;21;24;20;20;16;19;28;30;18
BAO;40278;06FT;26;18;20;17;18;20;20;22;21;22;24;28;29;30;32
BAO;40278;06MJ;37;33;33;30;31;30;30;27;24;29;23;23;20;17;18
BAO;40278;07DH;10;10;9;9;9;8;6;6;8;6;8;8;10;10;11
BAO;40278;08WK;40;36;33;29;31;28;28;27;26;27;28;35;32;34;35
BAO;40278;09IR;30;31;31;32;34;33;37;36;40;41;41;38;35;32;31
BAO;40278;10EG;13;12;11;11;15;15;17;19;22;25;26;24;27;27;27
BAO;40278;11JR;11;11;10;11;11;11;9;9;9;14;10;10;12;13;11
BAO;40278;15VG;15;10;9;7;8;7;0;0;0;0;0;0;0;0;0
BAO;40278;16BE;48;41;41;40;45;43;45;31;34;34;37;43;45;43;43
BAO;40278;16GU;26;24;24;23;27;25;27;27;28;27;29;28;29;30;28
BAO;40278;16IB;23;20;18;13;8;9;9;9;10;10;11;10;9;0;0
BAO;40278;21OY;24;22;23;22;29;26;25;26;24;25;19;22;21;19;18
BAO;40278;24NN;35;32;32;32;30;32;30;29;29;29;28;29;33;33;33
BAO;40278;24NP;30;28;29;26;24;26;28;27;30;32;37;31;31;29;31
BAO;40281;24PU;16;16;17;18;18;20;17;19;24;23;23;20;19;18;21
BAO;40284;24PX;20;19;20;19;19;19;21;21;20;23;24;25;26;26;28
BAO;40292;24RX;9;9;8;0;0;0;0;0;0;0;0;0;0;0;0
BAO;40294;24TB;43;44;53;48;48;49;47;46;43;43;45;42;43;47;56
BAO;40294;27MB;33;34;36;34;31;37;42;36;38;39;36;35;36;35;39
BAO;40301;07MQ;30;28;31;32;30;30;32;36;41;44;45;46;47;43;44
BAO;40307;24UE;17;16;16;16;13;12;13;14;0;21;22;20;25;31;34
BAO;40327;09UE;22;21;22;25;22;25;25;27;25;30;31;32;32;30;30
BAO;40329;23CB;12;12;10;13;10;11;17;18;18;19;19;24;21;22;23
BAO;40342;06NU;12;11;9;10;9;11;11;12;9;9;8;8;7;7;9
BAO;40342;06QJ;30;26;21;20;15;13;12;20;16;16;13;15;14;13;12
BAO;40342;06SG;18;18;19;17;16;13;18;20;12;11;12;12;9;12;14
BAO;40342;07JX;30;31;28;25;27;22;23;29;19;14;13;16;14;16;16
BAO;40342;15UV;26;26;24;26;25;26;24;25;24;17;20;19;17;19;19
BAO;40342;15XD;22;22;22;24;23;22;26;23;25;18;20;19;20;21;19
BAO;40342;15ZE;18;18;19;18;17;20;21;22;21;21;23;20;21;20;18
BAO;40342;16AY;22;22;20;21;19;19;19;17;16;17;14;12;13;17;17
BAO;40342;16DW;31;31;30;28;25;24;24;27;24;26;35;32;30;32;33
BAO;40342;16JI;21;21;17;18;15;16;17;19;14;13;16;16;14;16;15
BAO;40350;15FS;33;31;31;30;32;34;33;35;32;31;29;29;29;28;26
BAO;40355;22KJ;11;10;9;9;10;10;10;9;9;10;10;10;9;7;9
BAO;40363;15VF;33;32;29;30;31;33;32;33;32;30;32;31;30;29;30
BAO;40377;14YX;18;19;17;18;18;19;22;21;23;22;22;21;16;19;5
BAO;40377;15FE;24;26;19;22;21;21;20;22;24;22;23;27;23;21;21
BAO;40377;15LE;15;16;15;15;14;17;18;18;16;17;18;18;18;21;20
BAO;40377;15NR;57;68;55;53;46;40;43;39;40;35;46;37;42;39;66
BAO;40377;15PE;19;17;17;17;18;17;18;19;20;21;22;21;20;17;22
BAO;40377;15RM;18;18;18;18;17;17;21;18;17;18;16;16;16;15;0
BAO;40377;15UT;17;20;21;21;22;22;23;26;25;30;31;39;44;44;47
BAO;40377;15WH;17;11;11;11;11;11;13;14;14;18;20;21;23;22;21
BAO;40377;15XB;30;32;31;32;34;35;32;38;34;37;39;38;35;37;34
BAO;40377;15YJ;37;46;36;37;40;39;37;36;35;32;34;31;30;31;31
BAO;40377;15ZD;15;18;15;16;14;12;11;11;12;14;14;15;14;18;18
BAO;40377;16DI;23;31;24;24;16;18;19;21;20;17;23;23;27;24;25
BAO;40377;16IR;28;29;28;29;29;25;20;19;16;17;16;19;20;21;24
BAO;40377;16JW;20;19;21;21;18;20;19;21;21;19;20;21;18;19;20
BAO;40377;21OL;11;11;0;0;0;0;0;0;0;0;0;0;0;0;0
BAO;40377;22LY;28;37;30;31;29;28;27;32;29;31;37;33;32;35;38
BAO;40377;24CR;24;23;19;20;21;21;23;26;30;34;29;29;28;33;26
BAO;40377;24CT;28;29;24;23;22;22;21;25;20;19;18;17;17;18;18
BAO;40377;27MC;39;40;40;38;40;37;36;41;38;37;40;37;36;36;38
BAO;40377;27ME;56;55;70;70;70;72;71;85;84;79;85;87;83;88;91
BAO;40377;28DC;41;46;43;42;42;47;45;47;43;43;42;43;34;37;36
BAO;40378;05LL;24;25;24;26;26;29;0;32;35;38;42;42;41;39;36
BAO;40378;06JL;19;18;17;19;19;18;0;18;20;18;19;19;26;26;24
BAO;40378;09LZ;23;22;21;22;20;20;0;22;25;25;27;27;29;26;26
BAO;40378;13TN;18;17;17;17;17;17;0;16;17;19;18;20;20;22;18
BAO;40378;14DN;24;21;18;19;21;19;0;25;24;28;29;30;37;35;32
BAO;40378;15TO;30;31;29;26;24;24;0;22;21;23;24;28;29;27;22
BAO;40378;17OR;20;21;19;23;22;19;0;22;23;25;24;26;26;37;31
BAO;40378;17PG;21;23;22;23;20;20;0;17;17;19;23;22;22;25;25
BAO;40378;17PV;24;22;22;24;23;24;0;22;22;23;21;22;22;24;26
BAO;40378;17QL;41;41;41;39;40;40;0;39;38;39;40;40;45;46;46
BAO;40378;17RZ;25;22;21;21;20;21;0;25;28;31;29;33;38;35;34
BAO;40378;17SX;26;28;29;30;32;30;0;31;28;33;32;37;43;42;40
BAO;40378;17TG;21;21;20;19;20;19;0;21;23;25;28;28;32;32;29
BAO;40378;17TQ;24;25;22;23;22;21;0;23;22;23;22;23;26;29;27
BAO;40378;17UA;35;34;33;33;31;30;0;32;28;27;33;33;41;39;36
BAO;40378;17ZP;49;48;43;42;39;38;0;38;38;41;44;41;33;31;31
BAO;40378;17ZV;23;22;22;24;24;25;0;25;25;27;30;29;30;30;31
BAO;40378;18AB;32;29;28;26;23;21;0;19;19;21;22;23;28;29;28
BAO;40378;18AE;30;29;29;30;31;31;0;31;27;27;29;30;34;32;33
BAO;40378;18AQ;21;23;20;22;20;21;0;22;23;25;24;25;24;23;23
BAO;40378;18BK;39;39;37;36;33;31;0;29;29;28;28;30;31;34;29
BAO;40378;18BN;19;20;19;19;20;21;0;20;21;21;22;22;24;24;20
BAO;40378;18JX;36;41;37;40;42;42;0;44;43;44;50;52;51;52;51
BAO;40378;18OF;33;32;31;32;40;41;0;47;44;40;40;47;52;54;47
BAO;40378;19AS;22;22;20;22;23;22;0;22;23;26;25;28;28;23;22
BAO;40378;19BB;19;19;20;20;19;18;0;16;16;17;19;22;28;24;22
BAO;40378;19BJ;23;23;19;19;17;17;0;17;16;16;18;20;20;19;16
BAO;40378;19BQ;16;17;17;21;20;21;0;24;27;27;30;34;40;38;37
BAO;40378;20GP;27;28;21;20;17;17;0;15;15;15;16;17;21;18;18
BAO;40378;20GW;34;34;33;33;31;31;0;34;36;38;38;39;40;39;39
BAO;40378;24AC;88;84;72;67;62;57;0;55;54;46;55;56;61;61;61
BAO;40378;26PM;48;51;51;52;59;66;0;74;74;72;73;78;80;81;77
BAO;40389;24ZH;49;46;42;31;33;34;34;35;36;37;33;27;28;35;32
BAO;40389;27PC;20;20;20;20;21;22;22;27;27;30;34;35;35;40;34
BAO;40400;24MW;61;61;65;63;69;80;82;93;66;80;85;90;91;97;112
BAO;40400;27PR;30;34;35;34;36;37;37;41;48;58;60;62;68;68;75
BAO;40400;31LC;0;0;0;0;0;0;0;0;35;41;40;45;47;42;46
BAO;40419;06JP;67;68;61;66;68;69;71;78;79;82;88;98;88;78;79
BAO;40470;12RZ;26;26;32;32;32;30;29;30;30;31;30;31;32;31;33
BAO;40470;12YW;0;*;0;0;0;0;0;0;0;0;0;0;0;0;0
BAO;40470;13EU;*;*;0;0;0;0;0;0;0;0;0;0;0;0;0
BAO;40470;13WO;*;*;0;0;0;0;0;0;0;0;0;0;0;0;0
BAO;40508;04UG;28;28;27;27;36;30;32;30;31;29;33;50;49;49;46
BAO;40508;07LH;18;18;18;18;17;16;17;15;16;16;19;19;21;26;30
BAO;40508;07LT;34;31;32;33;34;33;34;33;36;35;35;33;33;34;34
BAO;40508;08VM;28;25;28;26;27;27;27;24;25;24;23;25;24;28;28
BAO;40508;10NN;49;48;41;37;34;35;39;46;44;53;60;37;39;38;42
BAO;40508;11CV;39;41;48;40;42;44;46;49;47;46;44;51;53;66;62
BAO;40508;11PL;44;42;43;43;47;48;49;53;58;58;62;58;59;68;63
BAO;40508;12PI;50;47;49;46;46;49;48;50;54;53;53;47;49;53;45
BAO;40508;13CU;20;20;19;20;22;24;25;24;27;22;22;24;25;26;24
BAO;40508;13ID;18;16;15;15;16;17;16;13;16;15;17;14;19;19;18
BAO;40517;03MO;16;15;14;15;11;10;11;12;11;12;13;15;14;14;14
BAO;40517;03MW;19;18;17;18;15;12;11;13;14;12;15;15;13;12;12
BAO;40517;03QC;10;8;8;10;9;9;9;10;10;12;8;11;11;10;10
BAO;40517;03QW;12;13;11;11;12;10;10;11;11;11;14;13;13;12;10
BAO;40517;03WG;11;10;12;14;9;7;8;8;11;11;12;12;10;10;8
BAO;40517;03XP;17;17;17;16;15;14;12;13;13;15;15;14;15;15;16
BAO;40517;04OA;16;15;16;15;16;16;16;17;18;19;19;23;24;23;18
BAO;40517;04RM;14;14;13;13;13;15;15;17;17;19;18;18;15;9;18
BAO;40517;04SY;31;31;31;31;32;30;31;35;33;36;33;35;35;33;33
BAO;40517;04ZF;10;12;11;12;12;12;13;14;16;17;22;20;23;22;22
BAO;40517;05KQ;24;19;17;18;19;16;13;13;13;13;18;28;34;34;35
BAO;40517;06HN;31;29;27;31;30;29;33;30;31;33;30;31;28;33;33
BAO;40517;06IH;27;25;25;22;24;22;22;22;25;27;27;22;23;24;21
BAO;40517;07BP;6;8;9;10;9;9;10;9;9;9;10;8;9;9;10
BAO;40517;07MX;43;40;42;39;36;34;29;31;32;32;35;36;29;38;38
BAO;40517;07TR;27;27;31;32;30;31;30;27;27;26;23;27;25;20;23
BAO;40517;07XV;17;16;18;17;17;16;16;17;16;17;19;20;20;19;19
BAO;40517;08WY;17;16;17;16;16;22;27;26;32;34;35;38;37;35;40
BAO;40517;09BD;26;25;24;26;22;25;22;22;23;25;26;29;28;25;26
BAO;40517;09UU;33;33;32;36;32;31;28;29;29;31;35;26;28;26;27
BAO;40517;10FQ;33;31;33;33;33;31;31;30;33;35;31;33;34;30;30
BAO;40517;10NS;10;11;12;14;12;11;11;11;12;13;12;13;15;12;13
BAO;40517;10PF;14;12;11;12;10;10;10;9;9;10;11;13;14;15;13
BAO;40517;16EB;19;19;20;21;22;22;24;24;24;24;23;34;34;32;29
BAO;40517;16FL;14;12;15;12;14;10;9;9;9;12;14;16;16;21;17
BAO;40517;17XI;18;15;15;16;16;17;18;22;21;20;25;27;27;26;21
BAO;40517;17YE;22;22;23;24;24;22;27;22;25;28;30;28;29;26;27
BAO;40517;24AE;78;64;67;65;57;58;53;49;50;50;57;57;55;50;53
BAO;40530;06RA;13;15;14;13;14;12;14;12;10;11;11;11;11;12;13
BAO;40530;07XP;23;23;23;25;24;24;23;29;33;37;34;27;29;27;22
BAO;40530;09BP;30;27;28;31;30;31;34;38;38;39;38;40;46;46;50
BAO;40530;15BG;45;44;46;44;47;51;52;53;92;97;84;98;100;109;104
BAO;40530;15GL;16;18;17;16;17;26;31;30;14;14;16;15;12;16;17
BAO;40530;15JS;20;16;19;17;19;22;19;20;19;16;20;21;21;18;21
BAO;40530;15OU;23;21;21;19;19;16;17;20;16;16;16;17;15;18;17
BAO;40530;15YB;25;26;25;25;25;23;24;24;23;21;23;21;20;21;17
BAO;40530;16AA;53;47;46;44;50;46;47;51;47;48;50;56;52;58;54
BAO;40530;16DD;35;35;34;39;39;40;38;39;38;37;40;36;37;36;29
BAO;40530;16EN;19;17;21;19;25;24;27;29;31;30;31;30;29;29;34
BAO;40530;23RH;40;31;31;28;24;21;22;20;20;19;17;17;18;19;45
BAO;40530;27LW;50;44;41;41;42;41;40;44;45;45;48;49;44;40;38
BAO;40535;04SG;18;19;18;23;21;21;19;21;20;19;21;22;27;29;27
BAO;40540;11XA;29;30;28;29;30;34;35;39;42;46;45;43;46;46;42
BAO;40540;12PG;21;22;22;22;21;23;23;23;24;27;28;29;30;25;24
BAO;40540;12WU;22;20;21;20;22;22;23;24;23;22;22;24;23;24;20
BAO;40557;03PP;19;35;33;19;16;15;15;16;16;14;13;13;14;14;13
BAO;40557;03SK;46;43;42;36;39;36;39;39;41;39;35;36;30;31;35
BAO;40557;04JV;30;28;27;25;26;28;30;31;32;33;38;36;36;36;36
BAO;40557;05GU;20;19;19;19;20;19;19;21;19;20;20;19;17;17;17
BAO;40557;06HL;22;21;18;16;14;17;19;20;20;22;22;29;27;22;22
BAO;40557;06LC;14;15;15;15;15;14;15;17;19;18;18;20;22;20;20
BAO;40557;06WD;32;27;25;21;23;24;25;26;27;24;26;24;24;22;21
BAO;40557;07NU;31;26;22;23;23;23;27;27;22;23;21;20;18;19;17
BAO;40557;07PW;15;14;13;14;14;15;16;19;19;19;19;17;21;21;19
BAO;40557;08KX;15;13;13;12;12;11;11;12;11;11;10;11;11;12;13
BAO;40557;08XS;25;22;22;22;21;20;19;19;20;18;18;17;20;20;21
BAO;40557;08ZG;27;13;15;13;13;12;14;14;15;14;15;16;17;15;16
BAO;40557;08ZW;25;25;23;22;22;21;20;22;22;19;21;22;20;19;17
BAO;40557;09KL;6;5;*;6;6;5;5;7;7;7;7;7;7;7;7
BAO;40557;09XA;11;12;9;6;9;8;11;13;12;13;15;14;12;12;12
BAO;40557;10PE;16;16;16;16;13;16;19;21;20;21;22;25;25;23;23
BAO;40557;10PM;21;19;19;18;17;16;16;19;17;17;19;16;16;15;14
BAO;40557;10WU;25;20;15;21;22;21;21;28;31;30;32;32;32;29;32
BAO;40557;11EF;21;21;21;22;24;22;22;23;24;23;23;22;21;23;24
BAO;40557;11KM;13;14;17;17;16;18;19;19;22;21;19;21;20;21;22
BAO;40557;11XU;19;19;19;18;17;18;19;20;19;19;18;20;24;25;25
BAO;40557;12FO;26;23;24;19;18;17;16;16;16;18;19;19;20;17;16
BAO;40557;12HB;25;24;18;11;11;10;12;11;10;12;11;12;11;11;11
BAO;40557;12XD;16;16;14;12;10;9;10;10;11;12;14;17;15;13;11
BAO;40558;16BD;10;10;12;11;12;13;12;13;14;10;11;10;9;9;9
BAO;40581;00DD;29;24;24;24;25;23;22;20;20;24;23;23;24;20;23
BAO;40581;05JO;37;35;34;31;33;35;36;34;30;31;31;30;36;32;29
BAO;40581;10HX;17;15;17;16;25;28;24;25;26;27;24;16;21;20;20
BAO;40581;12KU;37;36;38;39;42;40;39;41;41;44;46;44;58;52;55
BAO;40581;12TF;36;34;36;33;38;39;45;41;43;43;42;42;41;42;41
BAO;40581;21OT;51;49;46;43;41;39;39;36;36;38;35;34;41;36;36
BAO;40586;03PS;20;21;19;23;20;25;25;28;28;28;25;23;19;15;17
BAO;40586;08CA;39;35;36;37;42;44;45;49;52;46;44;46;42;41;38
BAO;40586;24NT;32;30;30;30;31;33;33;30;30;31;29;30;26;26;23
BAO;40586;24TC;87;91;88;103;124;136;142;175;183;190;164;173;190;182;178
BAO;40586;30XD;0;0;0;0;0;11;10;10;11;11;11;12;12;11;10
BAO;40586;31LK;0;0;0;0;0;0;0;0;0;0;29;34;36;35;34
BAO;40637;09DE;21;24;18;20;22;20;20;23;22;20;21;20;20;18;20
BAO;40637;09ZF;26;28;26;28;31;33;33;38;37;37;42;41;38;37;37
BAO;40637;10RK;42;44;46;45;45;47;45;51;48;48;49;48;47;46;46
BAO;40637;21PR;59;53;51;51;49;49;50;49;47;49;49;50;44;41;41
BAO;40637;30FL;*;6;9;9;9;12;14;16;18;21;23;23;21;19;17
BAO;40653;17PO;14;0;0;0;0;0;0;0;0;0;0;0;0;0;0
BAO;40655;03GR;31;30;29;29;30;33;32;31;32;32;31;31;31;35;34
BAO;40662;03QP;47;51;63;57;51;57;73;60;12;11;10;11;11;9;11
BAO;40662;03RA;16;16;17;17;17;18;17;18;16;17;17;17;17;14;17
BAO;40662;04ZB;37;37;33;36;35;32;34;33;33;35;33;29;33;32;24
BAO;40662;04ZX;21;21;21;22;24;21;24;26;23;21;21;19;19;16;17
BAO;40662;05CZ;25;22;26;25;22;19;21;22;22;20;21;20;20;16;19
BAO;40662;05HU;22;20;20;19;20;15;15;17;19;20;21;23;28;26;24
BAO;40662;05KH;11;11;14;13;13;12;13;14;14;15;15;16;21;16;15
BAO;40662;06YL;14;13;13;13;14;13;12;13;14;17;17;15;17;16;17
BAO;40662;07VA;15;15;15;16;20;18;19;20;18;18;22;17;20;17;14
BAO;40662;08JS;26;24;26;24;27;25;28;30;28;27;29;28;24;26;21
BAO;40662;09JQ;25;24;23;24;23;25;27;27;27;26;24;24;28;25;23
BAO;40662;10OF;10;12;14;16;23;23;33;36;22;23;22;23;22;23;21
BAO;40662;11QC;24;22;23;22;21;21;17;15;15;16;18;16;15;17;16
BAO;40662;11QN;20;22;23;21;20;19;20;20;24;22;22;21;16;15;15
BAO;40662;12KG;35;37;37;34;27;28;27;31;31;31;33;29;31;31;29
BAO;40662;12ST;18;19;20;20;20;20;20;22;25;21;24;26;21;19;16
BAO;40662;13TJ;13;11;16;16;15;15;15;15;17;20;17;18;17;15;17
BAO;40662;14CA;26;26;21;20;21;21;23;24;23;24;22;20;21;21;21
BAO;40662;14DL;15;14;13;10;11;10;12;11;14;15;14;17;13;14;14
BAO;40662;14HT;10;10;10;11;14;12;11;12;12;11;13;15;15;13;12
BAO;40662;14KI;19;20;17;14;14;13;15;17;15;16;18;18;18;21;22
BAO;40662;14MX;15;14;13;14;14;13;11;12;12;17;13;15;15;14;15
BAO;40662;14YR;23;24;23;22;24;24;24;26;26;30;30;35;37;35;35
BAO;40662;15FD;16;16;17;16;17;15;15;17;15;13;14;15;12;12;12
BAO;40662;15IL;7;7;8;7;8;8;8;8;11;10;8;10;9;8;10
BAO;40662;15QD;19;17;17;20;19;20;22;18;20;17;18;17;17;17;17
BAO;40662;15XA;21;14;16;19;22;27;31;28;34;36;37;42;46;40;40
BAO;40662;15ZC;17;18;20;18;15;12;12;12;13;13;14;12;12;11;11
BAO;40662;32HG;0;0;0;0;0;0;0;0;0;0;0;0;0;0;8
BAO;40672;10ZI;18;22;18;19;18;18;19;19;24;22;19;0;0;0;0
BAO;40676;03SJ;18;18;17;19;20;21;21;21;22;22;22;25;26;25;25
BAO;40676;03WH;27;27;27;26;27;28;29;29;29;27;26;28;27;24;21
BAO;40676;04YZ;42;46;47;46;49;55;57;58;61;66;66;77;79;73;77
BAO;40676;04ZM;22;21;24;24;26;28;32;34;37;38;33;40;40;43;44
BAO;40676;05WH;25;25;28;29;26;27;28;30;29;31;29;32;33;*;33
BAO;40676;07AB;12;12;11;10;11;11;11;11;13;12;11;10;12;12;9
BAO;40676;07EC;34;30;30;28;30;31;36;38;44;42;43;48;47;52;55
BAO;40676;07QU;17;15;14;15;13;15;13;12;13;12;11;11;11;12;12
BAO;40676;08CI;34;32;32;35;31;30;31;33;35;33;33;31;35;5;43
BAO;40676;08YE;22;23;22;24;23;24;23;22;25;29;24;26;23;31;29
BAO;40676;15AI;12;12;11;13;12;14;15;14;13;13;13;13;13;17;18
BAO;40676;15FQ;14;15;16;15;18;17;19;17;15;17;17;18;17;21;17
BAO;40676;15LL;17;18;18;18;20;21;21;22;23;22;22;24;29;28;26
BAO;40676;27YP;20;16;21;21;26;28;29;39;43;50;49;49;48;50;51
BAO;40706;04DZ;52;47;48;47;45;45;44;41;38;36;35;39;0;35;34
BAO;40706;04NC;17;17;18;18;16;15;17;17;17;16;17;17;18;17;20
BAO;40706;04XX;15;18;17;17;16;16;16;16;15;16;18;17;17;16;16
BAO;40706;04XZ;11;11;10;8;8;8;9;9;10;10;11;11;11;12;11
BAO;40706;04ZW;19;20;19;22;20;20;20;21;21;23;23;24;25;24;20
BAO;40706;07FJ;9;9;9;8;8;8;8;9;10;11;11;11;11;13;14
BAO;40706;09LF;41;36;38;39;39;41;39;42;41;41;43;45;42;39;36
BAO;40706;09YM;14;14;14;14;10;14;15;19;20;22;23;25;26;23;23
BAO;40706;15CT;35;35;34;33;36;36;34;36;39;39;38;38;42;41;39
BAO;40706;15CU;33;33;33;31;29;25;27;28;28;27;26;27;27;25;25
BAO;40706;19JG;25;23;22;22;23;22;22;22;22;21;22;23;19;18;20
BAO;40706;19KV;18;18;21;21;18;17;17;16;17;16;17;20;23;19;18
BAO;40706;19LR;29;28;31;30;27;29;26;29;29;29;37;37;39;40;39
BAO;40706;19MD;22;22;20;19;16;16;14;15;15;15;18;19;20;19;20
BAO;40706;21NN;23;23;22;21;22;24;24;26;29;30;31;35;37;36;37
BAO;40712;03UC;11;13;14;16;12;18;16;16;18;19;20;16;19;19;17
BAO;40712;03XY;22;22;21;20;22;21;21;21;24;22;21;23;24;22;19
BAO;40712;05AO;15;15;15;18;15;14;16;13;15;13;13;17;18;14;15
BAO;40712;05HH;22;21;24;26;27;27;28;26;26;33;36;47;49;57;47
BAO;40712;05JM;19;20;20;20;21;17;18;21;18;18;19;19;18;18;17
BAO;40712;05MI;13;17;16;11;15;14;16;19;16;15;19;16;16;16;16
BAO;40712;05SC;18;16;15;18;16;16;17;24;26;25;26;32;27;26;24
BAO;40712;07NJ;16;17;22;20;21;22;21;22;25;20;26;25;23;27;28
BAO;40712;07QS;18;27;31;31;34;36;33;32;36;35;33;26;24;27;21
BAO;40712;07US;22;20;20;21;23;23;28;29;34;35;34;32;34;33;35
BAO;40712;07VV;26;27;29;31;32;31;30;34;37;33;37;26;28;27;29
BAO;40712;08PV;19;18;19;18;16;18;17;19;20;25;22;23;26;28;31
BAO;40712;08WB;13;17;18;17;14;15;16;20;17;17;19;18;19;20;21
BAO;40712;08ZV;17;20;17;19;20;20;23;19;23;28;31;36;39;34;35
BAO;40712;09VP;20;23;22;20;24;26;29;30;30;37;38;36;32;38;36
BAO;40712;09XO;17;16;20;17;18;22;19;22;24;24;25;29;25;33;26
BAO;40712;10OP;51;49;57;50;45;41;45;43;41;45;44;46;42;41;41
BAO;40712;11EI;45;45;39;39;34;33;32;35;34;30;36;39;36;36;38
BAO;40712;14FJ;40;41;41;26;25;27;27;36;35;36;36;33;32;35;38
BAO;40712;27YC;58;64;60;60;64;59;64;76;62;63;57;56;55;51;49
BAO;40712;28AN;37;42;46;42;44;45;46;52;52;50;49;41;40;39;40
BAO;40714;04QH;32;31;29;32;31;32;30;35;34;47;36;35;37;36;35
BAO;40717;15BR;30;24;21;17;16;17;15;17;17;18;21;21;20;17;19
BAO;40720;09YT;25;24;23;22;23;24;24;27;26;24;24;25;23;22;20
BAO;40740;25GH;48;47;47;45;45;41;40;41;40;29;23;21;23;17;15
BAO;40745;06IX;22;20;22;18;17;17;19;19;20;23;24;24;0;0;29
BAO;40753;23UN;21;20;20;20;20;22;23;26;25;27;29;27;24;23;19
BAO;40765;03NX;20;22;30;42;47;54;47;0;0;0;0;0;0;0;0
BAO;40765;03NZ;18;15;14;14;12;9;50;78;110;111;71;61;77;81;75
BAO;40765;04XH;16;15;16;18;16;14;16;16;16;19;16;17;18;22;18
BAO;40765;05BG;28;25;25;24;20;20;24;25;22;23;22;19;22;23;18
BAO;40765;05BL;18;18;17;16;15;16;14;17;18;16;14;13;13;15;16
BAO;40765;05EI;12;0;0;0;0;0;0;0;0;0;0;0;0;0;0
BAO;40765;06FY;37;37;36;31;29;26;24;27;28;27;29;28;28;26;26
BAO;40765;06JG;15;14;15;17;18;17;19;20;17;16;15;16;16;14;13
BAO;40765;07PI;39;34;29;32;33;29;32;31;36;30;26;20;24;22;25
BAO;40765;07ST;33;33;34;33;31;31;27;27;21;22;17;19;19;21;23
BAO;40765;08KA;27;28;26;26;24;22;21;20;17;16;14;16;19;17;17
BAO;40765;08ZK;17;19;21;20;20;17;20;21;24;27;27;30;30;28;28
BAO;40765;09WM;20;21;19;18;18;16;19;18;22;22;24;30;29;31;33
BAO;40765;09WS;24;21;20;17;17;18;19;20;21;20;22;25;25;24;18
BAO;40765;10PG;31;33;30;32;31;32;30;31;32;38;38;37;39;39;40
BAO;40765;10YZ;17;18;19;19;21;20;21;23;24;23;21;27;25;25;22
BAO;40765;11KG;21;22;20;19;19;21;17;16;18;19;23;22;22;24;23
BAO;40765;11MK;16;15;13;11;12;14;13;14;16;17;19;17;17;16;15
BAO;40765;11VU;36;35;36;35;35;34;29;31;29;28;28;26;24;22;22
BAO;40765;14ZW;21;21;21;22;22;20;18;19;19;22;20;24;25;27;27
BAO;40765;22KF;45;45;47;48;45;43;39;42;41;39;34;34;35;33;32
BAO;40765;28AK;39;39;38;36;35;35;35;38;36;35;34;34;35;32;32
BAO;40765;31TR;0;0;0;0;0;0;0;0;0;0;12;18;22;28;32
BAO;40774;01XU;29;29;33;32;35;35;35;40;40;40;38;36;37;33;33
BAO;40774;04TT;29;29;29;32;33;37;37;46;50;39;37;38;33;26;24
BAO;40774;10MZ;42;42;48;49;52;54;53;55;51;48;43;42;38;34;34
BAO;40774;11CJ;30;31;29;28;29;30;31;39;34;35;40;39;36;34;30
BAO;40775;03NI;43;43;42;43;45;46;43;43;45;37;45;44;47;43;41
BAO;40775;03NJ;22;20;22;21;21;21;20;20;21;20;23;23;22;20;20
BAO;40775;03TO;21;19;19;17;16;16;15;17;22;18;16;16;19;15;13
BAO;40775;03VS;18;18;19;18;21;24;27;27;22;18;18;18;17;15;15
BAO;40775;05LN;51;47;47;42;43;43;34;36;36;31;31;32;33;34;34
BAO;40775;06IL;16;16;15;17;16;16;18;25;25;22;24;24;23;26;27
BAO;40775;07GT;25;23;21;20;19;17;16;14;14;15;17;15;17;15;15
BAO;40775;07QW;39;43;46;42;40;39;38;38;34;30;37;41;49;49;51
BAO;40775;07RF;11;10;10;9;10;11;12;13;13;13;16;16;16;0;0
BAO;40775;07RG;40;29;28;31;27;27;31;31;31;32;35;35;33;37;34
BAO;40775;07RH;17;17;18;18;17;15;17;19;17;17;18;19;23;19;24
BAO;40775;08TO;36;35;38;37;37;38;36;38;35;37;40;39;34;29;27
BAO;40775;08VO;28;24;25;32;32;28;33;27;26;24;29;31;36;37;45
BAO;40775;08YK;23;24;25;30;31;37;38;42;42;20;19;20;18;19;19
BAO;40775;09BH;17;18;16;17;18;18;19;19;17;28;25;24;23;21;22
BAO;40775;09RU;32;36;34;32;31;31;31;31;29;27;29;32;29;27;31
BAO;40775;09XW;22;21;19;22;20;21;23;24;26;25;27;26;27;25;26
BAO;40775;10AR;30;28;28;26;30;28;31;34;36;35;36;37;37;35;42
BAO;40775;10OR;18;20;21;21;23;20;21;24;21;20;21;19;24;24;19
BAO;40775;10QF;13;13;13;15;13;12;13;16;17;13;15;19;21;21;25
BAO;40775;11DV;18;18;21;21;19;16;19;26;45;39;23;22;19;18;15
BAO;40775;11HC;32;32;31;29;28;25;25;25;22;21;21;20;22;22;21
BAO;40775;11QZ;22;21;21;23;21;21;22;24;26;22;22;22;20;23;21
BAO;40775;18KK;16;16;16;16;16;14;18;18;16;15;22;21;21;18;18
BAO;40775;18NI;34;36;33;34;32;32;34;38;33;36;35;33;32;33;34
BAO;40775;18OP;46;46;44;41;43;41;44;44;38;36;40;37;35;32;26
BAO;40775;26PU;91;88;85;78;71;68;63;59;51;43;39;32;34;33;33
BAO;40775;27PE;31;32;38;33;30;30;32;24;23;17;19;20;21;23;22
BAO;40775;27PF;36;39;40;46;51;47;46;47;45;45;47;48;51;50;48
BAO;40788;04IR;20;18;15;13;17;19;19;20;10;10;10;9;0;0;0
BAO;40788;04IT;11;9;11;10;10;9;11;11;14;11;13;10;8;8;9
BAO;40788;04JX;34;29;40;38;31;31;36;43;13;11;10;10;7;17;16
BAO;40788;04KY;13;14;13;11;9;10;10;13;13;12;12;14;12;13;10
BAO;40788;05OV;9;10;11;11;12;11;11;13;14;15;12;10;7;8;9
BAO;40788;05UL;13;13;12;11;11;11;9;9;11;11;12;13;13;15;14
BAO;40788;07HO;11;10;12;12;13;15;13;12;12;13;14;13;13;13;10
BAO;40788;07IP;15;14;13;12;14;12;14;16;12;12;13;12;11;13;11
BAO;40788;07JQ;31;33;33;29;31;31;36;31;27;26;31;30;25;18;16
BAO;40788;07LF;8;8;9;9;9;11;12;14;13;16;16;15;10;10;10
BAO;40788;08UJ;8;9;9;10;9;10;8;9;9;11;11;9;8;8;9
BAO;40788;09CT;19;17;15;17;15;13;12;12;14;14;15;16;14;13;15
BAO;40788;09YZ;20;17;19;20;17;18;16;15;17;15;17;16;16;15;14
BAO;40788;10IK;31;28;28;28;28;27;26;24;25;24;30;27;23;24;23
BAO;40788;12WY;15;12;13;13;10;8;11;11;12;15;18;17;15;17;18
BAO;40788;13CV;32;33;34;33;35;30;36;39;32;31;31;28;21;21;18
BAO;40788;13IE;16;17;17;19;23;17;19;20;22;20;18;21;21;20;19
BAO;40788;13NG;22;20;20;18;17;17;14;14;12;14;11;9;9;10;9
BAO;40788;15BP;6;6;6;6;6;5;6;6;7;8;8;8;8;7;8
BAO;40803;03EE;21;18;19;16;16;15;16;15;16;17;15;17;17;16;14
BAO;40803;03MT;22;22;21;21;11;11;13;13;14;15;19;17;14;12;11
BAO;40803;03NH;6;7;7;7;8;5;6;6;6;5;8;6;8;8;9
BAO;40803;03NR;20;17;9;8;8;10;7;8;7;7;7;7;7;8;9
BAO;40803;03PN;11;8;10;8;9;9;8;9;11;10;9;8;13;10;12
BAO;40803;03QB;8;8;7;7;6;8;8;8;9;8;9;8;11;11;10
BAO;40803;03QM;8;8;9;9;8;7;0;0;0;0;0;0;0;0;0
BAO;40803;03SE;29;22;21;19;10;13;12;13;12;15;16;15;14;14;14
BAO;40803;03SG;8;7;7;9;8;7;7;7;7;7;7;7;6;0;0
BAO;40803;04PL;17;16;16;16;16;17;18;15;15;16;19;18;17;16;19
BAO;40803;04VM;17;14;14;15;15;15;13;15;17;19;21;19;20;18;16
BAO;40803;06LD;29;21;20;20;15;10;9;9;9;10;10;10;10;10;11
BAO;40803;06XE;9;6;6;7;5;5;5;6;10;7;7;7;10;8;8
BAO;40803;06ZF;12;11;11;11;10;8;9;8;8;8;9;10;9;11;11
BAO;40803;07FA;10;11;9;9;8;9;9;10;10;11;14;11;10;9;9
BAO;40803;08DX;15;14;12;12;13;12;13;14;15;15;18;14;13;11;12
BAO;40803;08JW;22;20;15;15;16;16;16;17;14;16;18;18;18;19;16
BAO;40803;08NA;13;9;9;9;8;7;8;8;8;7;7;7;8;9;11
BAO;40803;09KH;28;28;26;22;21;23;23;20;20;20;20;18;19;19;19
BAO;40803;09KV;26;28;29;26;27;28;29;32;23;21;25;22;21;23;24
BAO;40803;10FL;26;27;24;22;22;22;22;19;20;20;19;17;24;21;22
BAO;40803;10FX;18;19;22;12;10;9;13;14;17;15;14;11;10;9;11
BAO;40803;10IW;11;10;9;7;8;8;9;11;12;13;17;16;15;16;16
BAO;40803;10WQ;18;21;19;16;18;16;15;15;16;15;13;15;15;16;17
BAO;40803;10YW;6;8;11;11;13;13;17;15;16;20;21;18;16;15;18
BAO;40803;11ZE;38;25;21;17;13;13;13;9;10;13;17;20;18;18;17
BAO;40803;12YE;51;42;37;38;35;32;39;35;34;36;30;27;30;30;28
BAO;40803;13DO;22;22;19;19;17;12;15;17;18;22;20;19;16;16;14
BAO;40803;13EC;8;14;16;14;12;13;13;12;15;16;16;17;16;17;18
BAO;40803;13IZ;29;26;26;26;27;30;29;32;43;36;35;33;33;32;33
BAO;40803;13JL;22;17;18;21;17;16;18;19;7;17;20;18;16;16;14
BAO;40803;13NZ;25;26;25;29;27;36;29;31;32;30;28;35;34;30;31
BAO;40803;13ST;19;7;10;9;8;10;10;9;8;8;9;8;9;10;9
BAO;40803;14ZL;22;16;16;16;16;16;15;16;18;15;16;14;12;14;12
BAO;40803;16UQ;11;11;15;15;11;12;14;15;15;15;15;13;12;14;14
BAO;40803;17JM;25;18;18;17;15;16;19;19;19;22;18;18;20;20;20
BAO;40803;18FH;27;26;22;27;21;19;19;21;18;18;17;20;18;18;18
BAO;40803;18GS;28;26;22;22;22;21;23;26;25;24;25;25;25;24;24
BAO;40803;18HP;35;24;21;19;13;13;12;12;11;10;9;10;12;11;14
BAO;40804;04WS;10;10;10;10;7;10;10;13;13;12;12;12;13;12;13
BAO;40812;03VQ;16;16;16;14;14;15;17;18;20;21;22;21;21;21;19
BAO;40812;05IW;21;17;17;17;15;14;14;17;16;16;16;16;14;16;11
BAO;40812;05IX;23;18;21;22;21;22;22;22;20;18;19;19;18;16;16
BAO;40812;05LV;17;16;16;20;20;22;24;26;25;26;24;24;23;23;20
BAO;40812;07TM;18;17;20;20;20;23;28;31;29;28;29;31;29;27;29
BAO;40812;08KE;14;11;14;13;12;13;11;13;12;12;10;12;11;14;12
BAO;40812;09JX;33;30;28;28;29;30;26;20;21;21;18;17;16;17;16
BAO;40812;09KA;35;31;30;30;25;27;23;18;17;18;17;17;19;21;19
BAO;40812;10FG;18;16;14;14;16;15;17;17;18;16;16;15;17;15;14
BAO;40812;10WN;12;11;12;11;10;10;11;19;19;19;18;19;22;25;21
BAO;40812;10ZT;22;20;20;22;20;21;20;21;23;20;23;24;24;21;19
BAO;40812;15CO;26;21;24;23;21;23;26;25;26;25;25;19;17;17;16
BAO;40812;15GX;33;18;28;23;22;30;37;32;35;38;35;35;43;52;44
BAO;40812;15GZ;24;21;20;22;21;24;25;25;26;23;23;22;20;20;18
BAO;40812;15JW;21;19;19;18;17;16;17;18;15;15;17;16;15;16;17
BAO;40812;15OV;28;26;27;27;26;29;28;28;29;28;28;27;27;25;23
BAO;40812;15RE;26;24;22;23;26;22;22;25;25;25;26;26;25;24;23
BAO;40812;15TP;25;20;18;17;17;19;20;19;17;17;17;19;17;17;0
BAO;40812;15VY;35;34;37;40;45;46;49;50;53;57;52;53;50;47;41
BAO;40812;16AB;21;20;19;23;20;20;20;23;24;25;25;23;24;23;21
BAO;40812;16BR;19;16;18;18;18;19;20;19;17;22;23;23;23;21;18
BAO;40812;22JD;59;49;47;41;46;45;48;46;44;41;40;40;38;34;29
BAO;40812;27XC;42;42;41;39;40;42;40;41;39;42;37;42;38;37;36
BAO;40812;29XJ;16;15;18;20;24;31;32;34;33;38;33;34;35;34;30
BAO;40843;04SL;31;31;30;31;27;27;28;31;35;34;32;35;36;32;26
BAO;40843;10QP;20;17;19;18;18;17;18;19;18;20;19;19;21;14;15
BAO;40843;11FC;22;18;18;20;17;21;19;22;21;21;22;24;23;18;17
BAO;40843;18ZA;16;13;16;16;16;15;14;18;19;21;22;22;19;18;17
BAO;40843;19AB;20;18;16;17;18;14;17;19;22;20;20;21;21;19;19
BAO;40848;03PM;22;20;19;19;16;14;14;16;20;19;22;22;25;23;22
BAO;40848;04TH;21;21;19;18;18;18;17;19;19;19;19;17;18;19;20
BAO;40848;04VX;16;15;14;13;13;13;13;13;15;15;16;17;18;17;17
BAO;40848;04XD;28;26;28;24;23;18;19;23;23;22;24;25;25;24;25
BAO;40848;05BQ;37;35;34;29;29;27;26;28;28;31;32;35;34;34;37
BAO;40848;05JG;29;28;27;26;24;25;23;26;29;28;32;32;29;29;30
BAO;40848;06XC;19;20;18;18;17;16;15;14;13;12;14;15;14;14;14
BAO;40848;07CY;14;16;14;14;12;16;15;15;11;11;10;11;10;11;13
BAO;40848;07OJ;12;11;10;11;12;13;13;15;13;13;14;13;15;16;13
BAO;40848;08MF;24;25;21;20;19;19;20;21;22;22;23;28;30;30;29
BAO;40848;08QP;21;22;18;16;14;15;14;16;15;15;15;14;15;15;13
BAO;40848;08XH;35;35;35;36;34;34;34;38;40;39;42;42;41;39;42
BAO;40862;08BD;18;19;16;17;14;14;13;12;13;14;16;17;16;15;16
BAO;40862;12LD;15;18;16;16;16;20;18;16;17;13;19;23;22;22;18
BAO;40862;12ZW;8;9;11;10;9;9;8;12;10;10;12;12;11;11;13
BAO;40862;13PQ;40;42;40;38;34;29;30;17;33;30;32;35;28;28;27
BAO;40862;13TR;19;21;21;20;18;21;23;25;24;19;24;28;24;22;21
BAO;40862;13XA;10;13;11;12;11;13;12;12;13;12;15;15;15;12;16
BAO;40862;14AH;11;8;9;10;10;12;10;11;12;12;13;12;15;10;12
BAO;40862;23ZZ;30;29;29;32;34;33;33;36;39;35;37;45;46;44;48
BAO;40865;01VG;24;24;24;23;28;28;31;34;46;40;37;36;32;36;40
BAO;40874;12PC;56;53;53;47;44;41;39;41;44;44;49;48;52;50;50
BAO;40874;12QX;9;9;10;10;11;12;11;11;13;15;14;17;21;20;16
BAO;40874;13CK;31;32;31;31;30;32;32;36;37;36;37;36;36;39;37
BAO;40874;13HU;29;29;29;28;28;25;26;27;29;30;34;33;35;34;36
BAO;40874;13MX;41;40;38;38;36;33;33;33;33;45;41;40;47;55;53
BAO;40874;13YW;20;19;17;17;16;15;13;14;13;17;12;19;23;25;23
BAO;40887;06JV;32;26;29;27;26;25;24;25;27;27;29;31;34;38;39
BAO;40888;03TX;17;22;25;38;58;64;65;54;7;8;8;9;8;10;9
BAO;40888;04FH;8;9;8;7;9;8;7;9;9;9;9;9;8;8;9
BAO;40888;04ZO;16;19;24;26;27;28;27;26;23;21;26;22;20;18;14
BAO;40888;05FA;12;11;14;12;11;12;11;9;10;10;12;10;11;9;11
BAO;40888;05HF;9;10;10;11;9;10;8;11;10;11;10;12;11;9;10
BAO;40888;05JI;14;14;14;10;9;9;7;10;13;14;15;12;12;11;11
BAO;40888;05PR;24;22;22;22;20;20;18;17;19;26;23;27;25;26;30
BAO;40888;05PS;10;9;7;6;6;8;8;9;11;9;10;9;8;9;13
BAO;40888;06GS;11;11;11;10;9;11;12;13;14;13;14;17;16;16;15
BAO;40888;06LG;7;7;9;10;8;8;8;10;8;10;11;11;11;14;14
BAO;40888;06LW;10;10;12;12;12;14;12;14;15;15;17;21;15;15;16
BAO;40888;06MU;15;14;12;13;11;13;14;14;13;14;17;18;16;17;15
BAO;40888;06QQ;13;12;13;13;14;13;12;10;10;8;12;13;14;10;8
BAO;40888;06SF;20;20;20;21;16;10;8;9;9;11;10;12;8;8;7
BAO;40888;06SM;12;11;12;10;11;11;10;14;13;13;13;14;13;9;11
BAO;40888;06VC;15;13;11;12;13;10;10;10;9;10;9;11;7;7;7
BAO;40888;06YY;16;16;11;12;12;13;12;16;13;12;12;12;11;9;9
BAO;40888;07NS;22;23;23;27;25;28;26;27;30;25;20;20;18;19;17
BAO;40888;07QO;12;7;7;9;7;9;8;8;8;8;9;9;9;7;8
BAO;40888;07RJ;27;24;23;25;19;18;16;16;16;14;17;15;17;15;16
BAO;40888;08JM;8;11;8;7;6;6;5;8;8;8;8;10;9;9;10
BAO;40888;08NV;20;20;23;25;21;22;22;24;27;29;33;36;38;39;36
BAO;40888;09JL;31;28;25;24;22;21;22;21;22;23;24;18;14;13;14
BAO;40888;09VJ;17;17;18;17;23;22;21;26;24;23;28;28;23;23;22
BAO;40888;10OK;17;18;18;18;17;17;18;19;18;18;20;21;18;20;21
BAO;40888;12SW;23;26;30;34;32;29;32;38;39;41;45;42;39;43;43
BAO;40888;12ZJ;10;8;10;8;8;9;12;6;7;7;8;10;*;8;9
BAO;40888;16VT;21;22;24;20;18;19;23;24;25;25;30;28;28;29;37
BAO;40888;23EK;9;9;11;13;12;16;16;16;19;20;21;25;21;22;22
BAO;40888;23VG;13;13;12;9;10;10;10;12;9;9;10;11;9;10;9
BAO;40888;26PY;78;80;86;91;92;83;89;82;76;76;89;94;85;49;47
BAO;40888;30JZ;*;*;7;10;12;8;9;11;10;10;11;10;10;12;12
BAO;40888;32DV;0;0;0;0;0;0;0;0;0;0;0;0;0;38;36
BAO;40894;03KM;41;42;37;36;70;74;82;97;48;45;35;38;33;32;32
BAO;40894;03WI;14;13;12;11;10;12;11;12;12;10;10;12;11;11;12
BAO;40894;03YN;39;38;30;31;33;27;24;28;23;24;27;25;26;23;24
BAO;40894;05HL;42;40;36;36;35;35;30;32;33;30;32;33;29;28;31
BAO;40894;05SL;12;11;9;9;10;10;10;10;9;9;8;14;16;16;14
BAO;40894;06JY;13;11;12;12;15;12;12;13;11;11;12;12;12;11;11
BAO;40894;06QI;13;12;10;10;10;9;9;10;10;10;7;8;9;10;9
BAO;40894;06QR;19;17;14;15;13;12;10;13;13;13;11;12;10;12;12
BAO;40894;06TN;21;19;18;18;18;18;16;17;17;15;16;17;16;16;15
BAO;40894;06YZ;50;55;43;44;46;51;47;46;47;48;45;43;44;42;39
BAO;40894;06ZT;19;20;17;18;16;16;17;17;16;15;16;15;16;15;17
BAO;40894;08NB;25;26;25;25;30;32;31;31;28;27;28;31;24;24;23
BAO;40894;10XS;32;32;32;30;35;30;29;31;32;28;24;28;26;24;23
BAO;40894;12GH;18;16;14;17;18;18;17;19;17;15;17;16;13;11;10
BAO;40894;24MB;31;34;30;34;37;33;34;34;35;33;40;44;40;41;39
BAO;40903;05AT;37;35;32;35;34;36;42;41;40;37;42;42;47;44;34
BAO;40903;06IY;18;18;20;19;17;19;20;17;17;16;21;18;11;15;16
BAO;40903;08LV;29;25;29;23;22;23;21;19;18;17;21;21;15;20;21
BAO;40903;10GB;20;21;17;19;17;20;19;19;21;21;23;26;23;23;24
BAO;40903;11KW;14;13;14;16;14;16;16;15;18;15;18;19;15;15;14
BAO;40928;03PQ;23;26;25;25;26;57;53;51;46;53;47;52;32;30;32
BAO;40928;04KU;46;46;52;57;59;56;57;56;53;44;46;44;35;33;27
BAO;40928;05HD;47;45;48;46;41;39;35;30;33;37;46;48;53;50;53
BAO;40928;06MV;51;49;45;48;35;32;31;27;27;29;31;32;33;31;31
BAO;40928;06OP;22;23;25;25;27;25;29;32;31;31;37;37;36;35;38
BAO;40928;07AK;34;32;32;33;28;28;29;27;23;25;26;23;26;25;23
BAO;40928;07UO;23;25;29;24;25;23;23;21;24;26;24;25;31;31;30
BAO;40928;10GK;22;23;24;27;27;26;27;26;27;35;36;36;38;38;36
BAO;40928;10XK;24;25;29;27;27;25;23;21;20;18;21;24;21;20;20
BAO;40928;11LE;22;20;22;23;27;25;28;29;33;35;35;36;35;31;33
BAO;40928;12SL;34;33;35;40;45;49;54;62;65;73;74;79;78;75;73
BAO;40928;13FA;27;24;27;25;21;20;19;24;20;22;22;24;22;21;21
BAO;40928;13KK;17;17;14;13;17;16;18;16;16;14;15;18;17;20;20
BAO;40928;13PI;21;24;23;25;27;27;26;29;30;28;30;25;23;21;21
BAO;40928;13WS;20;20;20;21;22;23;21;19;18;17;18;20;20;22;20
BAO;40928;14DJ;26;26;26;23;22;22;22;22;23;25;27;28;29;29;28
BAO;40928;14GD;19;20;19;18;18;18;18;18;18;17;23;17;14;14;14
BAO;40928;14IX;21;18;18;17;18;18;16;17;18;20;22;24;23;16;17
BAO;40928;14LL;23;20;21;22;20;20;21;20;19;21;21;21;24;24;23
BAO;40928;15JV;22;24;25;24;23;24;23;24;25;27;27;29;26;28;29
BAO;40928;15MH;30;32;32;33;35;38;37;41;42;43;43;46;46;45;46
BAO;40928;17KG;53;52;53;57;55;54;57;60;62;60;64;66;60;58;59
BAO;40928;25KP;46;46;46;48;42;39;38;39;36;32;27;28;29;26;24
BAO;40928;26AV;34;35;39;35;35;38;37;39;38;37;40;42;37;40;43
BAO;40928;27LY;36;38;41;44;46;45;45;48;52;51;49;53;51;47;42
BAO;40928;28CE;31;34;37;44;43;42;40;41;44;48;48;52;48;51;52
BAO;40928;32EC;0;0;0;0;0;0;0;0;0;0;0;0;0;*;*
BAO;40934;05MK;34;33;32;35;32;12;13;12;12;15;18;19;17;17;20
BAO;40934;09UQ;26;23;25;26;31;32;32;34;34;35;31;36;34;30;24
BAO;40934;11PM;57;48;44;48;45;41;39;41;38;41;54;35;40;42;28
BAO;40934;12FT;19;19;20;23;23;24;24;24;21;20;22;19;18;13;17
BAO;40934;12WL;36;32;32;34;33;32;28;20;20;18;20;21;24;20;19
BAO;40934;13CH;21;22;24;25;29;29;28;30;36;35;38;39;38;37;38
BAO;40934;13MV;26;25;25;25;27;27;25;24;23;22;22;24;21;18;21
BAO;40934;13VI;17;16;18;17;14;13;12;13;12;14;11;17;19;16;19
BAO;40934;13YV;16;17;17;22;23;22;19;23;26;24;32;34;27;22;21
BAO;40934;24JD;12;12;13;12;14;11;11;10;10;10;11;10;9;8;7
BAO;40934;26BD;33;37;39;42;39;41;45;45;41;38;47;54;49;48;50
BAO;40934;27PH;67;67;66;67;63;64;58;56;54;51;52;50;44;34;32
BAO;40941;03YB;12;15;16;13;13;11;11;13;11;12;13;12;11;13;11
BAO;40941;04UZ;36;35;31;28;28;26;26;28;32;33;34;33;0;26;23
BAO;40941;07NR;25;25;31;24;25;24;23;23;24;26;24;23;0;21;14
BAO;40941;08XC;42;37;39;39;36;36;37;36;35;34;34;33;29;30;27
BAO;40941;10FN;15;13;13;13;14;17;17;14;15;14;16;19;20;19;16
BAO;40941;11DA;13;15;12;11;11;12;12;13;13;14;14;15;18;16;15
BAO;40941;11PP;21;23;24;19;19;20;22;22;23;22;24;24;20;21;19
BAO;40941;12FU;36;35;32;31;33;27;27;27;27;30;34;33;0;35;30
BAO;40941;12OQ;13;12;11;12;12;12;13;15;17;18;22;26;23;26;23
BAO;40941;12WI;18;17;19;17;18;17;17;17;17;14;16;17;20;21;19
BAO;40941;12WM;19;20;22;21;19;16;20;21;22;20;24;22;0;22;19
BAO;40941;13CI;32;32;31;33;33;34;31;36;38;34;32;31;0;31;31
BAO;40941;15CK;12;12;12;10;10;10;9;11;11;12;11;11;12;13;13
BAO;40941;15WZ;37;37;38;37;38;40;40;40;40;45;45;48;47;46;39
BAO;40941;16VR;37;33;31;29;27;25;26;26;25;26;29;30;30;32;29
BAO;40941;21MX;21;20;21;21;23;24;28;29;30;29;30;29;28;26;21
BAO;40941;21MY;52;53;50;47;47;44;45;46;45;46;50;47;49;44;40
BAO;40945;01VE;25;24;20;23;22;36;33;25;27;31;31;28;26;29;27
BAO;40945;01WR;11;11;11;12;13;0;0;0;0;0;0;0;0;0;0
BAO;40945;02ZW;14;16;16;17;17;18;19;20;24;26;28;27;28;28;26
BAO;40945;03JD;17;19;19;21;23;23;22;23;25;20;20;21;19;18;16
BAO;40945;03ZD;17;18;19;16;16;16;17;14;13;15;14;15;18;17;18
BAO;40945;04CT;19;19;19;18;18;18;18;17;17;16;14;15;15;13;12
BAO;40945;04DT;13;14;14;13;15;11;14;15;13;14;17;16;13;15;14
BAO;40945;04KI;37;42;46;50;54;0;52;64;68;73;65;51;48;45;42
BAO;40945;06GU;13;13;15;15;16;17;15;16;19;16;16;17;18;17;16
BAO;40945;06NJ;15;15;13;15;17;16;16;19;19;19;18;18;18;19;19
BAO;40945;07IV;35;40;32;33;31;0;37;37;39;37;37;39;37;37;37
BAO;40945;21RD;18;18;18;17;19;16;18;19;15;15;16;15;14;16;14
BAO;40945;22KY;22;21;19;20;18;19;20;20;22;25;23;25;24;27;26
BAO;40945;22LW;34;34;30;29;29;29;25;25;22;21;17;23;27;32;28
BAO;40945;24AR;23;26;27;28;27;0;26;23;22;22;22;21;21;22;19
BAO;40945;24RK;31;30;27;27;28;27;24;21;19;18;22;24;25;23;21
BAO;40945;24TZ;34;32;25;22;22;22;20;19;20;20;21;17;20;19;18
BAO;40946;04QE;29;26;25;27;26;26;23;53;53;55;53;53;47;43;46
BAO;40946;05LQ;15;13;14;14;14;14;16;15;15;19;17;14;14;13;13
BAO;40946;05LY;10;10;11;11;13;14;12;13;13;13;12;13;13;13;11
BAO;40946;06RL;12;12;11;12;10;11;11;12;12;12;10;9;10;12;14
BAO;40946;06UX;19;17;16;18;19;17;18;21;19;19;22;21;19;18;21
BAO;40946;08AL;8;8;7;7;9;9;9;9;11;11;7;8;8;8;10
BAO;40946;08PF;15;17;17;18;21;22;23;22;22;24;24;23;21;25;20
BAO;40946;10IE;17;14;15;15;18;19;19;21;20;25;23;22;24;26;21
BAO;40946;10NB;19;20;22;23;24;25;23;26;25;23;24;19;21;19;22
BAO;40946;10YP;27;29;30;34;38;43;48;42;42;45;51;52;53;49;44
BAO;40946;11XI;31;30;28;29;28;30;27;28;29;24;30;24;20;18;19
BAO;40946;12PL;12;9;11;12;13;13;13;15;17;16;16;16;16;14;17
BAO;40946;12WZ;23;22;24;22;19;21;22;24;24;25;27;25;23;22;26
BAO;40946;23RK;50;44;42;41;33;33;30;29;34;33;34;34;35;31;36
BAO;40950;00DZ;20;24;33;31;35;66;57;74;14;16;15;15;17;18;16
BAO;40950;04OV;7;7;10;8;11;14;13;16;15;16;17;16;13;14;14
BAO;40950;06QC;24;22;22;24;24;26;26;30;31;29;30;34;25;22;21
BAO;40950;07UG;19;18;18;21;17;16;16;19;20;19;21;21;20;20;21
BAO;40950;09MF;40;41;48;47;51;51;54;32;33;32;35;35;29;28;30
BAO;40950;09XI;11;11;9;10;10;9;11;11;10;12;13;16;14;13;12
BAO;40950;10HB;30;31;31;33;33;34;34;35;33;29;32;34;36;28;24
BAO;40950;10PT;15;18;19;19;20;19;17;19;21;18;18;21;18;19;18
BAO;40950;11EO;20;20;21;25;23;17;20;20;20;20;20;21;18;15;16
BAO;40950;12HU;10;9;8;9;9;9;10;9;11;10;10;0;0;0;0
BAO;40950;12QA;24;23;25;24;24;23;21;19;21;20;20;18;18;15;14
BAO;40950;12QK;20;20;20;21;19;19;25;20;22;21;19;16;15;18;20
BAO;40950;12XI;13;14;20;22;20;22;28;32;33;34;37;37;37;36;30
BAO;40950;13DH;12;14;17;21;26;26;29;33;34;25;30;29;21;21;21
BAO;40950;13IP;27;26;32;29;28;29;28;28;23;20;14;14;15;18;17
BAO;40950;23BZ;13;9;11;10;11;11;16;13;14;14;18;17;14;8;0
BAO;40950;23EY;31;30;31;28;26;23;21;20;24;24;26;28;25;23;27
BAO;40950;23ZU;44;44;48;49;46;46;45;46;51;52;50;51;50;51;49
BAO;40950;24UN;39;41;38;39;34;30;30;27;24;21;16;18;16;17;18
BAO;40950;25KF;21;24;24;24;27;25;23;25;25;26;26;30;26;26;28
BAO;40950;25KU;29;27;33;28;30;28;25;25;22;20;19;19;16;17;16
BAO;40950;26PW;19;20;20;21;24;23;20;19;19;21;20;22;20;17;14
BAO;40950;27TZ;20;21;20;21;23;21;22;22;22;23;20;23;21;20;19
BAO;40950;29UB;22;27;33;37;35;33;31;34;37;37;38;39;37;37;43
BAO;40950;31DV;0;0;0;0;0;*;7;11;14;19;20;20;18;21;22
BAO;40950;31GW;0;0;0;0;0;0;0;25;29;31;32;32;34;30;29
BAO;40950;31VY;0;0;0;0;0;0;0;0;0;0;0;6;6;9;10
BAO;40959;03WV;21;23;20;22;17;15;14;16;14;16;17;18;16;15;14
BAO;40959;04UQ;9;9;10;9;10;11;11;10;9;11;12;12;12;10;12
BAO;40959;05TT;22;20;15;13;13;13;10;10;8;9;15;13;13;11;12
BAO;40959;05VJ;9;9;12;12;12;14;18;18;17;16;19;18;15;17;16
BAO;40959;06XX;19;22;20;13;16;13;13;14;14;15;16;18;17;15;14
BAO;40959;07DD;13;11;13;12;11;12;13;11;12;14;15;13;15;14;11
BAO;40959;07NG;9;9;9;10;10;11;10;12;11;11;13;12;10;11;10
BAO;40959;08VL;22;19;19;20;20;20;16;17;14;13;14;16;14;12;15
BAO;40959;17JN;22;19;15;16;18;19;19;20;20;21;25;24;22;21;22
BAO;40964;04SO;16;16;16;17;19;18;19;21;21;20;22;21;20;20;20
BAO;40967;03HD;49;42;41;36;33;28;15;16;17;18;18;17;19;17;16
BAO;40967;04IQ;25;25;23;19;17;15;13;14;15;19;18;18;20;23;22
BAO;40967;05CD;30;29;29;25;21;20;17;21;18;19;20;24;27;26;23
BAO;40967;05DA;19;16;16;14;13;14;13;14;16;16;14;16;16;16;16
BAO;40967;05ID;12;13;12;10;11;11;11;12;14;16;17;19;17;17;17
BAO;40967;05JX;34;30;32;32;34;28;23;26;30;28;27;25;29;24;24
BAO;40967;07HL;19;20;20;21;20;20;23;23;26;28;28;31;31;30;33
BAO;40967;07KJ;22;22;21;20;21;16;16;17;21;21;21;21;23;21;19
BAO;40967;07SG;35;35;36;33;32;33;32;33;33;34;36;40;37;34;38
BAO;40967;08KD;37;37;37;36;35;31;32;34;38;40;39;36;36;31;34
BAO;40967;08YP;35;30;33;30;30;30;30;31;36;37;40;38;39;36;38
BAO;40967;09JZ;35;35;37;33;34;33;33;33;35;40;42;40;41;40;38
BAO;40967;09WE;26;27;29;25;26;23;22;24;23;27;29;30;30;31;32
BAO;40967;10FF;38;40;39;36;34;34;33;35;29;24;24;23;27;27;26
BAO;40967;10OY;13;14;16;15;15;15;18;23;24;25;29;28;26;24;22
BAO;40967;10PW;36;33;32;31;32;28;29;23;27;27;29;26;30;29;28
BAO;40967;10ZU;44;42;42;41;42;33;30;32;32;35;35;32;29;27;26
BAO;40967;11ER;22;21;25;21;24;21;19;19;22;22;22;23;29;30;30
BAO;40967;11QW;53;48;50;49;44;36;32;43;44;34;35;36;37;33;36
BAO;40967;15BI;22;24;22;18;17;14;13;14;16;17;17;17;14;14;14
BAO;40967;16YF;21;21;21;20;17;15;14;17;15;16;16;17;15;21;21
BAO;40967;16YX;36;35;33;34;35;32;32;38;40;45;50;51;46;49;45
BAO;40967;16ZO;30;28;25;31;33;28;29;34;39;39;39;68;66;61;56
BAO;40967;21QV;35;34;18;17;18;16;16;18;21;22;19;17;14;18;14
BAO;40967;22LM;57;54;50;44;40;28;22;23;24;22;26;22;22;20;20
BAO;40967;22LN;13;15;16;15;15;18;17;18;21;21;22;21;24;26;28
BAO;40969;03PH;38;34;26;22;19;37;19;22;22;28;35;40;39;45;47
BAO;40969;04GX;24;22;19;18;19;19;21;23;21;25;27;27;24;24;23
BAO;40969;04VR;25;24;20;18;18;18;17;20;20;21;23;22;18;17;19
BAO;40969;10HY;24;21;21;19;23;22;21;22;26;27;32;31;32;32;28
BAO;40969;15FH;31;31;27;25;26;28;26;25;25;25;24;23;24;26;24
BAO;40971;03MK;60;57;56;56;52;50;44;43;42;44;45;44;41;42;43
BAO;40971;03PK;12;13;12;13;15;13;13;12;14;11;12;13;13;13;14
BAO;40971;03WT;16;13;14;13;13;14;15;13;12;13;15;16;15;16;17
BAO;40971;05GM;23;21;21;20;15;18;20;20;22;16;19;19;18;18;17
BAO;40971;05GP;41;38;32;31;29;29;29;28;30;24;22;26;22;27;28
BAO;40971;06CS;37;37;33;33;36;39;35;34;34;42;39;39;42;43;45
BAO;40971;06HK;50;44;43;43;42;40;39;43;34;31;33;33;32;31;32
BAO;40971;06HW;26;25;27;27;28;29;29;38;40;41;44;42;44;47;44
BAO;40971;06IA;27;26;23;23;23;25;25;25;20;24;28;28;29;27;25
BAO;40971;06WC;26;25;22;19;21;22;22;26;22;22;24;47;50;47;58
BAO;40971;06WT;25;25;26;26;25;27;24;24;24;24;25;24;23;26;24
BAO;40971;07CJ;25;25;24;23;25;26;25;29;31;30;36;40;42;45;45
BAO;40971;07UD;25;25;21;20;21;22;22;21;25;26;23;23;23;23;23
BAO;40971;09JP;26;23;21;22;22;23;25;27;26;26;28;29;32;29;29
BAO;40971;09KK;34;38;30;29;29;31;30;30;28;28;30;37;37;37;35
BAO;40971;10EZ;40;38;40;42;48;48;42;45;36;37;31;33;28;27;22
BAO;40971;10JL;22;23;23;23;28;28;32;34;32;30;29;32;35;39;39
BAO;40971;10WH;30;25;26;23;23;27;27;28;29;27;29;29;34;35;28
BAO;40971;11KC;38;39;38;40;36;36;34;38;34;39;38;38;41;41;37
BAO;40971;11VR;35;36;38;40;42;42;44;47;42;39;38;38;39;38;37
BAO;40971;15JU;16;17;15;16;17;17;15;17;14;14;17;15;17;17;16
BAO;40974;03NY;16;17;16;17;16;17;18;17;53;53;48;54;71;15;15
BAO;40974;03UG;28;29;31;30;34;44;35;32;33;32;34;34;32;32;38
BAO;40974;03WL;28;25;27;26;28;25;23;21;23;25;23;23;23;23;23
BAO;40974;04RU;45;54;52;50;50;60;56;56;45;29;27;31;31;30;29
BAO;40974;04UN;33;32;30;32;31;30;31;32;34;30;34;35;29;26;25
BAO;40974;04WV;33;33;42;42;37;40;62;64;74;34;32;33;30;28;33
BAO;40974;05PC;25;22;24;28;17;13;13;14;14;14;17;17;15;17;15
BAO;40974;05RH;20;14;14;18;16;14;14;19;20;19;21;20;21;22;20
BAO;40974;06FU;11;11;10;9;9;10;14;14;13;12;13;13;12;11;12
BAO;40974;06JF;35;32;33;30;33;31;31;33;32;31;30;27;24;28;26
BAO;40974;07TB;11;11;12;12;12;12;12;14;14;15;13;12;9;9;9
BAO;40974;07TH;44;40;40;40;36;37;39;38;39;45;45;46;47;46;49
BAO;40974;07UR;20;22;22;23;25;25;23;24;24;26;28;29;23;21;23
BAO;40980;06VP;22;18;21;17;13;12;14;15;13;11;10;9;11;11;14
BAO;40980;07FD;23;21;20;20;20;21;22;22;20;22;22;24;23;25;24
BAO;40980;08QM;9;9;8;7;8;8;7;8;9;9;8;*;*;5;5
BAO;40980;11XZ;16;15;14;15;12;14;13;16;15;17;18;22;24;25;25
BAO;40980;12HG;34;33;31;31;29;31;29;30;28;31;31;33;33;32;38
BAO;40980;12PX;32;28;30;30;26;25;24;25;23;24;26;27;25;24;21
BAO;40980;15DW;9;8;8;8;6;6;8;8;9;14;13;15;18;16;17
BAO;40980;31PJ;0;0;0;0;0;0;0;0;0;7;11;12;12;13;16
BAO;40982;07QZ;19;18;19;20;19;19;20;18;18;19;23;20;24;24;25
BAO;40982;08YI;30;29;28;29;27;26;27;25;25;23;25;26;25;27;29
BAO;40982;09VU;14;11;13;13;11;12;11;13;12;13;18;15;16;14;15
BAO;40982;10JK;49;45;43;40;38;37;37;37;35;34;35;37;38;33;32
BAO;40982;11DW;20;20;16;15;13;13;13;14;15;14;16;15;14;15;14
BAO;40987;06JS;22;18;17;17;15;13;14;14;16;17;19;18;18;18;20
BAO;40987;07UK;17;19;17;15;17;19;20;22;23;22;26;27;36;31;29
BAO;40987;08KT;34;26;24;22;24;27;26;27;27;27;22;22;24;21;19
BAO;40987;08ME;18;20;18;19;20;22;23;21;23;20;18;20;19;17;18
BAO;40987;09WW;36;41;34;31;28;29;28;22;18;21;21;25;25;25;26
BAO;40987;15DD;46;50;48;46;43;45;46;40;39;37;40;41;41;37;40
BAO;40987;16WB;30;28;24;19;15;15;16;15;19;19;23;22;21;20;18
BAO;41000;03SM;21;42;50;46;58;74;69;60;10;12;13;13;13;13;14
BAO;41000;03VL;8;7;7;5;7;8;6;7;9;8;9;9;10;11;14
BAO;41000;05AI;9;10;9;9;9;7;9;9;9;10;10;9;9;9;9
BAO;41000;05BJ;22;22;26;26;26;27;27;27;27;29;29;31;29;27;26
BAO;41000;05BS;8;7;7;8;7;5;7;6;6;8;7;7;6;6;7
BAO;41000;05EY;10;7;9;9;7;8;8;10;9;11;11;10;8;9;8
BAO;41000;05JH;30;29;25;24;23;23;24;28;28;29;29;28;27;28;27
BAO;41000;05KA;18;16;17;16;16;17;21;20;21;24;25;23;22;22;20
BAO;41000;06PG;22;20;20;20;20;20;19;18;17;17;18;18;15;16;16
BAO;41000;06QB;17;14;12;12;11;12;12;12;11;12;12;13;13;14;14
BAO;41000;06QK;26;23;20;23;18;19;18;16;20;21;22;19;20;17;19
BAO;41000;06RQ;10;11;10;12;14;15;16;17;20;19;22;20;17;17;19
BAO;41000;06SC;19;14;15;15;12;14;13;12;11;14;17;16;17;16;15
BAO;41000;06UB;8;8;8;8;9;9;9;10;8;8;9;9;9;7;9
BAO;41000;07OT;21;19;20;19;20;21;21;23;23;23;26;22;23;20;18
BAO;41000;07PR;13;13;12;11;10;8;9;8;11;14;16;14;15;15;15
BAO;41000;07PV;10;9;10;9;10;10;10;12;11;15;16;15;14;14;11
BAO;41000;07QV;21;19;19;20;19;22;23;22;18;21;21;23;21;17;13
BAO;41000;07VT;11;11;10;11;9;8;10;12;11;14;18;16;16;15;16
BAO;41000;07VU;31;30;29;29;29;25;24;22;22;24;25;26;23;20;20
BAO;41000;07VZ;19;18;18;18;16;14;13;12;13;13;14;16;18;17;17
BAO;41000;09AP;23;23;28;30;28;31;29;32;35;41;37;28;34;32;33
BAO;41000;09KF;44;38;43;47;33;34;39;39;43;44;53;53;53;22;18
BAO;41000;09ND;9;7;10;10;10;11;10;10;10;10;11;11;10;11;11
BAO;41000;10FJ;27;26;23;23;24;23;22;21;19;24;26;22;24;26;22
BAO;41000;10YD;15;14;12;11;16;18;20;21;22;22;21;21;16;10;12
BAO;41000;11KJ;21;20;20;20;22;23;24;21;25;28;30;32;30;33;28
BAO;41000;12FL;10;9;11;7;8;8;7;8;7;7;9;7;8;9;9
BAO;41000;16UZ;41;39;39;41;37;37;38;38;35;41;40;40;38;36;35
BAO;41000;23EE;15;12;10;11;11;7;6;9;9;8;10;12;11;11;8
BAO;41000;31AG;0;0;0;0;17;20;20;18;17;22;23;23;28;36;30
BAO;41000;32DX;0;0;0;0;0;0;0;0;0;0;0;0;0;30;31
BAO;41001;04LK;7;9;9;9;10;9;8;8;7;8;9;8;10;9;11
BAO;41001;04RS;18;19;20;21;23;23;23;26;24;29;28;31;31;30;30
BAO;41001;05OM;23;24;23;23;24;24;25;28;28;26;29;27;31;27;25
BAO;41001;08JV;14;20;17;18;22;22;21;23;23;24;30;29;28;30;30
BAO;41001;08PJ;25;24;21;22;24;29;24;27;26;27;30;29;30;27;25
BAO;41001;11MC;29;26;24;25;25;24;25;25;25;24;22;20;21;19;17
BAO;41001;11XL;19;20;20;18;17;20;23;16;19;22;25;27;28;25;23
BAO;41001;12FD;36;40;44;47;48;62;68;70;66;72;79;76;76;73;73
BAO;41001;12WE;39;40;34;45;39;43;50;49;43;44;42;53;56;54;57
BAO;41011;03RO;32;59;64;75;73;88;87;75;71;74;60;54;62;65;58
BAO;41011;04LW;10;6;8;9;8;10;12;10;0;0;0;0;0;0;0
BAO;41011;04WC;35;26;8;11;10;11;10;10;9;9;8;9;10;9;8
BAO;41011;04WX;32;34;35;33;33;30;28;29;26;21;20;21;21;17;14
BAO;41011;06KS;19;15;15;17;16;16;15;17;18;15;18;19;17;15;14
BAO;41011;07LC;21;15;17;17;12;15;12;15;13;14;15;11;13;11;10
BAO;41011;07PD;13;12;11;11;9;8;8;10;11;10;11;16;13;12;11
BAO;41011;08AU;11;8;8;9;10;9;11;12;14;13;12;15;12;11;10
BAO;41011;08DV;7;8;8;7;7;6;6;8;8;8;0;0;0;0;0
BAO;41011;09TH;22;18;18;14;13;13;12;14;12;11;13;10;11;15;13
BAO;41011;10MT;9;6;5;7;6;7;6;7;8;9;8;7;0;0;0
BAO;41011;10RJ;38;28;33;34;32;33;31;34;30;26;26;34;30;28;17
BAO;41011;10RO;20;18;19;18;18;21;22;24;25;27;25;29;29;27;22
BAO;41011;11FX;29;27;28;27;24;20;26;30;30;30;26;27;28;25;19
BAO;41011;11RS;19;17;17;17;15;18;16;18;17;17;19;24;23;21;21
BAO;41012;06TL;30;18;17;22;11;12;14;14;16;17;17;18;16;17;18
BAO;41012;06ZX;9;9;10;10;13;11;10;10;11;11;12;12;11;12;12
BAO;41012;07AH;32;31;29;29;30;29;30;31;30;29;31;29;27;26;29
BAO;41012;07LO;16;16;15;15;15;13;13;11;12;11;12;12;9;8;9
BAO;41012;07SC;26;25;27;24;21;21;22;22;22;23;25;27;23;24;24
BAO;41012;09QC;15;15;16;16;15;15;15;16;15;14;14;13;13;12;15
BAO;41012;09XL;54;53;47;46;42;40;43;37;36;34;42;40;36;33;40
BAO;41012;11QV;33;29;27;25;28;32;36;35;44;38;41;51;66;60;60
BAO;41012;12BP;34;38;40;38;36;35;28;28;31;32;34;36;35;42;40
BAO;41012;12KT;32;29;31;33;34;36;37;37;35;37;38;41;32;36;41
BAO;41012;22FC;19;19;18;17;13;17;17;16;15;13;14;17;16;14;13
BAO;41012;22OD;24;18;16;14;16;16;18;17;17;19;19;22;22;20;19
BAO;41012;23TB;27;25;26;29;27;25;22;25;28;31;29;30;34;35;39
BAO;41012;26AR;37;36;34;37;34;31;32;30;29;29;35;34;30;28;32
BAO;41012;31VH;0;0;0;0;0;0;0;0;0;0;0;0;0;0;13
BAO;41013;05ZT;20;22;20;19;18;21;21;22;22;25;20;19;19;19;21
BAO;41013;06YF;36;29;32;25;23;23;27;31;36;38;43;43;47;45;48
BAO;41013;22GB;43;31;29;31;32;28;28;31;26;26;28;26;25;26;25
BAO;41018;03KJ;16;18;18;18;17;17;16;15;16;16;17;17;18;17;18
BAO;41018;03NU;20;20;22;24;23;22;21;20;25;26;29;30;30;28;25
BAO;41018;03OK;30;31;29;28;21;23;20;20;21;21;23;25;30;28;27
BAO;41018;03OT;29;29;27;25;37;34;34;30;33;30;35;37;37;35;34
BAO;41018;03XJ;42;42;43;40;40;39;37;35;36;35;40;35;36;36;39
BAO;41018;04VO;19;19;18;15;16;16;16;14;14;15;17;19;17;18;17
BAO;41018;04VS;14;13;13;13;13;13;13;12;12;11;14;16;16;14;13
BAO;41018;05DV;24;22;20;21;19;19;18;18;16;15;17;18;19;19;18
BAO;41018;05TV;25;25;26;26;26;28;29;28;27;27;29;29;29;29;26
BAO;41018;06FW;44;42;39;37;33;29;32;35;35;37;41;43;41;38;37
BAO;41018;06IZ;21;23;23;20;19;17;18;16;16;15;18;19;21;22;23
BAO;41023;03LA;19;20;19;20;21;19;20;22;23;24;28;30;29;28;28
BAO;41023;03TT;25;24;21;21;20;19;20;20;24;22;19;19;18;16;17
BAO;41023;05BE;29;28;26;27;26;27;24;23;18;17;13;11;13;15;18
BAO;41023;05FR;24;23;23;22;20;21;19;19;18;18;21;22;21;20;23
BAO;41023;05FS;65;65;59;45;45;49;44;45;43;51;50;54;56;52;53
BAO;41023;05IB;40;38;39;39;37;38;37;21;24;23;28;27;25;21;27
BAO;41023;07JH;18;18;18;18;20;17;18;19;23;23;22;20;22;23;30
BAO;41023;07TJ;66;64;61;59;53;58;57;56;58;57;54;53;58;57;56
BAO;41023;07TK;30;31;29;28;28;28;29;31;33;38;37;42;40;41;47
BAO;41023;08KC;40;37;37;33;31;29;24;23;22;23;24;22;19;20;21
BAO;41023;08ZE;30;29;28;27;28;26;27;24;26;28;24;27;27;23;23
BAO;41023;09WO;14;15;15;15;17;16;15;15;14;15;18;17;16;18;16
BAO;41023;13WU;27;24;23;23;23;25;25;24;25;29;26;25;26;24;25
BAO;41023;15RG;39;37;35;36;34;36;37;41;44;47;52;54;51;52;53
BAO;41023;15YE;36;35;34;31;29;23;23;22;19;20;22;22;22;22;26
BAO;41023;16AD;24;21;21;21;22;25;27;31;35;32;35;36;38;41;40
BAO;41023;16DF;47;40;37;37;36;26;26;26;26;23;22;21;23;23;20
BAO;41023;16EP;34;33;32;33;32;35;39;40;42;39;41;41;43;44;51
BAO;41023;16FV;26;24;22;20;20;20;19;20;22;22;23;25;30;30;36
BAO;41023;16HF;57;55;47;48;42;42;46;55;51;42;41;38;41;40;40
BAO;41023;16IP;32;34;31;32;32;33;30;33;34;37;35;35;37;37;40
BAO;41023;17AC;47;46;44;42;45;48;50;53;53;50;56;56;52;51;53
BAO;41023;23PJ;64;66;59;63;65;61;58;57;61;59;57;55;50;43;43
BAO;41023;24AM;56;55;43;41;42;39;39;42;42;41;43;43;40;34;39
BAO;41023;27NV;44;41;38;33;31;29;32;32;31;31;34;34;33;30;33
BAO;41023;28AU;39;35;38;29;22;20;20;26;28;31;34;35;28;25;26
BAO;41023;29XF;60;66;66;68;71;66;68;67;66;64;64;61;51;36;41
BAO;41023;30GF;7;11;13;14;19;23;28;35;41;43;48;45;51;46;52
BAO;41023;31KB;0;0;0;0;0;0;0;27;25;33;45;51;56;54;49
BAO;41023;31TH;0;0;0;0;0;0;0;0;0;0;*;22;35;35;50
BAO;41023;31VR;0;0;0;0;0;0;0;0;0;0;0;5;6;9;15
BAO;41023;32CF;0;0;0;0;0;0;0;0;0;0;0;0;*;*;0
BAO;41039;05NJ;18;20;22;24;24;19;23;25;12;11;12;14;0;12;12
BAO;41039;05OU;17;15;19;18;19;23;25;26;27;28;28;30;26;21;19
BAO;41039;06QO;8;6;8;8;11;10;10;10;11;10;10;10;10;9;9
BAO;41039;06SN;17;15;13;13;14;14;12;11;11;11;11;12;0;12;11
BAO;41039;06TC;16;15;16;14;18;13;13;14;14;13;13;13;0;11;12
BAO;41039;07JE;26;27;24;25;22;22;20;22;22;22;24;20;0;20;20
BAO;41039;07ME;13;12;14;14;15;15;13;12;14;13;12;14;12;12;11
BAO;41039;08BI;14;11;12;14;12;12;13;15;15;15;18;17;13;15;12
BAO;41039;08LZ;19;13;14;13;16;15;16;17;18;15;17;17;15;10;10
BAO;41039;09MP;32;29;26;26;28;24;26;25;34;26;28;29;0;30;28
BAO;41039;10YS;22;19;18;17;15;14;12;12;13;14;14;13;0;14;14
BAO;41052;03LC;10;10;10;11;9;10;11;11;11;13;15;12;10;9;9
BAO;41052;05OD;16;16;15;15;11;9;9;9;11;12;10;11;10;11;11
BAO;41052;06ZY;8;9;9;8;7;7;9;9;9;9;11;11;11;10;10
BAO;41052;07WO;14;14;13;15;13;16;16;18;17;19;16;17;13;13;13
BAO;41052;08CT;6;8;7;10;9;10;10;11;13;15;12;12;11;12;11
BAO;41052;10YA;9;9;9;12;13;14;14;14;15;15;12;13;15;15;13
BAO;41052;11LS;18;14;15;14;13;14;15;17;19;22;22;22;23;27;23
BAO;41052;11WZ;20;18;18;19;18;21;19;18;21;23;19;17;15;16;18
BAO;41053;07WT;63;66;69;74;74;86;0;101;108;105;114;113;103;103;107
BAO;41071;03GE;27;27;22;42;47;41;31;27;34;33;38;40;42;36;33
BAO;41071;03WW;25;21;22;19;19;14;0;0;0;0;0;0;0;0;0
BAO;41071;04FI;30;35;38;40;41;36;35;34;35;16;23;20;20;20;14
BAO;41071;05SR;29;27;29;32;36;38;43;50;50;51;66;72;75;40;36
BAO;41071;06NO;52;52;44;43;43;46;45;44;46;45;53;59;58;50;50
BAO;41071;07JD;25;0;0;0;0;0;0;0;0;0;0;0;0;0;0
BAO;41071;07ZC;28;27;28;27;29;33;29;32;32;30;35;38;35;32;32
BAO;41071;08AO;47;42;46;31;31;21;15;13;8;15;15;21;18;15;15
BAO;41071;08GN;19;16;17;18;17;19;17;16;14;16;10;19;18;15;17
BAO;41071;08UY;23;30;37;33;32;33;33;59;68;78;85;76;32;26;27
BAO;41071;09CW;31;34;45;28;26;28;18;26;30;35;43;43;43;41;43
BAO;41071;09TC;12;15;17;16;12;15;16;14;20;26;33;30;30;30;32
BAO;41071;10MO;33;32;29;29;26;23;21;19;18;21;22;26;23;20;17
BAO;41071;11BY;23;24;26;27;26;27;25;24;22;19;26;25;23;22;19
BAO;41071;11OS;46;43;41;36;29;29;26;22;22;22;33;32;27;26;21
BAO;41071;12XS;26;28;29;28;29;24;19;17;19;18;23;25;24;21;22
BAO;41071;13DM;29;27;25;21;15;11;11;14;14;13;17;18;16;15;19
BAO;41071;13NX;28;27;28;26;28;25;21;22;20;19;29;29;27;26;27
BAO;41071;14CL;44;43;47;47;51;49;45;53;46;50;53;50;55;52;46
BAO;41071;14FG;33;31;31;33;30;24;19;5;6;12;15;19;24;23;26
BAO;41071;14HY;25;27;30;32;31;31;26;31;32;32;42;44;39;34;34
BAO;41071;14KP;29;30;31;27;29;25;22;23;21;21;21;19;20;50;56
BAO;41071;15FO;34;37;38;40;35;34;35;32;25;20;26;23;18;19;19
BAO;41071;24PA;68;67;61;62;55;54;54;55;55;58;65;55;54;49;49
BAO;41071;27XK;43;47;50;54;54;54;57;60;65;62;63;69;68;63;56
BAO;41081;04SR;32;32;32;34;33;35;36;37;38;37;40;41;45;40;39
BAO;41081;26PZ;40;42;45;42;43;41;42;40;43;42;45;41;44;37;35
BAO;41090;03PX;20;19;21;21;18;18;17;17;18;20;20;20;18;22;24
BAO;41090;03RT;11;11;13;13;12;11;13;13;13;13;14;16;13;14;16
BAO;41090;03VR;41;41;41;41;40;38;40;44;45;39;44;46;48;50;46
BAO;41090;04TA;9;11;10;11;10;10;10;13;13;11;13;11;11;11;11
BAO;41090;04XC;24;24;21;20;20;21;21;23;25;24;26;26;28;27;26
BAO;41090;06KV;46;48;53;48;49;48;46;47;50;51;55;59;58;57;56
BAO;41090;08MR;9;9;9;9;9;10;10;10;9;9;9;11;10;10;9
BAO;41125;05PF;12;12;11;11;11;38;43;44;10;10;11;11;10;11;12
BAO;41125;05QA;9;10;8;9;10;9;9;10;10;10;10;10;11;12;9
BAO;41125;05QB;9;8;8;8;8;8;8;8;7;8;8;9;8;8;7
BAO;41125;05US;11;9;9;9;7;8;10;13;10;9;10;9;10;10;7
BAO;41125;05VD;10;10;9;8;8;8;9;10;10;9;9;9;9;9;8
BAO;41125;06HD;35;48;47;43;49;56;30;31;31;32;36;35;33;29;29
BAO;41125;12RW;13;14;14;22;22;26;24;23;25;22;23;22;23;21;22
BAO;41125;13ER;16;14;16;15;14;15;15;15;16;16;15;14;14;15;14
BAO;41125;13KB;31;30;28;28;26;24;24;25;24;23;26;25;19;21;22
BAO;41125;13KU;23;17;17;19;21;20;23;24;23;21;22;22;18;22;17
BAO;41125;13PP;23;25;25;26;28;26;28;32;31;27;30;28;29;26;26
BAO;41125;13TQ;15;10;10;10;9;11;13;12;14;16;16;14;13;15;12
BAO;41125;13WZ;21;21;24;26;25;20;21;22;23;21;22;23;21;23;21
BAO;41125;29UM;20;26;29;30;30;34;32;37;39;36;42;41;43;42;41
BAO;41127;05SF;10;11;10;13;11;13;13;15;14;14;14;14;14;14;13
BAO;41127;05SK;25;22;20;19;19;21;20;22;21;21;21;22;23;23;20
BAO;41127;06RY;11;11;13;13;13;14;14;15;17;15;14;13;11;13;10
BAO;41127;07BN;13;11;11;12;15;14;16;15;21;25;18;21;20;19;18
BAO;41127;07NI;10;10;10;12;11;11;10;10;10;11;11;11;12;11;11
BAO;41127;07XL;18;16;15;13;13;13;13;15;15;16;16;17;15;17;17
BAO;41127;07YN;34;33;33;34;34;39;33;34;33;33;31;33;29;30;33
BAO;41127;07YY;16;17;18;16;16;18;20;21;17;14;15;14;16;17;17
BAO;41127;08AW;35;32;30;29;21;20;19;21;20;21;22;18;18;22;20
BAO;41127;11CE;24;24;22;22;22;23;19;22;22;26;24;23;23;22;22
BAO;41127;11PD;38;38;34;34;34;33;34;35;38;42;34;35;36;34;31
BAO;41127;12AH;19;17;14;15;14;15;14;17;17;17;13;16;17;17;18
BAO;41127;12YV;17;19;15;14;14;16;17;21;21;22;19;20;15;15;17
BAO;41127;13KD;25;23;22;20;20;21;24;28;25;24;25;48;48;48;46
BAO;41138;05MC;24;23;22;31;39;40;41;40;41;44;40;45;20;21;23
BAO;41138;05MT;18;16;16;13;13;13;15;17;17;18;17;15;14;15;14
BAO;41138;05QP;8;8;7;7;10;9;7;12;9;11;13;12;10;9;10
BAO;41138;05RK;28;24;24;22;19;21;20;20;19;19;21;18;19;18;18
BAO;41138;06DX;15;13;15;15;14;12;11;11;13;13;12;12;12;12;10
BAO;41138;06TA;12;10;10;10;9;9;9;11;12;14;14;10;9;11;10
BAO;41138;06ZS;12;9;9;10;10;9;9;9;9;10;12;11;11;10;11
BAO;41138;07LI;49;38;34;33;30;27;24;22;20;19;22;21;21;19;22
BAO;41138;07XQ;19;18;20;18;18;15;12;17;13;11;15;13;11;10;12
BAO;41138;08XD;16;16;14;15;12;10;10;10;10;9;10;9;10;11;12
BAO;41138;10MX;29;29;29;28;32;31;29;35;35;36;35;36;32;33;32
BAO;41138;11WN;33;28;26;24;21;16;15;13;15;18;21;21;18;19;21
BAO;41138;12AE;36;32;28;27;24;21;21;21;25;22;21;19;19;18;11
BAO;41138;12GB;16;13;15;17;15;16;18;17;17;21;22;20;23;25;22
BAO;41138;12JL;15;17;17;14;16;18;15;19;22;21;19;17;18;21;19
BAO;41138;12QH;29;21;20;21;22;22;25;26;23;25;25;27;25;25;24
BAO;41138;23EX;21;23;24;31;30;28;26;34;35;37;38;34;29;27;27
BAO;41142;04PI;22;23;21;22;24;23;24;28;29;28;32;34;32;33;0
BAO;41142;26RA;15;20;12;12;12;10;9;10;11;0;14;16;13;14;0
BAO;41142;30FV;8;10;15;15;18;19;24;31;25;25;27;28;30;30;0
BAO;41142;30KE;5;11;11;13;19;25;28;31;27;27;29;30;26;27;0
BAO;41148;04ZS;13;13;11;13;12;11;10;*;11;11;12;12;12;10;9
BAO;41148;05FV;18;19;17;17;18;17;15;*;16;16;14;18;13;11;11
BAO;41148;06KD;19;20;19;20;16;14;14;*;10;13;12;10;12;12;10
BAO;41148;07UA;30;24;25;22;20;18;16;16;16;16;17;17;14;13;16
BAO;41148;08ZN;26;24;24;25;24;20;18;22;18;23;25;23;24;24;23
BAO;41148;09WL;32;30;29;29;29;29;29;*;32;30;31;29;28;25;23
BAO;41148;09WU;24;22;20;23;18;20;16;18;15;16;17;15;18;25;22
BAO;41148;10PC;55;56;49;50;51;35;32;*;27;28;32;29;29;32;32
BAO;41148;11ED;24;22;21;20;17;17;16;*;18;21;26;27;24;22;23
BAO;41148;11QO;19;17;19;19;19;28;21;*;23;20;20;21;19;18;18
BAO;41148;12BI;27;25;21;21;21;20;20;*;23;23;25;25;27;27;24
BAO;41148;28CH;26;27;28;27;28;21;14;*;19;19;18;18;20;22;23
BAO;41149;27ET;0;0;0;0;0;0;0;0;0;0;0;0;0;0;0
BAO;41154;05RO;20;24;21;23;25;25;19;19;17;17;18;19;19;18;20
BAO;41154;07RS;39;39;34;34;32;36;32;34;33;38;38;35;33;36;33
BAO;41154;08BU;17;15;15;15;14;14;15;18;16;17;19;16;14;14;13
BAO;41154;08YM;56;47;43;39;35;35;30;30;28;32;32;36;36;36;35
BAO;41154;09WB;32;34;32;27;30;23;24;21;21;21;18;19;20;21;17
BAO;41154;11WD;39;39;40;38;36;36;38;39;43;43;44;48;45;48;47
BAO;41154;13CG;19;17;16;13;15;17;17;16;15;19;18;22;21;20;19
BAO;41154;13HR;63;66;65;26;23;26;26;26;29;28;35;37;40;38;35
BAO;41154;23CW;58;62;61;65;68;72;71;74;76;73;78;72;76;74;74
BAO;41154;30JP;8;12;14;18;24;23;19;20;23;22;27;27;25;24;28
BAO;41154;30XT;0;0;0;39;37;38;39;43;43;44;50;49;46;47;48
BAO;41167;03AH;21;21;17;19;11;10;12;12;14;15;14;15;13;13;15
BAO;41167;15SY;16;16;14;13;13;13;15;14;14;14;16;15;16;15;17
BAO;41167;21VR;32;25;21;21;20;19;21;25;26;24;25;25;25;24;28
BAO;41167;30AL;12;6;6;7;8;7;9;12;15;15;15;17;19;17;18
BAO;41184;04WG;19;18;22;22;23;21;22;24;26;27;26;22;22;23;22
BAO;41184;07OV;35;32;37;39;41;41;42;42;42;42;37;40;38;35;35
BAO;41191;04GB;17;22;20;16;16;16;18;17;18;19;21;22;18;20;19
BAO;41191;08IW;11;10;11;11;9;9;11;10;10;11;12;12;12;12;12
BAO;41191;08SX;33;29;28;19;19;21;21;17;16;16;18;22;22;19;19
BAO;41191;08TK;18;18;14;16;15;15;15;15;14;16;15;13;17;17;21
BAO;41191;09HP;39;39;35;34;35;34;30;32;27;28;28;32;28;20;18
BAO;41191;09RR;15;13;11;12;12;11;11;9;9;9;10;11;11;14;15
BAO;41191;10VU;15;18;15;15;17;14;17;15;16;16;18;19;18;22;19
BAO;41191;11JQ;22;24;24;21;19;22;20;20;20;16;18;20;18;13;15
BAO;41191;11SK;24;23;22;20;17;19;17;19;21;22;23;23;26;28;26
BAO;41191;12TX;45;42;40;39;34;27;27;26;21;20;19;17;17;16;17
BAO;41191;12VE;19;18;18;16;15;15;14;15;13;13;13;14;12;10;10
BAO;41191;13AE;13;12;12;13;16;15;15;15;18;16;16;15;17;19;20
BAO;41191;13BW;29;32;28;24;22;21;19;21;19;20;24;27;23;27;26
BAO;41191;24MY;25;28;22;20;19;21;19;20;19;20;20;20;20;18;18
BAO;41191;24UA;36;33;26;19;17;16;19;18;15;21;22;23;22;20;20
BAO;41194;04NT;15;13;12;12;34;32;13;14;14;15;17;15;15;18;19
BAO;41194;04RQ;39;41;35;33;31;34;35;36;38;40;24;24;24;27;27
BAO;41194;04RV;27;28;25;23;22;23;22;19;18;24;22;24;23;20;21
BAO;41194;05QI;17;14;13;11;15;12;15;17;17;16;15;17;14;13;15
BAO;41194;05QX;38;33;31;29;26;29;23;20;17;19;17;15;13;20;21
BAO;41194;05VG;12;14;15;17;17;17;18;18;18;17;18;12;14;14;14
BAO;41194;06YA;24;25;20;17;16;17;16;15;18;16;16;20;19;19;21
BAO;41194;07OH;16;15;13;15;12;13;14;15;13;12;16;15;15;14;16
BAO;41194;09BO;24;25;24;22;20;22;23;20;17;17;20;17;23;20;23
BAO;41194;09BY;41;44;39;42;39;41;38;37;30;31;28;31;31;35;30
BAO;41194;09YF;22;22;21;23;19;20;21;19;17;19;19;21;24;22;25
BAO;41194;10QM;33;31;28;28;26;29;21;20;20;16;18;19;18;16;19
BAO;41194;10QS;21;21;18;19;16;15;17;17;16;16;34;31;26;23;24
BAO;41194;12GA;38;39;37;39;35;33;30;29;26;28;26;30;24;27;23
BAO;41194;12PA;22;20;20;20;20;22;19;19;20;27;30;37;36;36;35
BAO;41194;22KE;64;60;50;47;40;38;35;35;32;29;28;24;23;22;20
BAO;41196;04VK;16;21;15;13;13;13;13;14;15;17;14;13;15;13;13
BAO;41196;05NN;10;8;6;7;7;8;8;8;8;7;7;8;8;8;7
BAO;41196;05RN;8;10;7;7;6;5;11;8;10;9;10;10;13;12;13
BAO;41196;05SE;13;12;10;10;10;10;11;9;10;11;11;9;9;11;11
BAO;41196;05SX;20;22;18;18;17;17;11;13;12;11;13;13;13;11;13
BAO;41196;07LB;13;12;9;8;7;7;7;9;11;10;10;10;10;10;12
BAO;41196;08PR;10;12;8;7;7;7;9;13;12;10;10;9;10;13;13
BAO;41196;09NT;31;22;22;20;19;19;20;20;23;22;26;26;28;29;30
BAO;41213;27KA;37;32;34;36;36;36;39;43;42;40;40;38;42;44;44
BAO;41223;03UQ;27;25;49;41;38;64;69;63;65;76;64;59;72;92;92
BAO;41223;03UR;24;19;21;22;21;19;20;25;32;31;29;29;22;22;23
BAO;41223;03VG;17;17;17;18;13;13;14;16;16;16;15;15;16;16;16
BAO;41223;05DJ;15;14;12;12;13;10;10;10;10;10;12;12;10;12;10
BAO;41223;06ME;24;20;23;22;28;30;27;24;24;25;25;23;24;18;18
BAO;41223;06VX;17;15;14;13;14;13;11;11;12;12;15;15;15;15;15
BAO;41223;06XD;20;20;18;16;16;14;13;14;13;14;15;17;16;17;15
BAO;41223;07SM;21;19;18;18;18;17;16;16;19;19;20;24;24;24;25
BAO;41223;08NN;15;13;12;12;12;12;12;11;12;14;15;14;16;15;16
BAO;41223;08YV;28;25;27;25;22;22;23;29;29;29;31;32;29;32;27
BAO;41223;09KU;45;47;43;47;48;40;43;39;35;32;25;27;22;21;17
BAO;41223;09MJ;28;25;26;24;25;27;25;25;24;22;30;27;26;29;26
BAO;41223;09MK;8;10;10;11;10;7;7;8;8;8;10;12;11;11;10
BAO;41223;10EW;22;21;17;15;18;11;16;14;13;14;16;16;17;17;15
BAO;41223;10FW;19;16;17;17;18;17;16;17;19;19;20;24;25;26;27
BAO;41223;10HE;18;19;17;16;14;17;22;22;23;24;22;22;23;23;24
BAO;41223;11KR;19;16;16;16;17;15;16;17;16;18;17;18;18;18;19
BAO;41223;11NH;27;26;25;24;22;18;16;16;15;12;14;13;15;14;18
BAO;41223;12FV;9;9;7;0;0;0;0;0;0;0;0;0;0;0;0
BAO;41223;16UM;34;33;31;30;33;28;28;28;27;26;27;32;32;34;35
BAO;41223;16UU;26;23;23;24;22;25;28;27;25;26;23;25;24;28;26
BAO;41223;24AN;10;10;10;9;9;*;*;0;0;0;0;0;0;0;0
BAO;41226;01VR;20;20;20;22;22;23;23;21;21;21;21;23;20;20;21
BAO;41226;05VO;36;38;33;34;34;35;33;35;33;36;35;37;36;32;29
BAO;41226;15NX;22;21;19;19;18;19;20;19;11;5;0;0;0;0;0
BAO;41226;15QM;21;23;24;22;22;21;22;22;24;21;27;29;26;25;26
BAO;41226;23CT;23;22;23;22;19;20;20;13;13;10;11;11;8;8;9
BAO;41226;23EF;14;14;15;14;14;12;12;12;14;16;18;17;19;20;20
BAO;41226;27PN;23;25;28;27;26;29;32;40;37;38;37;36;39;41;43
BAO;41228;00CD;19;18;18;15;16;12;13;16;17;16;19;18;18;21;21
BAO;41228;03HA;30;38;37;38;38;37;42;44;41;40;51;51;52;51;64
BAO;41228;03PW;21;22;23;19;20;15;16;16;16;14;13;27;29;27;15
BAO;41228;03SW;21;25;20;17;18;17;18;17;19;18;19;17;18;17;16
BAO;41228;03US;28;26;25;25;26;25;25;23;23;23;22;22;22;21;23
BAO;41228;03XQ;17;19;18;16;16;17;17;17;17;17;19;16;15;13;11
BAO;41228;05CN;31;29;35;26;24;24;25;24;23;24;26;27;24;24;26
BAO;41228;05CO;13;14;14;12;13;10;11;12;11;11;12;11;11;11;12
BAO;41228;06DW;17;18;16;16;15;14;15;15;14;14;16;14;15;16;16
BAO;41228;06JT;68;66;64;60;57;51;51;51;48;45;46;46;50;49;46
BAO;41228;06MH;29;22;20;20;22;21;21;23;22;21;26;22;22;24;25
BAO;41228;06WH;9;11;8;10;11;12;11;12;11;12;13;16;14;14;14
BAO;41228;07BW;47;45;43;39;40;42;40;39;35;34;37;40;21;22;17
BAO;41228;07SH;37;38;38;35;35;33;34;35;36;37;36;35;32;30;30
BAO;41228;08NO;34;35;34;36;36;32;32;36;37;37;37;38;40;40;37
BAO;41228;08PO;23;25;22;24;23;23;24;25;24;20;21;20;20;19;18
BAO;41228;08TV;38;39;35;33;32;34;32;29;26;24;26;21;20;19;18
BAO;41228;14ZY;10;10;11;11;11;11;12;12;11;9;11;10;11;10;10
BAO;41228;24TA;14;15;17;16;15;16;18;17;17;18;19;18;19;18;18
BAO;41228;32BP;0;0;0;0;0;0;0;0;0;0;0;0;20;19;19
BAO;41233;12WP;0;0;0;0;0;0;0;0;0;0;0;0;0;0;0
BAO;41239;04JF;16;17;15;16;17;19;19;21;18;20;20;24;23;24;24
BAO;41239;04TK;26;26;24;23;23;24;23;25;30;26;26;28;28;30;29
BAO;41239;04VV;11;13;13;15;13;17;25;28;26;32;36;47;38;35;33
BAO;41239;05AY;9;10;9;9;9;8;7;7;9;8;9;11;9;9;9
BAO;41239;05NM;6;7;8;8;8;9;9;9;10;12;12;11;12;11;11
BAO;41239;06OW;19;18;17;18;16;18;19;18;18;17;17;20;20;17;15
BAO;41239;06WN;23;21;20;20;18;20;19;19;23;20;19;18;18;20;17
BAO;41239;07JC;25;25;26;26;24;26;24;27;24;22;25;26;23;22;23
BAO;41239;07ZY;38;38;36;38;36;33;29;0;35;30;34;36;34;30;32
BAO;41239;08BK;28;29;28;29;28;31;33;39;36;41;39;42;44;44;41
BAO;41239;09UJ;30;29;30;29;28;29;26;25;25;24;33;34;34;32;31
BAO;41242;06GW;22;22;24;26;26;27;27;28;27;28;29;29;26;28;30
BAO;41242;06UZ;16;15;18;18;18;17;19;20;20;19;21;19;20;18;19
BAO;41242;07WX;20;17;19;20;17;17;18;23;22;22;24;22;17;19;19
BAO;41242;08KO;21;21;22;21;21;20;21;22;23;21;20;22;18;19;20
BAO;41242;09BJ;20;19;17;17;17;15;18;19;19;19;20;21;21;22;25
BAO;41242;19RY;25;25;23;23;23;24;27;28;27;28;25;28;23;29;29
BAO;41242;19TK;20;19;21;25;20;17;17;20;22;19;18;19;19;18;24
BAO;41242;19UH;18;20;19;21;19;22;21;23;24;22;21;27;24;21;22
BAO;41242;19VY;46;40;41;40;43;44;48;50;49;44;55;42;23;19;23
BAO;41246;00CU;13;11;24;22;25;22;23;26;30;30;30;29;28;24;26
BAO;41246;04AZ;12;13;10;13;12;10;10;10;14;13;13;13;12;15;17
BAO;41246;04BT;13;12;13;14;15;17;17;19;23;21;21;17;19;18;19
BAO;41246;04EB;0;0;0;0;0;0;0;0;0;0;0;0;0;0;0
BAO;41246;04EC;17;16;16;17;19;19;20;22;20;20;22;22;23;21;22
BAO;41246;04FX;16;16;15;13;13;14;13;14;19;19;22;25;22;25;24
BAO;41246;06TT;15;14;12;12;14;17;18;19;22;23;25;24;29;26;27
BAO;41246;06UF;16;17;16;17;19;20;20;21;26;21;20;23;22;24;24
BAO;41246;06UK;21;23;21;21;23;22;23;21;21;20;20;21;21;20;19
BAO;41246;06XR;19;20;21;25;24;24;25;25;27;29;26;23;25;25;25
BAO;41246;07CC;27;26;27;28;30;30;32;32;35;36;38;37;36;33;32
BAO;41246;07CP;16;16;17;19;20;20;21;25;28;31;36;36;34;31;32
BAO;41246;09NZ;29;35;32;33;36;38;38;46;49;54;56;55;54;49;47
BAO;41246;09PH;15;13;15;14;15;19;15;14;14;14;16;17;15;16;15
BAO;41246;21NB;23;21;26;26;26;24;27;27;24;29;31;31;30;29;26
BAO;41246;22NL;26;26;26;30;26;30;29;33;36;39;43;49;57;55;55
BAO;41246;31FJ;0;0;0;0;0;0;7;10;10;8;12;11;13;15;15
BAO;41246;31VX;0;0;0;0;0;0;0;0;0;0;0;*;5;7;*
BAO;41246;32GY;0;0;0;0;0;0;0;0;0;0;0;0;0;0;6
BAO;41248;13BP;75;71;62;54;55;55;57;52;52;52;34;34;39;40;35
BAO;41248;13HD;22;20;21;17;19;17;19;16;19;19;16;15;21;18;16
BAO;41248;13MG;25;27;30;27;31;31;32;33;32;35;35;38;37;36;36
BAO;41248;13RA;15;14;15;13;15;16;18;15;16;19;21;24;26;30;33
BAO;41248;13YM;16;16;14;16;15;17;18;18;18;17;18;18;18;16;14
BAO;41248;14BT;21;20;20;18;18;18;17;20;22;22;20;21;24;24;22
BAO;41248;14EV;25;22;20;24;21;21;22;25;26;26;25;25;28;27;23
BAO;41248;14HO;42;38;40;31;31;29;29;31;31;30;30;29;29;27;29
BAO;41248;17LW;33;33;35;35;30;33;31;35;34;36;36;39;44;43;41
BAO;41248;17NO;20;20;19;20;20;19;19;19;19;19;18;22;22;20;21
BAO;41248;17NZ;33;34;32;34;33;33;36;36;36;40;39;36;37;40;38
BAO;41248;17PF;44;43;41;40;41;39;38;36;35;33;30;29;31;31;26
BAO;41248;17QK;21;17;15;17;16;16;16;19;19;20;17;17;18;16;17
BAO;41248;17RM;49;45;50;45;47;43;46;51;51;53;50;50;59;55;52
BAO;41248;17RY;36;35;35;35;36;34;34;35;63;74;91;108;112;119;117
BAO;41248;21NA;16;16;16;17;14;16;17;18;16;17;16;18;19;20;20
BAO;41248;23RA;23;21;22;21;21;23;25;24;27;25;19;24;25;26;25
BAO;41248;24AD;29;28;32;32;33;37;41;43;47;48;48;50;53;46;46
BAO;41248;26PL;53;51;53;56;56;57;62;64;62;64;51;57;55;55;53
BAO;41251;03TL;28;28;28;32;28;28;28;28;29;31;25;22;24;23;23
BAO;41251;05RV;27;26;28;29;27;25;29;32;30;28;29;24;27;23;24
BAO;41251;05UN;22;17;19;20;20;16;20;22;20;18;21;22;25;22;20
BAO;41251;07TN;24;22;23;25;23;23;27;23;25;29;30;29;23;25;24
BAO;41251;08XR;47;48;46;46;43;44;47;49;46;41;39;38;39;33;33
BAO;41251;08YN;37;36;36;35;34;31;29;33;35;29;32;34;32;31;30
BAO;41251;08YO;36;34;36;35;33;32;32;36;40;38;42;44;44;46;51
BAO;41251;09CL;34;33;30;29;29;27;28;24;26;23;20;20;19;16;16
BAO;41251;09VE;28;26;26;24;22;21;23;24;24;27;25;21;23;17;15
BAO;41251;09WP;37;31;33;28;28;24;27;28;27;24;24;24;22;23;23
BAO;41251;10OD;32;25;28;24;20;20;22;26;30;27;32;33;40;38;42
BAO;41251;15UZ;35;36;38;36;37;35;37;37;34;30;31;26;26;28;24
BAO;41251;15XF;28;23;20;16;17;18;17;19;23;24;24;28;23;23;26
BAO;41251;16BA;26;28;29;27;22;24;23;22;23;24;23;21;23;20;21
BAO;41251;16DY;45;41;38;37;35;35;39;40;44;46;46;43;48;44;45
BAO;41251;16YE;35;31;29;23;19;19;19;20;21;18;23;23;22;26;26
BAO;41251;22KA;44;40;42;38;40;37;35;40;40;43;42;46;43;43;42
BAO;41251;22KB;26;25;25;27;28;27;25;27;28;25;29;28;29;30;32
BAO;41251;26BC;32;30;31;29;28;23;20;22;20;18;16;14;15;11;13
BAO;41251;27YV;16;14;14;14;16;15;16;17;22;20;21;20;19;21;20
BAO;41251;30AH;28;29;26;27;25;25;26;29;30;29;26;27;26;25;26
BAO;41251;30FU;17;21;29;32;36;40;48;51;56;54;54;53;46;46;49
BAO;41251;32HF;0;0;0;0;0;0;0;0;0;0;0;0;0;0;*
BAO;41256;27MA;56;59;70;73;39;33;31;34;34;56;57;66;63;63;71
BAO;41256;30GJ;7;15;26;28;0;0;0;0;0;38;43;49;56;61;67
BAO;41256;30WZ;0;0;0;*;6;8;11;0;0;0;0;0;0;0;0
BAO;41261;03DF;6;8;9;10;7;11;9;11;9;8;9;8;10;11;9
BAO;41261;03DG;11;9;10;11;7;6;9;9;10;10;10;10;11;9;8
BAO;41261;03EI;12;13;12;10;11;11;11;11;14;13;10;8;8;8;8
BAO;41261;03KP;21;26;36;43;34;34;44;43;10;12;11;12;13;14;17
BAO;41261;05TO;22;20;20;22;19;17;14;14;14;15;17;13;15;16;16
BAO;41261;05UG;10;9;10;9;8;9;9;7;7;9;8;8;8;6;7
BAO;41261;05UU;17;18;21;19;17;18;18;13;16;14;13;15;13;14;10
BAO;41261;05XE;15;17;16;17;18;17;17;18;24;20;19;19;18;17;14
BAO;41261;06AL;9;10;10;10;8;10;10;16;20;16;12;13;10;10;12
BAO;41261;06AO;15;15;15;12;9;9;10;10;12;8;10;8;10;10;8
BAO;41261;07WQ;30;30;32;33;23;23;21;20;22;21;12;11;16;18;15
BAO;41261;07ZO;32;25;24;19;17;24;21;18;19;12;10;14;13;13;13
BAO;41261;08AY;7;8;8;9;7;7;9;8;9;11;10;8;9;11;8
BAO;41261;08AZ;9;9;8;7;7;8;7;6;7;7;7;7;7;9;8
BAO;41261;08BL;12;11;10;10;12;11;10;10;12;12;10;11;10;10;10
BAO;41261;08BO;11;13;14;13;12;11;14;14;13;14;14;13;13;12;13
BAO;41261;08BW;19;19;18;17;17;14;8;7;9;9;10;10;13;14;14
BAO;41261;08BY;17;17;13;14;13;6;5;5;*;5;6;6;6;9;8
BAO;41261;08FW;12;14;14;14;11;14;14;16;16;20;18;35;38;38;38
BAO;41261;09BL;40;39;41;37;31;30;23;25;25;29;30;30;31;30;34
BAO;41261;09GB;24;25;21;21;20;19;18;21;21;23;25;21;23;25;27
BAO;41261;11UJ;17;17;17;13;11;*;5;*;5;5;6;6;10;10;10
BAO;41261;12ED;24;23;21;19;20;18;25;22;25;30;34;31;14;16;15
BAO;41261;15CG;9;7;6;6;5;6;8;8;10;8;8;9;10;10;9
BAO;41261;15DS;11;11;11;9;9;10;10;9;11;11;12;9;12;11;11
BAO;41261;18EG;12;8;7;9;7;7;7;9;10;9;9;9;11;12;10
BAO;41261;18GA;13;12;13;11;12;11;11;13;13;11;10;11;11;11;9
BAO;41261;18HF;12;16;14;11;9;10;11;12;12;11;12;13;14;13;11
BAO;41261;19KB;14;17;17;16;17;18;16;19;18;17;16;16;19;18;16
BAO;41261;19LH;9;7;7;7;8;8;9;10;10;11;9;10;9;8;9
BAO;41270;04QU;22;21;18;18;17;13;15;16;19;20;19;19;15;18;10
BAO;41270;04TV;9;10;7;7;7;7;5;6;6;8;8;6;7;7;7
BAO;41270;05TY;24;24;22;21;19;20;22;21;23;22;20;21;21;23;21
BAO;41270;06EL;17;18;15;13;12;12;12;16;14;12;13;10;13;8;7
BAO;41270;06YR;24;19;15;11;9;9;9;11;10;12;13;14;14;16;13
BAO;41270;07ED;23;22;16;13;12;14;16;19;13;12;11;12;10;13;11
BAO;41270;07KA;21;25;19;18;19;17;17;24;20;21;23;23;25;24;24
BAO;41270;07NW;11;11;11;11;9;10;9;9;12;10;10;7;6;8;7
BAO;41270;10IM;28;29;22;20;19;23;25;29;44;33;30;40;37;30;28
BAO;41270;11FW;29;24;23;21;21;18;16;22;18;16;16;18;15;15;11
BAO;41270;11RR;15;15;12;11;11;10;10;10;12;10;9;10;13;13;11
BAO;41270;12CF;18;19;14;12;12;10;12;16;14;14;15;18;18;26;21
BAO;41270;12LH;30;26;27;25;21;18;26;26;30;27;22;17;17;18;21
BAO;41270;15DQ;11;11;9;9;9;10;7;7;7;5;6;5;6;7;7
BAO;41282;04MO;13;9;7;7;8;9;8;0;0;0;0;0;0;0;0
BAO;41282;04RK;27;26;28;21;22;22;23;13;12;13;17;16;15;13;15
BAO;41282;04VG;29;27;35;24;19;17;17;17;18;18;19;17;15;14;16
BAO;41282;05MA;13;13;14;13;12;10;11;14;12;13;15;11;12;10;11
BAO;41282;05YL;11;9;9;8;8;8;9;10;7;8;8;8;8;7;8
BAO;41282;06NI;34;34;35;37;40;41;46;44;17;20;19;16;15;12;12
BAO;41282;08AG;10;9;8;8;9;8;10;10;12;14;14;14;13;12;11
BAO;41282;09LK;11;9;12;11;10;10;14;12;9;12;13;12;12;10;10
BAO;41282;10GM;11;11;10;10;14;16;16;16;15;16;16;19;16;16;14
BAO;41286;04PE;24;23;20;21;20;18;28;29;38;35;33;41;38;18;16
BAO;41286;06PL;9;9;8;9;10;9;8;8;9;8;10;10;10;10;9
BAO;41286;07KH;18;18;18;16;19;17;15;16;19;17;22;21;25;22;20
BAO;41286;07MB;24;24;24;25;24;21;21;26;24;24;24;20;19;18;17
BAO;41286;07ZQ;20;20;20;17;17;18;17;17;18;21;18;15;17;14;16
BAO;41286;08OX;18;19;17;18;14;11;14;14;17;15;19;17;17;19;17
BAO;41286;09SQ;23;22;22;21;22;19;18;23;24;24;23;24;22;24;25
BAO;41286;10ME;25;22;23;25;23;24;23;31;29;30;29;31;31;29;29
BAO;41286;11BO;17;17;18;19;18;16;16;19;15;19;17;17;19;19;18
BAO;41286;11OH;22;23;22;23;23;23;22;24;29;28;28;30;29;30;31
BAO;41286;11ZP;17;17;16;16;17;20;18;19;25;23;24;24;22;22;22
BAO;41286;12RL;12;11;12;12;12;13;16;17;20;24;26;26;26;24;23
BAO;41286;24ZD;38;38;40;36;38;38;37;36;37;42;39;40;35;37;35
BAO;41293;09LO;28;28;33;32;34;35;38;43;43;41;42;39;35;24;23
BAO;41293;10ZZ;17;17;17;18;20;18;18;18;21;22;23;24;20;23;24
BAO;41293;11RH;28;27;27;25;24;21;21;16;22;22;21;20;20;22;19
BAO;41293;11YP;23;26;25;24;22;19;20;20;23;29;26;28;29;30;29
BAO;41293;12LB;29;28;28;27;24;23;22;22;26;24;23;20;19;21;20
BAO;41296;04NH;39;23;28;29;35;41;47;44;52;57;65;57;58;68;60
BAO;41296;06QZ;21;15;17;16;19;20;21;19;19;18;23;22;20;22;24
BAO;41296;06RD;16;16;13;19;19;24;20;21;19;23;27;24;20;18;25
BAO;41296;07EX;33;29;34;31;32;32;34;35;38;41;42;41;40;47;52
BAO;41296;09DF;42;45;47;45;44;57;55;57;61;62;26;26;27;27;28
BAO;41296;09NN;53;47;47;44;44;48;46;45;45;46;50;52;51;51;50
BAO;41296;09ZG;38;35;33;34;42;48;52;56;60;47;52;50;51;51;50
BAO;41296;24RA;15;15;13;13;11;18;17;18;16;16;20;19;21;19;20
BAO;41296;24RB;21;17;18;20;17;16;19;17;15;18;22;18;24;25;29
BAO;41296;31FK;0;0;0;0;0;0;5;9;13;12;20;20;21;20;24
BAO;41296;31RX;0;0;0;0;0;0;0;0;0;0;49;52;48;50;53
BAO;41296;32HD;0;0;0;0;0;0;0;0;0;0;0;0;0;0;8
BAO;41316;11LF;54;52;37;29;34;30;32;34;33;35;37;36;31;33;33
BAO;41316;11WQ;23;21;20;21;23;24;26;25;26;21;23;19;16;15;18
BAO;41316;13CL;28;27;23;17;17;18;18;19;20;19;20;20;21;19;20
BAO;41324;03TN;41;39;43;42;42;44;48;51;51;54;55;48;45;41;36
BAO;41324;04EN;18;18;17;18;16;18;18;19;20;18;21;21;24;20;17
BAO;41324;04NS;25;26;26;26;26;26;29;31;31;31;34;32;27;28;32
BAO;41324;07AJ;14;15;15;16;15;15;15;18;17;18;19;21;21;23;18
BAO;41324;23FH;29;26;23;22;19;18;16;19;18;19;20;19;19;11;13
BAO;41335;00GZ;11;13;13;12;13;13;11;9;8;0;0;0;0;0;0
BAO;41337;04KO;9;7;7;7;7;8;0;0;0;0;0;0;0;0;0
BAO;41337;04TN;11;11;10;11;11;10;12;12;12;13;13;10;11;12;14
BAO;41337;07EY;8;0;0;0;0;0;0;0;0;0;0;0;0;0;0
BAO;41337;08WO;12;10;11;18;16;16;15;14;13;12;12;19;19;21;20
BAO;41337;09BK;35;34;16;14;18;19;18;20;21;25;24;24;22;22;22
BAO;41337;09UN;18;19;19;21;20;20;24;25;22;23;30;25;20;19;21
BAO;41337;09YB;25;23;29;27;25;30;27;27;31;23;23;21;20;19;18
BAO;41337;09YN;22;19;18;21;16;13;16;16;18;20;22;15;20;19;19
BAO;41337;10RI;24;22;22;20;21;20;21;21;21;22;23;24;31;23;24
BAO;41337;11CG;32;33;33;36;36;36;38;36;37;37;35;39;42;35;31
BAO;41337;12AC;20;19;19;19;18;17;22;18;22;21;21;22;24;25;24
BAO;41337;12JK;39;35;35;35;30;28;27;28;27;24;30;32;40;41;39
BAO;41337;12RV;24;27;28;33;30;32;34;34;27;24;24;20;22;21;23
BAO;41337;24RM;21;17;18;19;20;19;22;24;28;28;30;32;33;39;43
BAO;41337;30VD;0;0;19;28;27;30;28;29;32;29;34;33;27;23;26
BAO;41338;07OQ;29;27;31;28;29;20;21;22;25;26;28;27;29;29;24
BAO;41338;08WT;28;26;26;23;22;22;25;27;23;27;28;28;34;40;38
BAO;41338;10NP;38;31;33;32;34;30;28;28;28;29;29;32;41;44;47
BAO;41338;11PN;32;30;31;30;29;34;30;37;43;42;49;49;46;51;51
BAO;41338;12ZA;26;25;25;26;28;29;32;35;33;37;33;38;45;40;47
BAO;41338;17LB;18;16;17;20;19;20;22;25;25;29;25;30;30;29;31
BAO;41338;17LX;28;27;27;28;31;33;36;36;33;36;39;39;44;40;48
BAO;41338;17MO;35;33;32;34;35;36;36;38;40;36;39;43;47;45;48
BAO;41338;17ND;23;25;25;27;23;19;18;18;18;19;20;22;22;22;23
BAO;41338;17OB;42;40;40;44;42;40;37;38;36;35;24;26;28;27;32
BAO;41338;17OS;21;20;17;17;19;18;18;20;19;20;23;21;23;28;27
BAO;41338;17PH;25;19;19;20;23;20;23;22;24;21;17;20;18;17;22
BAO;41338;17QM;32;30;32;33;29;31;35;32;34;37;39;43;48;46;40
BAO;41338;17SY;37;38;42;41;41;43;44;45;48;50;52;50;53;55;58
BAO;41338;17TH;41;38;33;38;33;21;0;0;0;0;0;0;0;0;0
BAO;41340;03BY;12;12;12;14;14;15;16;16;22;23;22;27;28;29;31
BAO;41340;03TH;14;13;15;14;15;14;14;11;10;15;12;14;15;16;17
BAO;41340;03UA;17;15;13;13;13;13;12;12;11;11;11;10;10;10;12
BAO;41340;03VT;19;17;14;17;14;13;12;13;13;15;18;16;16;16;17
BAO;41340;04VI;9;8;9;11;13;11;9;8;8;8;8;8;8;9;8
BAO;41340;05ZR;60;50;46;40;35;30;28;24;25;25;22;23;24;28;27
BAO;41340;06JD;15;14;14;12;14;13;12;10;12;14;14;18;17;17;19
BAO;41340;06OK;13;13;12;10;11;11;12;10;10;10;9;10;10;14;16
BAO;41340;06SW;12;12;11;14;12;12;13;13;12;14;14;14;15;13;16
BAO;41340;06VA;14;13;13;13;11;12;11;11;9;10;11;11;11;11;11
BAO;41340;06ZB;23;25;20;23;19;17;15;13;13;13;12;10;12;13;14
BAO;41340;06ZC;32;28;21;21;19;18;21;19;21;22;24;25;27;26;29
BAO;41340;07CK;22;25;23;22;21;20;19;18;19;17;16;17;18;17;17
BAO;41340;08LY;32;34;31;27;26;23;20;21;18;18;17;18;17;18;21
BAO;41340;09LD;19;19;18;15;13;13;13;11;13;12;13;11;12;13;13
BAO;41340;09LR;46;40;32;31;28;26;23;22;19;20;16;17;17;17;16
BAO;41340;09PX;52;56;51;51;55;100;97;107;109;132;86;86;76;76;91
BAO;41340;10KS;27;21;18;18;20;19;18;17;18;17;16;18;17;19;18
BAO;41340;10XO;42;39;32;30;26;26;24;25;24;25;23;26;25;26;28
BAO;41340;21NO;39;39;33;28;36;37;48;45;49;21;22;22;25;26;27
BAO;41340;24DR;30;31;34;30;28;26;26;28;27;25;24;25;24;27;27
BAO;41343;07EN;9;9;9;10;10;11;11;12;13;15;15;15;15;15;15
BAO;41343;07FU;26;25;25;24;19;20;21;25;23;23;22;25;25;21;20
BAO;41343;07YW;18;15;14;15;14;15;19;16;18;16;15;16;15;19;19
BAO;41345;03EH;12;16;11;12;12;10;7;7;8;6;9;8;6;5;5
BAO;41345;10CJ;8;8;7;6;7;8;7;14;10;7;9;7;5;7;8
BAO;41345;10UZ;46;41;47;39;38;26;24;22;23;25;26;25;24;21;19
BAO;41345;11RX;10;9;10;11;11;10;10;11;12;10;14;12;11;10;11
BAO;41345;12CK;11;8;8;9;10;8;11;11;13;14;15;9;7;7;8
BAO;41345;12LM;12;10;9;9;9;10;9;11;9;8;10;8;7;5;7
BAO;41345;12TO;20;18;16;18;15;13;9;9;10;9;9;8;7;7;5
BAO;41345;12VQ;32;33;27;23;25;19;20;25;26;24;25;17;21;19;22
BAO;41345;13JJ;33;34;33;28;29;27;30;28;28;26;26;19;19;20;20
BAO;41345;13SQ;16;17;16;14;15;15;16;16;11;11;11;6;5;5;6
BAO;41345;13WE;14;16;15;16;16;18;15;18;17;17;20;18;20;18;17
BAO;41345;14CY;13;17;13;11;11;12;10;10;9;13;11;8;7;10;11
BAO;41345;14FS;15;16;14;14;15;13;12;17;16;14;14;12;12;10;9
BAO;41345;18GW;26;31;29;24;26;24;24;23;23;28;22;22;20;17;17
BAO;41345;19ML;25;34;27;23;21;17;22;24;24;25;28;26;26;21;20
BAO;41345;22JB;12;13;14;8;12;13;9;8;11;12;13;14;14;13;12
BAO;41345;27YD;24;24;24;21;21;18;18;17;14;13;13;9;9;8;8
BAO;41349;09GM;30;31;34;37;42;42;45;44;46;46;53;49;47;46;44
BAO;41349;10CH;26;27;28;28;28;30;31;32;32;33;32;35;33;31;30
BAO;41349;10UB;25;25;25;25;27;29;28;29;27;24;24;27;27;26;21
BAO;41349;11IF;29;27;25;21;18;19;20;24;23;26;25;22;22;23;23
BAO;41349;11TY;12;12;11;10;10;10;12;12;12;13;14;12;14;13;14
BAO;41349;22KK;21;19;19;18;17;17;16;18;19;17;19;20;18;17;21
BAO;41349;27JP;60;61;59;57;53;52;51;48;48;47;46;48;49;45;47
BAO;41358;05KU;7;7;8;10;11;11;11;11;11;8;9;9;9;9;9
BAO;41358;05KW;10;11;11;10;12;12;12;13;14;14;12;11;10;14;11
BAO;41358;05TE;10;9;11;13;13;12;13;12;11;9;10;10;11;10;10
BAO;41358;05TL;23;21;20;25;24;27;26;30;27;26;37;26;27;28;24
BAO;41358;05XC;31;26;26;19;19;17;18;18;18;14;14;16;14;16;15
BAO;41358;05XF;10;9;11;10;12;14;16;16;16;15;14;16;16;16;15
BAO;41358;07MC;26;22;20;21;21;22;20;22;23;22;24;25;25;25;21
BAO;41358;07WN;33;30;30;34;35;40;35;26;28;28;22;18;18;22;21
BAO;41358;07WP;10;9;9;10;10;9;9;9;9;10;10;13;11;10;8
BAO;41358;08BS;9;7;8;9;14;12;12;15;14;15;13;14;15;15;14
BAO;41358;09BE;18;15;14;14;14;17;16;19;18;18;19;21;21;21;18
BAO;41358;15BT;16;13;11;11;12;12;11;10;10;11;12;11;10;14;11
BAO;41362;05YE;19;16;16;13;23;30;34;38;35;38;38;43;28;23;22
BAO;41362;05ZF;33;29;31;30;31;33;31;30;32;33;32;27;24;24;27
BAO;41362;06CA;35;38;39;36;40;53;51;55;55;57;60;64;64;57;59
BAO;41362;09DT;33;30;31;30;29;29;30;30;31;33;33;32;31;29;29
BAO;41362;09ZQ;12;11;16;16;21;22;26;27;30;33;37;36;32;30;35
BAO;41362;18FG;28;26;25;26;25;24;26;28;28;30;33;32;27;28;32
BAO;41362;18HR;20;15;16;13;14;16;14;16;18;21;23;22;18;18;20
BAO;41362;20BW;12;13;13;13;14;16;12;10;12;14;14;14;10;9;11
BAO;41362;22JR;16;14;14;14;15;20;15;15;16;19;16;15;14;11;13
BAO;41362;22LO;61;56;61;58;56;52;51;49;55;57;55;57;58;28;30
BAO;41362;32DW;0;0;0;0;0;0;0;0;0;0;0;0;0;30;29
BAO;41364;05BM;18;0;0;15;15;12;15;13;0;16;20;17;17;19;17
BAO;41364;05IQ;28;0;0;31;29;30;31;30;0;29;29;28;26;35;37
BAO;41364;11YL;40;0;0;35;33;42;34;25;0;22;22;25;24;24;25
BAO;41364;12HS;29;0;0;24;22;25;24;22;18;28;29;29;31;30;30
BAO;41364;12LQ;37;35;30;27;31;37;38;44;47;42;53;56;53;42;45
BAO;41364;12TT;54;49;49;47;44;46;46;49;46;38;40;45;46;46;50
BAO;41364;13QD;49;44;40;36;35;38;34;34;36;30;27;29;29;30;29
BAO;41364;13UE;14;14;8;8;10;11;12;15;16;19;27;34;31;30;37
BAO;41364;14GU;18;15;12;11;24;23;24;26;27;28;29;29;32;28;25
BAO;41364;25KD;53;49;51;49;31;31;26;29;28;30;33;32;32;27;26
BAO;41364;27JV;25;0;0;25;22;23;20;21;18;19;22;23;20;20;21
BAO;41364;27LU;24;25;22;21;21;20;20;20;19;19;20;18;20;18;20
BAO;41371;03DK;14;13;14;13;11;10;9;11;11;11;12;12;13;10;59
BAO;41371;05XX;12;12;12;12;11;11;12;9;10;11;13;13;14;13;12
BAO;41371;08FA;17;16;16;14;14;14;13;12;11;12;13;12;10;9;8
BAO;41371;09FE;25;23;22;17;14;14;19;18;16;15;16;16;17;15;16
BAO;41371;10EJ;16;18;16;18;16;16;20;22;18;20;20;19;19;17;18
BAO;41371;12NX;38;35;39;42;52;58;57;63;57;51;53;55;51;54;19
BAO;41371;12VX;20;22;21;19;23;28;30;33;34;32;37;36;34;33;32
BAO;41371;13BV;15;17;18;16;19;19;20;20;24;25;27;28;22;22;21
BAO;41371;13HJ;15;14;14;15;15;15;13;13;15;14;14;14;13;12;14
BAO;41371;13MN;28;33;35;34;34;33;32;35;34;31;33;30;31;23;22
BAO;41371;13YQ;23;22;24;23;22;25;24;23;25;26;25;23;21;20;22
BAO;41371;18LJ;20;19;22;22;22;22;24;23;22;20;18;19;17;17;20
BAO;41371;18MY;16;14;17;17;19;23;26;24;24;23;26;19;20;17;21
BAO;41371;23ED;23;23;24;25;26;28;27;28;29;31;33;33;28;26;21
BAO;41371;27LJ;49;43;60;56;54;50;54;62;68;68;59;54;48;43;18
BAO;41373;03IY;44;45;44;46;46;46;46;44;41;40;45;42;37;36;37
BAO;41373;03NC;37;31;31;30;31;32;30;32;32;34;35;32;32;33;32
BAO;41373;03OP;21;19;19;18;16;18;17;19;17;17;19;21;28;27;27
BAO;41373;03QD;18;17;15;16;15;15;15;17;17;20;21;20;21;21;22
BAO;41373;04IP;40;40;37;35;37;35;36;39;35;35;37;36;36;37;37
BAO;41373;04KM;20;20;16;15;16;15;16;15;13;14;18;18;20;21;21
BAO;41373;05KP;12;13;13;13;15;17;16;16;16;17;19;19;19;18;18
BAO;41373;06OJ;8;10;8;9;8;7;7;8;8;9;10;11;11;10;10
BAO;41373;07WV;17;15;12;13;13;15;12;12;12;11;15;15;17;20;18
BAO;41373;08QO;21;19;18;15;14;15;17;19;24;24;24;27;28;26;27
BAO;41373;10FZ;75;67;66;65;66;56;53;51;53;52;61;60;59;57;58
BAO;41373;15FK;28;23;25;23;21;21;23;21;22;22;23;23;26;23;22
BAO;41373;15IQ;30;28;26;26;29;28;29;33;29;28;34;36;35;31;31
BAO;41373;16UN;26;22;19;16;16;17;17;16;16;16;16;20;18;21;19
BAO;41373;16VU;19;17;17;17;16;16;16;16;16;18;20;18;18;17;17
BAO;41373;19VJ;32;30;29;25;26;24;23;22;21;22;26;28;28;27;27
BAO;41375;12IF;57;52;55;48;48;45;37;39;40;43;46;46;49;46;45
BAO;41375;12YB;48;42;44;38;37;35;28;31;30;39;33;30;34;31;33
BAO;41375;13ZN;59;53;56;49;49;45;42;39;41;39;36;35;33;26;26
BAO;41375;14FQ;29;27;26;27;28;24;18;19;18;19;22;21;20;18;17
BAO;41375;14QJ;35;31;33;26;25;24;20;24;25;26;26;27;23;24;20
BAO;41375;15AP;28;22;23;21;16;19;19;21;20;21;21;21;22;19;16
BAO;41375;15FX;25;21;22;20;21;22;20;23;25;28;28;29;31;33;31
BAO;41375;18PW;21;21;21;19;22;19;21;21;22;24;22;21;19;17;17
BAO;41375;18QY;57;47;46;44;40;36;32;29;32;25;26;28;30;28;27
BAO;41375;18SU;20;18;19;16;15;15;21;23;23;24;26;27;29;26;23
BAO;41375;23UL;47;39;37;33;28;19;17;19;18;18;19;18;19;28;22
BAO;41375;27ML;32;29;30;32;30;30;28;32;35;28;27;30;29;23;22
BAO;41376;04QD;23;22;22;23;23;24;21;19;20;23;24;26;20;25;21
BAO;41376;05WK;19;18;17;18;20;21;21;24;24;27;26;26;26;20;19
BAO;41376;05ZS;20;19;20;19;20;21;19;19;19;17;19;19;20;22;21
BAO;41376;06BO;20;20;18;18;18;16;18;20;20;19;17;16;18;15;17
BAO;41376;08JZ;27;26;27;26;26;26;26;25;28;28;29;28;27;30;31
BAO;41376;09JV;38;36;31;34;20;23;22;21;20;23;20;18;16;20;20
BAO;41376;10BE;17;18;19;19;21;23;21;21;21;20;17;19;18;18;19
BAO;41376;10DA;14;17;18;17;16;18;18;20;20;21;23;21;20;18;19
BAO;41376;11AY;56;53;53;56;50;51;51;48;48;48;50;51;53;51;51
BAO;41376;11NU;19;17;15;15;15;15;13;13;11;12;16;16;16;17;16
BAO;41376;11OB;19;16;17;9;15;18;18;15;16;16;16;15;17;16;16
BAO;41376;11UH;29;29;27;29;28;29;31;31;34;34;30;28;33;32;31
BAO;41376;12RE;17;17;15;14;14;15;12;13;12;14;15;21;21;23;31
BAO;41376;18ED;15;14;14;14;14;14;14;13;12;14;12;11;14;11;10
BAO;41376;18IC;15;16;14;15;14;14;17;18;16;18;18;19;22;20;20
BAO;41376;18KB;42;41;35;31;33;33;38;37;38;39;34;34;35;40;42
BAO;41376;18KI;10;10;10;11;11;12;10;9;9;10;8;8;9;9;10
BAO;41376;18LT;35;38;40;38;38;41;42;38;32;31;33;34;37;29;24
BAO;41376;18MA;44;40;40;33;32;36;37;38;38;37;40;38;37;37;37
BAO;41376;19JJ;20;19;19;19;20;21;20;20;20;24;23;23;25;25;24
BAO;41385;04NA;15;12;17;13;10;10;7;7;8;8;6;8;9;8;8
BAO;41385;05LP;23;22;21;23;17;18;24;16;22;24;21;24;31;27;27
BAO;41385;05RM;25;28;22;22;19;18;18;15;12;8;7;10;9;7;10
BAO;41385;05TH;11;12;12;11;12;11;8;7;8;8;7;8;7;7;5
BAO;41385;05TM;21;19;19;19;23;22;20;12;12;13;12;7;8;8;7
BAO;41385;06QN;24;20;19;19;18;19;17;19;17;20;19;19;22;21;23
BAO;41385;06UN;12;12;14;15;16;11;12;11;11;9;11;9;10;8;9
BAO;41385;10IC;25;24;25;16;19;16;15;14;15;16;14;16;13;16;12
BAO;41386;06VN;16;17;18;18;22;21;20;19;20;20;21;21;15;25;25
BAO;41386;10UA;13;13;13;11;11;11;11;12;13;12;13;15;9;14;15
BAO;41386;11TX;22;21;23;23;23;23;23;23;23;23;24;26;17;29;29
BAO;41386;13GC;22;25;19;17;25;17;20;24;33;27;27;39;22;24;17
BAO;41386;13UB;19;18;18;18;17;19;21;23;23;26;33;38;23;37;40
BAO;41386;13XL;57;56;52;50;48;43;45;47;50;50;56;60;44;61;48
BAO;41386;14LW;43;41;38;38;39;39;35;39;38;38;33;36;25;34;35
BAO;41390;15MU;18;16;17;16;15;20;21;20;20;22;11;15;16;15;16
BAO;41390;15PJ;44;47;39;39;41;45;48;46;50;45;46;49;51;55;51
BAO;41390;15UC;31;30;31;32;33;36;37;35;40;39;40;37;30;31;34
BAO;41390;15YP;28;28;23;23;24;26;29;33;36;35;35;40;36;36;30
BAO;41390;16CC;19;16;16;18;22;22;22;23;25;27;23;21;25;23;26
BAO;41390;16GD;21;20;22;25;27;29;32;38;41;44;45;43;41;39;42
BAO;41390;16HN;23;23;25;28;29;30;31;34;34;38;33;36;33;32;32
BAO;41390;16KB;28;28;29;31;33;35;37;38;42;48;45;45;47;42;49
BAO;41390;16ND;20;18;19;20;22;26;28;29;29;32;31;34;32;30;31
BAO;41390;22MB;14;13;12;13;13;15;16;14;16;16;16;18;16;18;18
BAO;41390;24CP;33;32;32;31;33;35;34;36;41;44;45;44;45;46;51
BAO;41390;27MG;29;22;17;19;17;20;22;22;21;21;21;22;20;19;16
BAO;41390;28AL;44;46;45;48;50;49;51;52;55;57;59;60;56;54;59
BAO;41396;04OC;13;11;12;13;12;13;12;13;14;15;15;15;13;16;17
BAO;41396;04TX;9;9;9;10;9;8;9;9;9;10;8;7;8;7;9
BAO;41396;06FB;10;10;11;10;10;10;10;10;10;13;12;10;11;11;11
BAO;41396;06NY;18;21;18;18;21;17;14;16;16;15;16;15;16;15;15
BAO;41396;07KC;17;16;16;16;17;18;18;20;21;21;23;21;18;19;19
BAO;41396;10QY;18;16;17;15;17;19;18;17;20;20;22;27;22;22;23
BAO;41396;11FL;22;22;22;21;22;22;17;15;18;20;21;23;20;21;21
BAO;41396;11RJ;21;22;20;17;17;18;18;20;20;21;23;26;23;25;25
BAO;41396;12ZT;11;11;12;14;14;14;15;16;15;15;16;16;17;16;16
BAO;41396;13KS;33;30;30;30;33;35;38;34;36;37;41;41;44;43;39
BAO;41396;23CC;64;60;58;58;56;57;54;56;51;52;54;54;51;52;53
BAO;41398;03DH;17;17;14;13;13;13;14;14;13;15;16;17;17;22;21
BAO;41398;03QK;14;14;12;13;12;11;11;11;10;8;8;7;8;16;10
BAO;41398;05ZU;15;16;15;14;15;14;14;12;12;12;14;12;11;14;14
BAO;41398;08FU;45;50;43;40;39;31;29;30;27;25;25;23;30;32;33
BAO;41398;10AF;25;27;23;21;20;23;23;24;24;24;25;22;27;28;23
BAO;41398;21LV;18;15;17;16;15;13;14;15;16;16;16;19;21;23;24
BAO;41398;22JP;12;13;14;13;13;13;12;13;13;13;14;14;14;17;19
BAO;41398;24CZ;26;28;30;28;27;28;25;28;29;27;27;27;28;32;31
BAO;41398;25KM;52;56;55;54;56;54;56;55;55;49;47;48;51;55;53
BAO;41398;31DM;0;0;0;0;0;*;*;6;7;6;6;7;7;8;9
BAO;41400;08HP;28;28;24;26;24;27;24;25;28;29;40;43;46;49;53
BAO;41400;09HX;39;39;35;43;39;40;38;34;27;24;22;20;19;17;18
BAO;41400;10DL;12;12;13;14;17;18;18;24;25;23;26;27;26;25;24
BAO;41400;16BL;47;47;42;42;41;41;43;46;45;46;43;39;42;39;33
BAO;41400;16EJ;33;35;31;29;28;27;25;25;25;25;25;23;23;23;24
BAO;41400;16IJ;20;15;14;17;18;20;20;19;21;25;26;28;30;32;33
BAO;41400;16JP;21;20;16;18;17;17;17;19;21;20;19;19;20;21;19
BAO;41400;16NM;96;96;83;88;85;88;82;94;100;95;105;106;100;100;99
BAO;41400;17BT;27;30;23;22;22;25;27;32;33;34;39;38;37;37;39
BAO;41400;17CA;49;53;45;49;50;53;52;56;60;55;57;62;56;55;57
BAO;41400;17CL;27;27;26;26;25;23;26;29;28;28;29;29;32;31;31
BAO;41400;17CV;30;32;28;30;36;36;35;43;42;42;44;43;43;39;40
BAO;41400;17DZ;35;37;32;32;31;31;30;31;31;30;32;30;29;27;27
BAO;41400;17EH;24;25;24;25;23;24;23;23;23;27;24;25;29;28;29
BAO;41400;17ER;26;27;21;21;21;19;18;18;17;17;19;21;22;23;25
BAO;41400;17FL;37;35;39;36;34;30;31;35;33;34;32;30;27;27;27
BAO;41400;17NX;29;26;23;23;22;23;22;22;22;21;24;23;26;24;26
BAO;41400;17ON;34;34;29;34;36;35;32;35;38;31;33;35;34;30;27
BAO;41400;17QH;39;36;37;36;29;28;25;21;23;24;24;26;27;24;25
BAO;41400;17RK;62;63;57;58;55;57;57;55;53;52;50;58;52;47;32
BAO;41400;17SK;34;33;36;39;41;47;43;32;30;27;28;28;26;26;27
BAO;41400;17TE;16;13;0;0;0;0;0;0;0;0;0;0;0;0;0
BAO;41400;23DK;20;24;18;17;15;15;17;18;18;18;19;22;23;26;27
BAO;41400;27CM;18;18;17;18;16;16;18;15;11;13;12;13;13;16;17
BAO;41400;27CP;17;14;12;14;15;17;19;20;19;17;15;14;13;15;15
BAO;41400;27YF;37;48;50;57;58;59;60;54;45;33;32;29;26;22;19
BAO;41400;28BC;19;22;20;23;26;30;31;29;30;30;29;28;26;26;22
BAO;41400;29TZ;23;28;28;28;29;30;29;28;29;29;30;26;21;20;21
BAO;41400;31JT;0;0;0;0;0;0;0;20;20;20;21;20;19;17;18
BAO;41400;31LH;0;0;0;0;0;0;0;0;7;8;15;24;22;25;28
BAO;41401;03BX;16;14;15;14;17;17;18;19;15;14;15;13;13;11;10
BAO;41401;03DV;18;15;13;15;16;16;12;17;15;16;20;18;20;17;18
BAO;41401;03FJ;23;22;22;21;20;20;19;19;19;22;23;24;30;24;23
BAO;41401;06AZ;11;7;8;7;7;7;7;8;10;13;13;10;11;12;12
BAO;41401;08EU;13;11;11;10;11;10;11;13;14;16;19;20;17;16;17
BAO;41401;08FF;25;26;24;24;23;23;23;26;27;28;31;34;35;36;31
BAO;41401;08GF;17;16;18;19;17;20;20;21;19;20;24;23;22;23;22
BAO;41401;08IN;17;16;15;15;16;16;16;18;18;16;19;20;20;18;19
BAO;41401;10BH;25;23;24;23;24;24;24;24;21;22;22;15;15;15;14
BAO;41401;10EC;11;11;11;11;10;9;10;10;9;9;10;11;12;11;15
BAO;41401;10TC;10;8;8;7;6;6;7;9;9;9;10;11;10;9;7
BAO;41401;13UJ;19;18;17;19;18;20;19;21;23;26;28;25;23;23;26
BAO;41401;14BC;27;26;22;23;22;25;22;26;26;19;19;17;20;20;20
BAO;41401;18DU;30;27;27;28;25;26;26;26;24;23;28;27;25;25;25
BAO;41401;18ER;13;12;13;12;12;14;15;16;17;15;15;11;12;12;10
BAO;41407;03JC;45;47;39;44;41;40;37;35;35;38;36;37;37;34;31
BAO;41407;03MR;44;47;43;40;38;38;38;40;42;42;43;45;37;40;47
BAO;41407;03NW;64;64;61;62;64;67;61;64;64;60;61;59;59;55;55
BAO;41407;06IT;72;72;68;66;63;62;58;58;55;56;51;47;49;46;46
BAO;41407;06XI;23;23;22;26;30;29;28;30;28;32;31;31;29;30;35
BAO;41407;07PJ;42;45;42;40;41;40;34;36;36;36;40;41;38;39;42
BAO;41407;07TY;21;19;19;21;20;20;18;18;19;18;18;18;16;18;24
BAO;41407;07VE;16;17;18;17;18;17;15;18;18;22;24;20;20;20;18
BAO;41407;08JT;28;30;33;30;28;29;27;24;23;23;27;26;22;21;22
BAO;41407;08LS;30;29;27;28;28;29;29;30;34;32;37;35;36;37;41
BAO;41407;08WW;29;28;29;31;29;31;31;32;31;28;28;25;29;28;31
BAO;41407;09JR;18;17;0;0;0;0;0;0;0;0;0;0;0;0;0
BAO;41407;09JT;19;20;18;16;18;19;18;19;18;15;16;14;15;15;18
BAO;41407;09WT;25;25;25;27;31;34;33;38;41;40;39;37;35;35;38
BAO;41407;10JP;19;21;27;23;21;23;21;20;20;20;20;21;20;20;21
BAO;41407;10XJ;38;36;33;36;35;36;37;37;40;41;44;41;43;40;40
BAO;41407;10ZM;26;23;21;20;17;15;15;18;18;19;16;17;20;17;19
BAO;41407;11WP;60;58;58;60;60;61;59;59;57;56;62;64;54;55;56
BAO;41407;12GC;8;10;13;12;10;9;9;9;10;10;11;11;12;14;14
BAO;41407;14CI;76;77;73;70;74;71;67;66;63;60;61;57;59;54;59
BAO;41407;14KN;17;17;17;20;20;20;18;16;16;15;19;21;24;24;25
BAO;41407;15DB;41;44;44;46;46;45;42;43;43;39;43;40;40;39;44
BAO;41407;15ZM;29;26;31;30;29;29;25;27;26;24;23;23;22;24;25
BAO;41407;17WY;27;28;27;24;26;27;29;33;37;36;45;43;43;50;55
BAO;41407;17XW;32;36;34;32;32;34;34;37;35;36;40;39;41;40;41
BAO;41407;21PQ;23;23;18;19;20;19;16;20;18;17;17;16;16;15;17
BAO;41413;05YD;26;25;26;26;26;26;27;23;33;37;44;44;65;54;47
BAO;41413;06CT;7;7;7;7;7;7;9;7;7;7;0;0;0;0;0
BAO;41413;08DN;8;8;8;8;10;11;10;10;9;9;9;9;8;8;8
BAO;41413;09RQ;14;16;17;23;19;22;23;21;20;18;16;17;16;19;17
BAO;41413;10LM;16;15;14;18;15;16;18;18;16;16;17;17;17;16;17
BAO;41413;11NT;19;17;15;10;10;10;10;10;9;9;10;7;6;8;7
BAO;41413;11TN;7;6;6;6;6;10;9;10;9;10;9;11;11;10;10
BAO;41413;12DO;22;20;20;21;16;16;16;15;12;13;14;12;9;9;9
BAO;41413;12MP;8;7;6;6;11;13;13;12;10;10;7;7;7;8;9
BAO;41413;12UR;14;13;15;16;17;18;20;18;17;19;20;19;17;20;19
BAO;41413;13AT;10;10;11;12;10;9;11;9;10;11;12;12;11;9;8
BAO;41413;13GJ;9;8;8;7;9;13;11;11;9;8;7;7;7;7;7
BAO;41413;18SN;20;19;21;20;20;19;18;18;15;13;14;12;11;10;10
BAO;41413;18TW;24;24;24;24;25;27;25;26;25;23;23;30;19;17;14
BAO;41419;04MS;13;13;13;12;10;10;11;12;14;12;13;16;29;28;25
BAO;41419;05UW;43;15;16;19;17;15;16;18;16;8;6;12;11;11;10
BAO;41419;09UD;30;22;24;23;18;16;21;25;25;29;33;36;35;30;27
BAO;41419;12QC;23;24;26;26;29;31;33;39;42;40;47;49;51;48;58
BAO;41419;13IR;23;20;22;22;21;23;24;25;25;29;27;27;24;23;24
BAO;41419;14QA;30;28;27;29;30;30;30;31;27;23;29;22;20;20;19
BAO;41419;15AH;19;20;19;18;18;19;18;18;18;17;19;20;18;22;24
BAO;41419;15BD;18;17;18;18;17;18;19;19;17;16;18;17;15;12;12
BAO;41419;15IV;22;23;23;27;27;24;25;25;23;24;28;30;27;28;28
BAO;41419;15NV;17;14;14;12;12;13;13;14;16;18;21;20;19;16;17
BAO;41419;15QK;26;25;25;27;27;26;29;32;36;38;39;40;38;39;38
BAO;41419;15SW;20;22;21;23;22;23;26;22;23;25;25;25;22;24;23
BAO;41419;27NL;31;29;32;33;34;39;37;34;35;34;37;37;35;35;27
BAO;41421;05ZI;13;13;12;11;13;12;18;16;17;20;20;19;18;19;18
BAO;41421;06AP;15;14;11;12;11;14;13;14;15;16;18;18;18;18;22
BAO;41421;09GT;19;20;14;14;14;17;15;17;15;19;20;21;19;22;19
BAO;41421;11HN;21;17;13;13;13;13;12;19;17;18;16;14;16;17;16
BAO;41421;11TI;15;16;9;12;10;9;8;12;12;12;13;13;12;12;13
BAO;41421;12DL;8;9;9;8;7;8;9;9;12;11;6;9;11;11;11
BAO;41421;12ES;10;8;7;6;7;8;9;14;15;14;12;15;13;13;14
BAO;41421;12NS;34;32;24;24;23;25;22;23;22;26;25;24;24;22;23
BAO;41421;12VS;14;13;9;12;10;13;12;16;13;13;12;12;10;12;0
BAO;41421;13BR;9;10;5;5;7;7;8;10;11;11;11;11;14;11;11
BAO;41421;13BS;31;26;25;22;23;26;22;23;24;22;20;25;29;27;30
BAO;41421;13MJ;21;20;15;16;18;17;16;18;18;18;23;26;22;25;27
BAO;41421;13MK;11;13;10;12;11;11;11;15;14;14;14;15;12;13;12
BAO;41421;13RD;19;16;13;13;13;13;13;18;18;17;17;15;16;17;17
BAO;41424;03HZ;16;15;14;15;16;15;21;11;13;12;11;*;*;7;7
BAO;41424;04PX;19;19;19;20;22;25;23;31;33;29;30;24;25;25;24
BAO;41424;04VQ;14;14;12;13;13;12;13;12;10;9;8;7;7;11;10
BAO;41424;05OS;18;18;20;19;19;18;19;20;17;19;23;19;18;19;19
BAO;41424;05PJ;14;14;13;14;15;15;17;18;16;16;18;16;14;16;15
BAO;41424;07JV;15;15;16;16;15;15;15;13;14;13;14;12;12;11;11
BAO;41424;07MJ;17;18;18;18;20;21;20;23;19;22;26;20;21;14;15
BAO;41424;08BC;15;14;15;13;13;12;12;11;12;10;13;13;10;10;8
BAO;41424;08VZ;23;24;23;23;23;25;26;23;21;25;23;17;17;14;13
BAO;41424;09KG;27;24;26;23;23;22;20;22;23;23;23;24;24;24;21
BAO;41424;19YO;44;43;42;43;41;40;39;42;42;40;41;36;40;45;41
BAO;41424;19ZB;43;44;45;43;43;41;35;38;31;31;34;33;35;30;32
BAO;41424;19ZE;14;12;12;11;12;15;13;14;16;14;13;0;0;0;0
BAO;41424;19ZH;18;15;13;14;14;14;14;16;17;15;18;16;15;17;19
BAO;41424;20CX;16;19;22;21;23;25;28;26;27;25;29;22;24;25;26
BAO;41424;20DK;33;33;30;29;30;28;25;31;30;28;31;36;41;39;41
BAO;41424;24AG;59;59;63;63;60;59;67;70;72;95;89;90;91;84;83
BAO;41434;04IA;35;37;33;33;34;33;51;44;41;40;61;58;61;14;11
BAO;41434;09DS;18;18;18;20;15;16;17;16;19;23;20;18;17;18;15
BAO;41434;09ES;24;23;23;23;20;15;13;12;13;12;12;13;11;9;0
BAO;41434;09IQ;18;18;19;21;22;25;23;28;27;32;39;45;46;39;38
BAO;41434;09ZP;23;22;21;20;20;22;24;20;18;24;24;20;21;15;14
BAO;41434;10VP;27;28;30;30;31;32;30;31;34;33;39;38;41;40;42
BAO;41434;11GT;12;13;12;11;15;13;12;13;14;14;16;15;15;13;11
BAO;41434;11JO;8;5;0;0;0;0;0;0;0;0;0;0;0;0;0
BAO;41434;11SO;8;8;8;9;12;10;11;12;10;13;12;11;9;9;10
BAO;41434;15WJ;22;21;20;21;21;21;21;19;17;19;27;25;25;21;21
BAO;41434;16AJ;31;29;32;34;33;32;32;30;31;33;39;38;35;35;33
BAO;41434;16BZ;25;24;22;19;17;16;18;17;16;15;18;18;20;20;21
BAO;41434;16HK;48;41;39;36;35;29;46;43;48;41;18;19;20;16;14
BAO;41434;16MC;35;32;31;33;29;30;33;37;38;32;33;34;30;28;28
BAO;41434;16UC;18;18;17;15;16;15;13;17;14;14;14;12;14;14;16
BAO;41434;18EP;13;12;12;11;9;9;11;11;12;13;14;11;12;13;11
BAO;41434;18JD;18;17;17;15;14;15;14;13;11;13;13;15;13;13;12
BAO;41434;18JE;26;25;25;23;22;24;23;27;24;23;24;24;21;17;17
BAO;41434;18KJ;22;23;22;21;24;22;18;24;22;22;24;23;24;22;20
BAO;41434;18KX;9;10;10;9;9;12;10;9;10;9;10;11;9;9;8
BAO;41434;18LU;24;20;19;20;17;15;15;14;13;15;17;17;17;16;16
BAO;41434;18MH;17;15;14;16;13;15;17;20;21;20;20;21;16;17;17
BAO;41434;18MN;30;32;31;34;36;37;37;36;36;40;36;29;31;23;21
BAO;41434;18NH;11;9;8;9;9;10;10;12;11;11;12;14;15;19;18
BAO;41434;18NU;34;33;36;31;29;29;33;34;30;37;39;39;39;32;32
BAO;41434;18OZ;11;11;11;11;11;12;11;17;13;11;13;12;11;11;12
BAO;41434;18QD;25;25;24;23;21;22;22;21;23;23;26;26;26;23;25
BAO;41434;18SF;9;9;9;9;11;13;12;12;11;12;13;12;14;14;13
BAO;41434;18TA;8;8;9;9;9;11;12;17;11;10;10;10;10;9;12
BAO;41434;18UD;7;7;7;8;10;9;11;13;9;10;11;10;6;8;8
BAO;41434;21NH;19;17;15;15;13;13;15;13;16;18;18;18;23;21;19
BAO;41434;23EA;13;16;21;24;24;26;31;37;38;43;48;49;49;44;43
BAO;41434;24BL;31;28;25;21;22;20;20;17;16;15;18;16;16;13;14
BAO;41434;26AP;34;31;31;27;29;28;28;26;23;29;28;27;25;24;21
BAO;41434;27CJ;41;37;34;32;29;28;29;24;24;24;26;23;21;19;20
BAO;41434;27NZ;33;33;30;28;25;23;20;21;20;18;19;20;17;16;22
BAO;41435;03PC;11;11;11;11;13;17;17;16;19;19;18;20;25;23;20
BAO;41435;04GF;8;6;6;7;6;6;5;7;10;9;9;8;10;10;10
BAO;41435;04SV;25;22;20;23;19;19;18;20;21;20;19;20;26;20;20
BAO;41435;05EN;34;33;35;32;26;26;27;27;26;26;23;25;27;24;25
BAO;41435;06JN;34;32;32;30;32;28;25;24;28;28;28;29;33;31;32
BAO;41435;07MV;14;15;16;15;15;16;17;17;17;18;18;19;22;19;15
BAO;41435;08EE;25;27;31;37;39;43;42;44;49;49;45;53;50;49;49
BAO;41435;08SY;20;19;18;12;11;15;15;16;17;19;20;22;23;20;21
BAO;41435;09AF;25;23;24;20;20;22;22;23;22;21;23;22;25;24;24
BAO;41435;09EI;11;11;12;9;9;10;9;8;11;12;12;12;8;8;9
BAO;41435;09QZ;20;19;16;16;16;14;13;14;14;16;17;24;27;25;31
BAO;41435;09RG;33;33;33;35;33;30;26;34;37;36;35;33;33;31;28
BAO;41435;10KX;18;13;14;13;13;12;12;11;12;8;9;12;16;16;18
BAO;41435;11MG;41;37;34;31;30;22;22;24;23;26;23;24;25;28;26
BAO;41435;13CP;15;15;16;15;12;13;15;17;16;18;19;20;20;19;19
BAO;41435;13NB;37;35;37;33;29;32;29;27;26;26;21;26;26;23;25
BAO;41435;13RQ;14;13;13;13;13;11;12;9;10;11;12;10;12;15;12
BAO;41435;16XK;26;24;26;27;27;26;25;23;23;21;17;17;18;19;19
BAO;41435;18KV;29;26;24;20;20;19;18;19;18;19;19;19;20;21;24
BAO;41435;18MF;8;9;7;7;8;10;9;8;11;12;12;13;11;9;10
BAO;41435;22KS;19;20;24;26;23;22;21;21;24;24;27;26;25;29;28
BAO;41435;22KT;23;19;20;18;17;18;17;17;14;19;19;22;24;24;22
BAO;41435;23WG;9;9;9;8;8;8;10;9;11;12;11;9;14;22;19
BAO;41438;03CV;24;15;12;11;11;11;10;8;9;10;8;9;11;8;9
BAO;41438;07FE;21;20;21;11;11;15;14;15;0;13;16;16;16;13;16
BAO;41438;10DC;21;19;18;18;18;19;20;21;19;19;18;20;18;19;17
BAO;41438;10UU;25;20;15;14;14;14;14;11;13;15;14;15;14;14;13
BAO;41438;10VM;33;31;26;24;24;21;20;18;19;17;17;16;20;16;18
BAO;41438;11GM;28;22;24;25;20;19;16;16;18;18;21;24;24;27;24
BAO;41438;11JL;11;10;11;12;0;0;0;0;0;0;0;0;0;0;0
BAO;41438;11TR;26;24;22;25;25;30;31;28;29;30;32;35;40;35;32
BAO;41438;12ER;23;19;17;17;15;15;17;17;18;20;19;19;20;18;17
BAO;41438;12MS;31;32;33;35;25;24;18;19;17;20;18;16;17;14;11
BAO;41438;12TU;26;26;25;24;26;22;23;27;22;20;21;24;22;22;20
BAO;41438;12UU;18;14;13;15;15;15;13;21;20;18;15;17;18;17;14
BAO;41438;12YF;15;15;11;11;12;14;15;13;16;16;16;18;17;17;17
BAO;41438;13ED;15;11;11;11;12;12;12;11;12;13;10;11;10;11;12
BAO;41438;13JM;14;13;12;13;13;11;11;12;12;14;12;14;12;10;10
BAO;41438;18EK;16;16;15;16;16;15;14;13;12;12;11;12;11;13;12
BAO;41438;18FI;28;28;28;27;28;29;23;23;24;24;23;20;18;16;16
BAO;41438;18FN;12;10;9;11;11;10;11;12;12;14;11;12;11;10;10
BAO;41438;18KG;29;22;25;28;26;20;23;20;23;23;27;37;39;34;36
BAO;41438;18LR;28;26;25;25;22;22;22;22;21;20;28;10;10;9;9
BAO;41438;18OY;11;12;13;13;13;14;12;13;13;13;11;14;13;12;10
BAO;41438;18QC;20;19;15;14;13;14;14;14;16;16;16;17;16;15;16
BAO;41438;18SE;20;20;20;19;17;18;16;15;14;15;15;16;22;15;14
BAO;41439;04MB;17;19;16;17;18;20;22;23;21;20;20;23;24;21;18
BAO;41439;04MV;25;25;25;27;20;19;19;20;20;21;24;24;24;25;25
BAO;41439;04MY;32;29;30;30;29;30;31;34;33;35;34;31;30;31;31
BAO;41439;04QQ;18;18;19;23;24;32;30;28;31;32;31;19;20;20;22
BAO;41439;04RF;17;17;17;20;23;22;23;24;22;22;24;24;28;28;27
BAO;41439;04UU;13;12;13;17;17;14;14;15;16;16;16;16;15;20;16
BAO;41439;05OF;36;37;35;34;33;33;35;35;40;42;41;41;41;40;42
BAO;41439;05OY;23;23;26;23;22;20;25;24;27;25;24;26;35;31;32
BAO;41439;05QT;22;22;24;25;25;26;28;30;33;33;37;38;38;39;36
BAO;41439;05SI;16;15;12;13;14;15;15;18;18;17;18;20;19;19;19
BAO;41439;05TB;14;14;15;17;16;16;18;19;20;23;27;30;30;29;33
BAO;41439;05WZ;16;16;13;12;13;12;14;14;16;17;15;14;16;18;18
BAO;41439;07JM;33;32;30;31;30;32;34;32;31;31;37;37;39;38;36
BAO;41439;07KF;27;29;30;30;29;27;32;33;35;22;24;24;22;23;23
BAO;41439;07KZ;10;9;9;10;9;9;11;15;13;14;17;18;15;17;15
BAO;41439;07ZE;11;12;12;14;14;13;13;12;12;10;10;10;11;12;12
BAO;41439;09BX;27;25;27;28;29;27;28;26;32;28;30;29;31;29;31
BAO;41439;15BO;7;8;9;10;10;11;13;12;14;14;14;13;13;11;11
BAO;41440;07OZ;35;29;28;27;22;23;23;22;22;22;23;23;22;18;19
BAO;41441;12EX;31;28;29;31;33;30;30;34;38;38;39;42;45;42;41
BAO;41441;12WB;31;31;31;31;30;31;36;37;39;37;36;31;30;33;33
BAO;41441;13HM;20;16;16;17;18;18;18;26;32;36;42;52;49;58;65
BAO;41441;13QZ;34;33;33;44;47;44;43;41;46;51;45;43;41;38;37
BAO;41441;13YL;52;49;48;36;36;36;38;42;41;40;52;53;53;38;41
BAO;41441;14MR;19;17;19;19;20;21;23;28;30;30;34;36;36;36;32
BAO;41441;15IE;28;26;28;31;30;31;35;41;44;43;41;46;44;44;47
BAO;41441;15NM;15;13;13;14;15;15;12;14;16;18;18;31;30;26;24
BAO;41441;15PZ;15;17;17;18;17;18;15;18;15;17;24;15;12;15;12
BAO;41441;30XM;0;0;0;5;20;20;28;27;22;22;26;23;21;25;22
BAO;41443;03FS;26;25;25;32;37;38;38;41;43;41;41;39;35;45;42
BAO;41443;08EV;18;17;14;14;14;14;12;11;13;15;15;15;14;15;15
BAO;41443;08GY;17;17;19;18;19;20;20;22;25;24;24;27;25;24;18
BAO;41443;09DQ;27;27;24;25;21;20;16;16;13;13;15;15;18;17;15
BAO;41443;09EZ;19;19;19;18;18;18;17;18;18;19;21;22;21;20;21
BAO;41443;10AZ;37;37;36;36;34;35;33;34;34;37;39;39;39;35;32
BAO;41443;18FC;14;15;15;14;13;15;15;15;14;15;16;17;18;17;18
BAO;41443;27CE;18;18;17;15;15;14;14;15;15;14;18;20;17;17;16
BAO;41444;09FD;24;24;21;18;16;17;18;21;22;22;23;23;25;21;23
BAO;41444;09ZS;13;14;15;12;12;14;12;8;8;9;9;10;8;11;10
BAO;41444;11GH;31;27;22;22;22;22;23;24;28;31;28;37;37;34;31
BAO;41444;12DU;22;20;19;19;18;20;18;22;21;22;24;23;27;24;19
BAO;41444;12MN;13;10;11;10;11;9;9;10;12;14;14;14;16;16;14
BAO;41444;12NG;11;11;12;8;10;10;10;11;11;10;13;13;13;12;10
BAO;41444;12UP;20;16;16;18;13;13;12;13;14;16;18;16;16;16;17
BAO;41444;12VH;6;5;5;5;5;5;5;5;7;7;9;7;9;10;9
BAO;41444;13AS;13;13;14;13;16;18;19;21;21;26;24;22;21;22;21
BAO;41444;13AY;21;19;16;16;16;16;16;16;19;20;21;20;21;22;21
BAO;41444;13BG;11;10;9;10;8;9;9;12;11;14;13;22;22;16;14
BAO;41444;13GW;7;6;6;6;5;5;5;5;6;7;8;7;8;10;9
BAO;41444;13VG;8;5;8;7;6;6;7;7;8;10;10;9;11;12;10
BAO;41444;13YT;7;6;6;6;6;5;5;6;6;6;7;7;7;7;7
BAO;41444;14BZ;19;17;17;13;13;15;15;18;22;23;21;21;21;21;20
BAO;41444;14FA;20;20;22;25;27;26;29;30;31;30;31;32;30;33;31
BAO;41444;14KH;11;9;10;9;8;8;7;8;9;9;9;9;9;10;10
BAO;41444;14MW;23;21;21;19;18;17;14;15;13;14;14;13;12;13;14
BAO;41444;31WP;0;0;0;0;0;0;0;0;0;0;0;0;28;27;26
BAO;41447;03NT;27;28;27;28;29;39;40;46;47;46;45;47;49;45;29
BAO;41447;03TQ;40;41;42;40;40;39;40;43;42;46;50;46;45;39;35
BAO;41447;06LP;22;23;23;21;25;24;25;26;27;27;26;28;27;23;24
BAO;41447;06LU;27;25;27;30;29;28;28;27;28;24;24;22;21;23;22
BAO;41447;08NI;56;57;55;55;55;55;55;60;60;65;62;66;45;59;56
BAO;41447;09KZ;24;27;26;25;24;26;28;29;28;28;27;27;30;24;23
BAO;41447;09MH;28;30;28;29;28;27;29;29;33;33;34;37;35;31;35
BAO;41447;10VD;19;18;15;12;13;14;14;17;19;19;18;22;21;25;21
BAO;41447;11JD;27;28;25;25;29;29;28;27;28;23;22;21;23;21;22
BAO;41447;12NO;27;25;23;22;21;20;21;23;24;26;25;25;24;24;20
BAO;41447;12UO;19;19;20;20;19;21;23;23;23;24;24;22;21;20;23
BAO;41447;13AR;20;20;18;17;17;18;19;18;20;23;19;19;22;21;22
BAO;41447;20UO;24;26;25;22;20;24;23;28;30;28;31;36;31;32;29
BAO;41447;20UU;20;20;19;18;20;21;20;24;25;26;27;25;29;27;23
BAO;41447;26PX;47;48;45;44;41;42;38;40;43;42;46;39;39;31;27
BAO;41447;29YF;8;8;10;12;12;15;17;22;27;31;32;38;36;37;37
BAO;41454;06DO;20;22;24;27;29;31;36;40;46;45;46;47;47;45;42
BAO;41454;07LZ;20;18;18;17;15;17;18;17;19;20;21;23;17;20;20
BAO;41454;09PI;20;18;21;20;23;25;23;27;26;26;25;25;26;25;28
BAO;41454;09YS;18;17;20;18;18;19;20;31;34;33;28;51;51;49;48
BAO;41454;10JN;31;28;31;34;27;24;30;29;34;37;36;35;36;33;34
BAO;41454;10NA;36;32;36;34;33;28;30;28;29;35;36;35;30;35;34
BAO;41454;10RA;43;36;34;36;34;35;40;43;42;42;45;43;45;43;42
BAO;41454;11CD;13;14;16;16;17;17;16;18;20;16;19;17;18;21;18
BAO;41454;11OW;20;16;19;20;22;21;21;21;22;22;26;22;21;21;19
BAO;41454;12AA;23;22;25;25;26;24;22;22;23;25;26;26;23;25;25
BAO;41454;13DD;20;20;21;21;20;21;21;24;24;25;28;30;25;26;25
BAO;41454;13IK;40;39;43;44;48;46;48;55;56;56;65;63;65;65;66
BAO;41454;13RX;28;27;30;32;32;30;33;38;41;39;39;38;36;40;37
BAO;41455;03FH;13;14;17;18;19;22;25;26;23;21;24;24;16;16;14
BAO;41455;04HY;20;21;23;25;22;25;26;27;30;32;41;42;36;35;35
BAO;41455;05XZ;22;22;18;19;19;18;17;17;18;19;20;20;18;15;15
BAO;41455;06BE;14;14;16;15;19;18;16;17;18;15;15;19;16;16;17
BAO;41455;06CY;23;22;20;24;20;21;24;24;28;29;26;31;31;33;32
BAO;41455;18LS;33;33;34;36;34;35;34;35;37;40;39;44;40;42;43
BAO;41455;21KE;25;23;24;20;21;23;22;22;22;24;25;26;29;30;29
BAO;41456;11SI;28;31;30;29;30;29;30;34;35;38;38;34;37;35;31
BAO;41456;12LT;23;30;32;34;39;39;38;37;42;40;39;39;35;35;34
BAO;41460;04LB;13;19;26;27;33;45;38;34;37;40;27;54;11;11;11
BAO;41460;04PH;19;19;21;22;21;20;23;22;17;17;18;22;20;22;22
BAO;41460;05XR;8;11;12;12;10;10;11;12;13;11;12;11;10;12;11
BAO;41460;06ZA;13;13;14;15;17;18;19;20;23;23;25;25;24;25;22
BAO;41460;06ZH;18;16;16;15;18;22;22;22;21;24;21;21;22;23;22
BAO;41460;07ZB;20;23;23;23;24;23;23;18;19;16;18;17;24;25;24
BAO;41460;08VT;20;19;25;20;23;22;26;27;29;27;30;32;34;32;34
BAO;41460;09CD;10;10;11;12;12;11;14;15;16;15;16;16;13;15;15
BAO;41460;09TW;21;21;17;19;18;17;17;19;20;21;20;20;20;20;19
BAO;41460;11YE;19;18;20;20;19;18;17;19;18;16;19;19;21;18;16
BAO;41460;12HK;26;29;29;27;29;26;27;27;29;28;31;31;31;27;28
BAO;41460;13CQ;15;15;17;16;20;20;20;20;19;18;20;20;20;21;20
BAO;41460;13NC;12;10;10;10;11;11;10;10;10;12;15;16;12;11;14
BAO;41460;23DZ;35;32;30;31;34;30;30;27;26;23;26;27;31;31;28
BAO;41461;12DI;34;33;33;33;36;36;45;43;44;48;44;43;39;44;41
BAO;41461;12UA;12;11;13;14;18;18;17;17;21;23;21;21;24;24;28
BAO;41461;13AO;31;25;25;27;29;31;31;37;39;34;38;40;37;30;34
BAO;41461;18PY;20;19;19;17;18;18;17;18;22;23;25;24;26;29;33
BAO;41461;18RA;15;14;13;15;13;20;18;21;19;20;18;22;25;29;28
BAO;41461;18TN;17;16;15;16;19;16;15;16;19;18;17;22;20;25;26
BAO;41461;23DE;33;32;33;30;32;33;30;32;34;37;35;32;32;31;38
BAO;41471;04HC;17;17;16;16;15;12;11;10;10;12;10;9;10;8;*
BAO;41471;04HZ;11;10;9;8;9;11;11;11;11;12;13;14;12;10;11
BAO;41471;06BD;9;7;8;6;8;8;8;6;7;7;0;0;0;0;0
BAO;41471;06CZ;13;13;15;15;15;13;14;14;15;16;19;19;18;19;17
BAO;41471;07GD;24;21;20;20;20;21;24;25;24;24;24;23;21;19;17
BAO;41471;08DJ;17;19;17;14;16;14;15;14;15;14;13;11;11;12;13
BAO;41471;09FX;45;44;42;42;39;39;38;35;35;37;42;40;35;32;35
BAO;41471;10BV;17;16;16;17;22;27;25;23;23;20;20;27;26;28;25
BAO;41471;10TR;16;18;18;19;18;19;20;19;21;19;23;19;20;18;19
BAO;41471;18DT;9;10;8;10;11;11;11;11;11;12;13;17;20;17;18
BAO;41471;18DY;19;18;18;19;20;21;20;20;17;18;20;25;26;22;21
BAO;41471;21OV;10;12;10;10;9;9;8;10;11;13;14;12;12;15;11
BAO;41471;22KU;23;23;23;22;25;23;26;25;25;25;25;29;27;23;26
BAO;41471;22KV;16;13;11;11;9;26;26;31;30;32;7;7;8;8;9
BAO;41471;24NL;26;26;25;26;25;25;28;31;32;33;56;55;36;33;32
BAO;41471;32BV;0;0;0;0;0;0;0;0;0;0;0;0;18;18;19
BAO;41472;01VO;8;0;0;0;0;0;0;0;0;0;0;0;0;0;0
BAO;41472;08BM;10;11;12;11;11;11;11;12;15;17;19;17;16;19;21
BAO;41472;13UI;36;35;36;35;40;49;50;53;46;49;51;66;80;82;81
BAO;41472;13XS;44;43;41;38;36;42;42;41;40;41;42;41;26;26;22
BAO;41472;14BB;33;36;37;42;42;43;47;48;45;47;46;43;45;41;37
BAO;41472;14MC;23;20;16;14;13;9;0;0;0;0;0;0;0;0;0
BAO;41472;14XW;28;30;28;33;36;39;39;43;41;39;39;41;34;39;36
BAO;41472;15HV;45;41;41;38;33;35;36;37;38;37;34;37;29;36;33
BAO;41472;15ND;28;30;30;29;27;28;29;31;31;31;26;26;18;19;17
BAO;41472;17JV;18;17;20;19;26;26;30;32;34;37;43;37;20;20;18
BAO;41472;17MM;21;23;18;16;17;20;20;21;22;22;23;26;21;20;20
BAO;41472;17NB;52;50;50;49;43;40;36;32;37;34;37;36;31;37;37
BAO;41472;17QJ;28;32;33;33;33;35;38;42;37;34;30;35;44;50;47
BAO;41472;21QG;45;43;44;42;43;41;37;36;40;36;38;35;32;36;34
BAO;41472;21QH;33;35;31;31;27;29;30;33;37;39;43;44;42;46;43
BAO;41473;05PA;33;35;30;32;25;21;23;21;21;18;19;17;15;16;17
BAO;41473;05TU;18;20;16;15;14;12;12;12;11;13;12;9;10;10;9
BAO;41473;05UO;16;16;16;17;15;14;17;19;19;19;18;20;20;18;19
BAO;41473;06DV;20;21;20;21;17;18;19;24;21;23;23;23;22;22;24
BAO;41473;09CA;20;19;20;20;17;15;16;20;19;19;17;16;18;15;22
BAO;41473;09CB;36;31;27;27;28;28;31;32;35;36;38;40;39;38;39
BAO;41473;11FG;31;29;29;29;22;21;24;26;26;26;25;25;28;25;27
BAO;41481;08EM;25;23;18;19;18;18;18;16;13;15;13;18;19;17;19
BAO;41481;08EN;18;16;16;16;13;14;15;18;20;21;23;24;26;25;22
BAO;41481;10AH;22;21;21;22;19;18;19;21;19;20;20;23;22;23;24
BAO;41481;10SO;32;30;28;27;28;27;29;31;30;29;32;40;38;33;36
BAO;41481;11FZ;12;11;12;10;10;10;12;14;14;15;17;17;17;16;17
BAO;41481;11RU;11;12;12;11;12;12;14;14;14;13;18;21;25;25;26
BAO;41481;12LJ;18;14;13;12;11;11;13;13;13;11;13;14;15;13;12
BAO;41481;19JO;38;33;31;28;27;30;27;26;26;28;30;35;37;42;40
BAO;41481;23BT;21;16;16;16;14;15;15;18;17;16;17;16;17;20;18
BAO;41481;23DH;16;16;16;15;15;15;13;14;19;20;16;15;13;15;18
BAO;41481;27NN;28;26;20;20;20;22;18;21;19;16;13;13;14;15;16
BAO;41483;08VG;26;24;24;24;23;24;22;25;28;21;28;30;30;25;24
BAO;41483;09TJ;26;21;22;21;21;22;23;23;19;24;22;23;24;24;23
BAO;41483;10MV;28;26;26;25;26;27;27;29;29;31;33;33;34;36;36
BAO;41483;11MZ;49;49;47;50;41;44;42;45;40;39;49;49;52;57;49
BAO;41483;12HM;21;18;19;18;17;18;17;21;20;21;23;22;22;20;22
BAO;41483;12HN;32;31;33;31;24;23;18;18;17;17;19;21;25;23;19
BAO;41483;12QD;20;18;18;18;16;14;13;12;11;11;12;15;19;17;16
BAO;41487;05MJ;20;21;21;19;20;21;21;18;20;20;26;25;18;21;17
BAO;41487;05MM;37;35;33;32;34;29;32;32;28;30;39;39;18;29;28
BAO;41487;07LA;35;37;41;43;40;40;45;43;43;36;42;40;20;28;26
BAO;41487;07XI;22;17;19;20;19;19;22;21;18;19;21;22;8;18;17
BAO;41487;08VK;34;34;33;31;34;26;27;27;28;26;25;25;15;20;22
BAO;41487;25KR;31;30;30;29;30;29;27;28;29;34;39;35;15;27;33
BAO;41487;28CK;14;17;16;20;18;20;23;23;25;29;33;32;18;31;31
BAO;41487;32DP;0;0;0;0;0;0;0;0;0;0;0;0;0;*;*
BAO;41488;03EU;42;43;44;42;38;61;66;44;41;37;32;37;34;28;26
BAO;41488;04GH;23;24;25;27;29;27;28;32;37;39;43;46;46;42;45
BAO;41488;07FY;20;20;22;23;25;26;27;29;23;24;21;19;17;17;15
BAO;41488;08FS;9;9;11;8;8;8;10;13;18;19;19;21;22;20;21
BAO;41488;10AE;17;14;12;11;11;11;12;12;13;16;20;19;20;19;24
BAO;41488;10DV;33;31;28;30;32;30;30;31;33;32;37;43;40;40;39
BAO;41488;11JK;20;20;18;16;14;17;18;16;18;18;20;23;24;21;21
BAO;41488;18DR;21;14;12;13;12;16;16;18;17;18;16;18;18;19;19
BAO;41488;18MC;25;25;25;27;27;23;19;21;22;23;19;22;19;21;16
BAO;41488;25KN;29;28;25;25;24;26;23;28;29;30;36;37;37;33;34
BAO;41488;27JX;34;32;31;31;27;22;22;22;24;21;20;21;15;15;16
BAO;41488;27KE;35;38;38;41;48;46;53;54;58;60;71;68;70;57;55
BAO;41488;28CZ;31;31;29;29;32;30;31;31;28;28;28;28;25;23;21
BAO;41491;05XW;29;29;29;34;39;33;35;34;14;14;15;17;16;14;17
BAO;41491;09FW;28;27;28;23;26;31;29;33;20;19;16;13;12;13;15
BAO;41491;11HW;8;7;7;5;7;6;7;8;5;6;7;7;6;5;8
BAO;41491;11TQ;11;10;11;8;10;12;14;15;15;15;14;11;11;11;12
BAO;41491;18MJ;21;18;17;16;19;20;20;19;22;16;17;15;16;14;12
BAO;41491;18MT;17;17;16;16;16;17;18;20;23;24;25;28;31;30;33
BAO;41491;18PJ;27;24;19;18;14;14;13;11;11;12;9;12;10;12;10
BAO;41492;10DE;20;23;26;27;39;36;42;62;18;17;18;19;20;21;20
BAO;41492;10LV;16;17;6;6;6;5;*;7;5;6;10;12;9;10;8
BAO;41492;10UW;9;10;12;11;11;10;10;14;17;18;18;20;22;17;22
BAO;41492;11BF;16;15;12;11;11;12;15;18;19;19;27;26;25;23;23
BAO;41492;11UM;18;14;16;15;12;11;12;12;14;13;17;16;17;13;13
BAO;41492;11ZI;13;13;13;13;13;12;14;15;15;16;19;18;19;18;14
BAO;41492;12IS;9;9;12;10;10;8;9;11;12;11;13;14;14;12;11
BAO;41492;12NT;17;16;16;16;16;14;15;15;23;29;30;32;34;35;23
BAO;41492;12RC;16;15;16;15;11;10;9;13;18;22;23;26;27;25;20
BAO;41492;12VU;9;8;7;6;5;6;6;7;10;10;9;9;9;9;8
BAO;41492;13BT;26;27;29;29;21;20;20;20;10;13;20;19;20;21;18
BAO;41492;13JP;8;9;7;5;*;*;5;7;6;9;9;9;7;8;9
BAO;41492;18IY;17;16;15;15;13;13;13;20;22;26;24;25;25;21;20
BAO;41493;03BA;11;9;11;9;12;10;9;8;8;9;9;12;11;15;12
BAO;41493;19CY;47;38;37;39;45;48;53;56;60;62;65;60;55;71;83
BAO;41493;19DD;30;29;29;26;27;27;29;27;31;33;32;33;31;27;28
BAO;41493;19DI;34;33;33;33;34;37;35;36;37;36;41;42;39;39;41
BAO;41493;19DM;19;15;14;12;14;10;12;16;14;15;17;19;20;18;18
BAO;41493;19DP;11;11;11;11;11;11;12;12;11;11;13;15;15;12;17
BAO;41493;19LM;25;31;31;34;37;37;36;38;33;37;35;87;79;56;24
BAO;41493;19MR;63;55;54;58;53;57;52;55;55;55;65;67;65;39;35
BAO;41493;19MW;24;24;24;23;18;19;20;20;22;23;25;24;21;18;20
BAO;41493;19NA;77;77;78;85;90;86;98;107;106;113;111;108;107;98;88
BAO;41493;32BW;0;0;0;0;0;0;0;0;0;0;0;0;*;30;32
BAO;41494;18VQ;34;33;42;32;34;29;30;26;26;26;24;32;30;33;35
BAO;41494;18WF;11;10;9;10;11;9;10;11;11;12;10;12;13;11;11
BAO;41494;18WN;37;33;29;31;32;25;30;31;33;32;32;44;47;44;41
BAO;41494;18WW;9;7;6;7;6;5;*;7;7;7;7;8;8;10;7
BAO;41494;19AM;18;19;18;19;16;14;14;15;15;14;15;17;17;16;17
BAO;41494;19AV;11;10;11;11;10;11;11;11;9;10;11;11;10;11;9
BAO;41494;19BC;14;14;15;14;14;12;11;13;14;14;14;15;12;11;12
BAO;41496;04AJ;31;20;20;18;21;25;12;15;15;14;14;12;12;16;17
BAO;41496;05YA;10;13;11;9;7;8;8;6;7;12;9;10;10;*;0
BAO;41496;05ZW;27;29;25;22;20;17;18;31;27;30;32;51;31;32;32
BAO;41496;06PB;11;11;10;9;*;*;15;18;17;19;19;17;15;16;17
BAO;41496;08EO;22;23;20;17;15;17;17;23;25;24;29;23;27;25;27
BAO;41496;08GH;14;19;19;16;14;15;13;15;24;24;28;24;23;28;25
BAO;41496;09GJ;9;13;14;11;10;12;15;19;20;21;26;26;27;24;22
BAO;41496;12DF;37;34;28;20;20;18;20;23;25;28;34;40;42;51;49
BAO;41496;12IW;87;86;65;52;50;33;36;51;49;48;54;54;50;50;49
BAO;41496;12YM;49;46;45;41;30;34;38;41;30;31;32;34;47;46;45
BAO;41496;13AN;17;14;14;13;14;15;20;25;25;28;35;41;34;41;42
BAO;41496;13MO;11;12;10;11;8;9;12;12;15;15;18;19;18;14;13
BAO;41496;13YR;13;23;21;21;22;24;31;42;49;51;57;55;54;55;57
BAO;41496;14DF;22;21;21;18;19;19;21;25;28;28;32;34;30;28;29
BAO;41496;18EA;24;25;23;21;20;15;20;23;23;22;20;22;18;20;21
BAO;41496;18JW;13;15;14;12;11;14;15;18;21;20;21;20;18;16;14
BAO;41496;18LK;8;12;10;8;7;6;6;8;10;11;12;12;13;11;11
BAO;41496;23EW;54;51;43;36;18;16;16;19;19;20;22;19;19;19;21
BAO;41496;29XZ;10;11;11;9;10;8;9;9;8;9;10;14;12;11;12
BAO;41496;31BJ;0;0;0;0;17;18;17;24;24;24;23;23;22;22;26
BAO;41500;03BU;15;12;12;13;12;12;11;11;10;8;12;0;0;0;0
BAO;41501;12IL;9;7;8;8;11;9;11;8;6;0;0;0;0;0;0
BAO;41506;03HF;27;28;24;23;19;20;19;20;23;22;22;24;25;22;21
BAO;41506;03OB;21;26;20;19;19;18;17;19;21;21;21;22;21;20;21
BAO;41506;03RG;11;10;10;10;10;10;9;9;11;10;14;13;14;14;15
BAO;41506;03WE;42;42;39;37;34;31;31;34;38;31;32;33;29;24;24
BAO;41506;04ZI;13;13;12;13;10;18;19;12;15;14;13;13;11;11;11
BAO;41506;05JL;19;16;16;15;15;15;14;17;20;18;16;17;17;18;17
BAO;41506;05JV;40;38;35;33;30;30;32;36;45;39;42;43;40;43;38
BAO;41506;06KH;23;27;25;28;25;24;24;26;30;28;30;33;32;32;28
BAO;41506;06MS;19;20;14;13;11;17;31;40;26;31;24;32;18;14;12
BAO;41506;06NS;23;22;17;16;17;17;17;21;23;23;22;25;26;26;28
BAO;41506;06SL;19;19;17;17;16;16;17;18;22;23;22;23;22;20;21
BAO;41506;06XF;16;14;13;12;12;10;11;9;11;11;11;13;14;14;14
BAO;41506;07RE;25;24;25;19;17;16;17;19;19;19;18;16;16;15;16
BAO;41506;07TX;16;18;15;14;12;11;11;10;13;13;13;12;13;12;11
BAO;41506;08ZL;23;21;19;21;17;15;15;18;22;19;19;20;21;16;16
BAO;41506;09AU;16;18;17;11;11;13;11;10;11;10;10;10;10;10;9
BAO;41506;09JO;14;11;10;10;10;7;0;0;0;0;0;0;0;0;0
BAO;41506;09WD;22;24;18;17;19;19;18;17;18;20;21;21;20;20;19
BAO;41506;09XR;27;27;22;19;23;16;14;12;16;15;16;18;19;16;15
BAO;41506;10EY;22;24;20;21;21;23;24;17;16;16;15;14;11;11;13
BAO;41506;10HO;28;23;21;22;22;21;22;26;31;31;32;32;30;29;31
BAO;41506;10KI;16;16;15;15;15;16;17;19;19;18;17;18;19;19;19
BAO;41506;10OA;23;23;21;20;19;17;18;21;24;25;23;24;22;21;21
BAO;41506;10QB;11;13;12;11;10;11;8;10;12;11;13;13;16;12;10
BAO;41506;10WG;45;47;42;39;30;29;29;23;31;31;30;31;29;28;28
BAO;41506;11KB;14;15;13;13;11;11;12;13;13;12;12;13;12;10;11
BAO;41506;12AW;26;28;22;24;20;20;19;20;20;20;20;20;17;16;19
BAO;41506;12KD;38;42;38;36;35;32;30;27;32;31;28;29;31;31;31
BAO;41506;12SP;16;22;16;17;17;17;15;14;19;16;16;17;15;16;17
BAO;41506;12ZE;26;20;13;12;11;10;8;10;12;11;9;13;12;12;13
BAO;41506;13KM;14;12;11;10;10;10;11;14;17;16;13;13;14;15;13
BAO;41506;14DK;31;30;27;28;24;26;21;25;27;25;23;24;25;23;23
BAO;41506;14IY;22;22;21;23;17;18;16;18;22;22;17;18;20;18;20
BAO;41506;14LM;40;40;35;34;34;33;33;35;41;40;41;42;36;33;33
BAO;41506;15VZ;25;23;20;18;19;22;18;18;20;21;22;22;23;21;20
BAO;41506;15YD;22;21;21;17;10;14;13;14;17;16;20;20;22;20;18
BAO;41506;16DE;15;14;13;14;13;15;15;15;16;16;15;16;19;19;17
BAO;41506;16EO;29;27;24;22;21;20;19;23;26;23;23;26;26;26;30
BAO;41506;16FU;14;11;11;10;11;10;11;14;18;19;16;17;17;18;18
BAO;41506;16HE;30;29;20;21;21;20;21;22;25;26;24;24;27;24;23
BAO;41514;14MK;16;20;17;17;13;14;12;12;13;10;11;12;12;13;14
BAO;41514;15KT;24;25;23;22;22;22;22;25;27;31;32;29;31;25;23
BAO;41514;15PV;36;34;34;34;38;44;46;52;48;48;32;34;35;32;26
BAO;41514;15WT;52;50;36;29;28;31;30;34;31;31;36;46;55;48;48
BAO;41514;16CI;29;26;31;32;27;23;21;27;27;27;25;23;25;24;24
BAO;41514;16GL;35;31;31;32;35;34;34;36;37;33;53;57;51;49;39
BAO;41514;16HT;61;61;56;53;46;41;38;35;35;34;31;32;31;30;31
BAO;41514;21RQ;20;21;21;22;22;22;25;29;25;25;28;24;23;21;22
BAO;41514;22FH;28;26;25;23;26;25;26;27;28;26;28;30;32;30;30
BAO;41514;23PF;34;35;32;28;29;29;29;30;28;30;29;30;27;28;29
BAO;41514;27NY;39;36;37;35;32;29;27;25;27;22;20;21;26;25;25
BAO;41514;29XE;24;33;34;40;42;39;43;45;47;46;47;51;52;50;50
BAO;41516;00BW;27;20;21;16;102;10;0;8;10;11;11;12;11;10;12
BAO;41516;00CG;31;33;26;26;25;27;0;30;32;32;31;33;32;36;37
BAO;41516;03JL;23;25;17;15;15;16;0;14;15;15;14;15;11;14;13
BAO;41516;03MX;25;26;23;21;24;24;0;21;22;21;20;19;20;22;24
BAO;41516;03PF;28;28;27;27;25;24;0;23;25;22;23;24;23;23;24
BAO;41516;03SV;45;45;40;38;37;38;22;29;32;33;34;37;33;27;29
BAO;41516;03VC;23;21;18;17;17;16;0;13;13;15;18;17;17;16;16
BAO;41516;04SJ;23;27;22;20;20;20;0;21;27;28;29;26;27;28;31
BAO;41516;05HV;28;29;24;23;21;22;0;22;24;24;26;24;24;24;21
BAO;41516;06CK;23;23;22;20;20;24;0;21;24;27;25;25;25;22;22
BAO;41516;06HC;21;21;20;17;17;17;0;19;18;16;16;15;15;15;13
BAO;41516;06WL;33;33;24;23;25;25;0;29;26;26;24;24;24;24;20
BAO;41516;07UH;25;23;20;18;17;17;0;20;24;25;27;28;29;30;31
BAO;41516;08LJ;20;18;19;17;17;18;0;19;18;17;17;20;17;16;16
BAO;41516;08MU;21;21;18;18;17;17;0;19;18;19;18;19;20;18;18
BAO;41516;08MW;41;35;31;29;24;25;0;28;30;28;27;27;26;26;20
BAO;41516;08QU;23;27;24;22;20;20;0;24;24;27;29;28;28;28;31
BAO;41516;08RD;29;28;25;20;20;21;0;19;20;22;20;19;19;17;16
BAO;41516;09BA;33;35;29;29;26;25;0;24;23;24;25;24;24;24;24
BAO;41516;09LU;22;21;18;27;25;25;0;27;26;25;26;24;26;26;27
BAO;41516;09LW;15;16;14;14;14;16;0;14;14;14;16;18;16;19;18
BAO;41516;09ML;20;19;17;23;19;20;0;20;24;20;20;18;20;25;23
BAO;41516;10HF;18;22;19;20;19;20;0;20;23;24;23;26;23;21;20
BAO;41516;11LL;15;16;16;24;25;25;0;30;38;40;40;56;54;57;51
BAO;41516;11MN;17;20;17;17;16;16;0;17;18;19;18;17;16;16;17
BAO;41516;11XS;16;17;15;14;13;14;0;16;15;15;16;17;17;18;20
BAO;41516;12FC;*;0;0;0;0;0;0;0;0;0;0;0;0;0;0
BAO;41516;12OF;62;65;51;41;34;34;0;30;30;32;29;30;34;35;30
BAO;41516;12WD;28;29;27;26;26;24;0;23;23;26;27;25;26;27;24
BAO;41516;12XQ;19;17;17;14;15;14;0;14;15;17;16;14;15;15;15
BAO;41516;16UV;29;23;19;19;21;21;0;19;21;21;23;19;18;18;18
BAO;41516;17XQ;29;32;30;27;22;23;0;25;23;25;28;28;26;26;25
BAO;41516;18DW;16;14;15;14;15;15;0;15;16;18;18;19;18;12;12
BAO;41516;18MR;74;66;58;47;31;29;0;29;30;32;33;35;34;35;33
BAO;41516;18QK;51;49;41;34;28;17;0;23;27;28;26;29;28;27;26
BAO;41516;20SZ;30;31;26;28;28;28;0;30;29;33;34;37;34;37;36
BAO;41516;20TD;22;21;20;20;22;22;0;23;23;25;25;24;26;25;24
BAO;41516;20TN;19;20;19;20;22;19;0;19;19;22;23;20;20;19;20
BAO;41516;22KH;37;38;26;23;21;22;0;12;13;13;15;15;16;15;13
BAO;41516;23BX;31;27;24;23;23;23;0;19;19;20;18;18;15;15;14
BAO;41516;23TE;40;43;34;31;28;26;0;23;23;24;23;23;22;23;20
BAO;41516;24JJ;16;18;14;15;15;15;0;15;15;14;14;15;16;16;15
BAO;41518;05HA;30;29;31;34;31;29;29;27;27;28;31;28;40;37;35
BAO;41518;11QX;25;24;26;26;27;25;26;21;25;22;23;22;22;22;20
BAO;41518;12AP;28;27;28;25;31;28;27;30;30;28;31;34;42;44;39
BAO;41518;12BR;24;25;22;20;15;16;16;14;17;17;19;22;25;26;24
BAO;41518;12JX;46;43;46;42;33;34;31;29;29;31;36;43;49;45;41
BAO;41518;13KI;31;27;24;22;21;19;18;19;20;21;24;26;30;30;27
BAO;41518;18NV;31;33;30;36;35;38;35;34;36;36;39;43;53;55;46
BAO;41518;18RJ;64;57;54;45;43;45;44;56;59;55;61;58;60;66;47
BAO;41518;18UG;28;30;30;30;30;29;29;30;32;33;36;36;40;40;36
BAO;41518;18UQ;19;20;14;14;14;15;14;15;15;17;16;18;18;19;17
BAO;41518;18UY;27;30;23;22;24;24;26;26;24;23;21;25;29;27;29
BAO;41518;18VI;24;24;21;19;19;20;19;20;21;26;25;26;29;28;23
BAO;41518;18VN;22;19;17;16;18;16;16;17;16;16;16;24;23;25;20
BAO;41518;18XB;33;28;21;19;18;19;23;27;31;27;31;29;35;36;34
BAO;41518;18YS;63;53;46;43;40;41;36;37;40;39;39;44;39;39;43
BAO;41518;18ZW;21;17;16;13;13;14;13;15;19;21;24;23;29;31;24
BAO;41518;23PC;41;34;27;23;19;18;18;19;18;18;21;19;21;22;20
BAO;41519;27MK;27;27;27;27;24;20;19;21;21;22;23;22;21;21;23
BAO;41524;28BR;0;0;0;0;0;0;0;0;0;0;0;0;0;0;0
BAO;41527;04FB;27;25;26;25;26;26;25;24;26;27;26;24;25;27;28
BAO;41527;06TX;19;17;17;17;16;12;12;12;11;12;12;13;9;19;19
BAO;41527;10CR;16;16;17;17;14;13;14;11;10;10;11;9;9;8;9
BAO;41527;11OC;23;22;22;23;21;23;22;22;21;20;22;25;25;14;16
BAO;41527;15AN;50;44;39;41;40;41;42;38;41;37;34;39;40;35;31
BAO;41527;15XO;55;52;54;52;47;46;46;48;48;46;46;54;57;51;48
BAO;41527;18IX;11;10;9;8;8;9;8;8;10;11;14;13;11;11;10
BAO;41527;18JF;29;26;26;26;29;30;34;39;39;38;45;51;49;53;50
BAO;41527;18OA;15;15;15;17;16;15;18;17;20;21;24;32;36;38;39
BAO;41527;21QK;15;15;16;16;14;17;23;26;37;42;48;56;60;77;71
BAO;41527;22KD;35;29;25;25;24;25;20;20;16;23;31;31;28;26;25
BAO;41527;24ZC;15;16;19;19;19;16;18;19;20;22;24;26;29;30;24
BAO;41527;32HW;0;0;0;0;0;0;0;0;0;0;0;0;0;0;7
BAO;41528;03JE;28;29;31;31;37;46;32;36;38;38;37;33;19;17;16
BAO;41528;05QM;22;21;18;16;16;16;13;15;15;16;18;18;22;23;23
BAO;41528;06FO;24;27;30;29;29;27;27;26;28;28;28;21;21;20;20
BAO;41528;07ZP;18;18;20;20;17;14;19;18;19;19;19;18;20;19;19
BAO;41528;08JU;27;25;27;29;25;22;22;23;23;24;25;26;24;26;25
BAO;41528;09PZ;33;29;27;25;23;24;24;26;22;23;24;26;27;27;25
BAO;41528;10YI;47;48;46;43;45;38;30;29;31;31;28;27;30;21;19
BAO;41528;11VN;32;28;24;22;21;17;16;19;23;27;30;30;29;32;34
BAO;41528;12FF;28;29;29;29;28;25;26;27;29;30;32;34;35;35;30
BAO;41528;12OK;34;31;30;27;28;27;27;29;29;28;32;29;33;32;31
BAO;41528;13CT;38;35;38;40;40;41;45;44;45;44;49;48;49;24;24
BAO;41528;13IC;14;13;14;15;16;14;14;12;16;19;20;20;21;24;24
BAO;41528;13VN;20;18;19;20;21;19;17;19;19;22;20;23;23;27;29
BAO;41528;21LO;34;31;26;23;21;20;21;20;22;20;23;23;23;25;23
BAO;41528;26AM;31;30;29;27;26;25;23;20;21;24;25;25;24;27;29
BAO;41528;27JU;25;28;29;31;33;31;32;35;35;32;33;33;30;29;27
BAO;41528;31LJ;0;0;0;0;0;0;0;0;*;*;8;16;25;29;32
BAO;41528;31WK;0;0;0;0;0;0;0;0;0;0;0;0;*;30;30
BAO;41530;00GX;17;16;23;24;16;14;17;28;12;12;15;14;15;14;71
BAO;41530;03QR;39;38;35;36;31;34;35;38;39;39;42;40;39;37;40
BAO;41530;03XB;28;27;25;25;25;25;26;29;32;29;30;32;30;29;34
BAO;41530;03YJ;30;25;25;26;24;23;22;22;23;21;22;23;22;20;18
BAO;41530;06GD;22;17;15;14;12;11;9;15;14;11;14;12;10;11;13
BAO;41530;07UY;53;48;43;45;41;41;37;31;36;31;33;30;30;32;29
BAO;41530;08EY;17;17;18;17;19;20;19;20;27;27;33;32;33;31;30
BAO;41530;08KH;31;29;23;22;19;17;17;19;23;28;27;27;27;26;26
BAO;41530;08RP;22;19;20;20;17;18;17;17;18;18;21;20;19;20;21
BAO;41530;09DV;11;11;12;10;8;10;9;10;10;13;13;11;13;14;15
BAO;41530;09FB;29;26;24;24;23;23;22;25;23;18;17;16;19;17;14
BAO;41530;10OV;33;32;33;32;30;29;27;30;61;61;59;21;19;19;19
BAO;41530;28BG;26;35;32;32;30;34;36;39;36;41;44;38;39;38;38
BAO;41530;28BH;21;27;27;32;30;35;36;42;47;47;50;48;47;45;47
BAO;41530;28CF;13;12;16;15;17;18;17;18;20;18;20;22;19;18;18
BAO;41532;04LO;28;29;26;23;23;25;37;36;37;35;32;22;21;22;20
BAO;41532;04NB;23;22;21;23;23;22;24;29;26;26;33;37;40;38;41
BAO;41532;04PJ;16;13;13;13;11;13;12;11;13;12;12;12;14;14;12
BAO;41532;04QL;14;14;15;13;14;13;13;14;16;16;14;14;16;15;15
BAO;41532;04XT;16;18;18;17;17;17;18;21;22;22;22;28;32;29;31
BAO;41532;07PP;7;9;10;10;13;11;11;8;10;10;13;11;11;14;12
BAO;41532;10YK;19;19;16;17;16;15;16;20;23;23;29;27;28;25;25
BAO;41532;11LX;32;32;37;39;36;31;31;30;32;31;36;32;33;30;26
BAO;41534;03GD;16;17;17;19;19;19;21;22;23;23;23;24;26;28;30
BAO;41534;03MJ;14;11;13;13;13;13;14;15;13;14;13;13;14;14;14
BAO;41534;04MJ;27;26;27;29;30;34;36;36;34;34;34;31;32;33;30
BAO;41534;05RG;16;14;17;16;17;20;18;15;20;19;18;16;17;16;16
BAO;41534;06DY;15;12;15;15;15;12;12;16;17;20;19;18;16;16;14
BAO;41534;06GV;19;16;18;20;18;17;17;15;18;20;20;18;18;16;15
BAO;41534;07AA;17;18;16;17;17;16;15;16;16;18;19;16;16;17;18
BAO;41534;07XO;28;28;27;27;27;28;28;30;32;30;33;33;36;38;33
BAO;41534;21QN;12;12;14;14;15;18;18;18;15;15;16;16;16;15;14
BAO;41534;23UE;24;22;23;24;23;25;26;29;27;29;28;26;29;24;25
BAO;41534;23WR;16;14;13;14;13;14;15;16;16;16;18;17;16;16;15
BAO;41535;03ZB;7;7;8;8;8;9;10;11;11;13;14;14;13;15;14
BAO;41535;12DE;41;37;37;41;41;39;37;38;44;38;30;32;37;37;54
BAO;41535;13LF;30;26;28;26;28;30;30;31;31;34;27;31;29;28;30
BAO;41535;13YD;35;34;34;37;37;33;38;37;41;48;48;52;56;69;67
BAO;41535;15EQ;26;27;25;27;27;23;23;21;20;24;22;22;25;41;34
BAO;41535;15HY;46;44;40;41;45;41;43;44;44;38;40;40;43;44;48
BAO;41535;15YU;39;39;37;40;44;44;44;46;47;40;35;40;40;47;47
BAO;41538;08FC;22;23;26;24;21;12;12;16;14;14;16;15;14;15;14
BAO;41538;08HM;10;10;10;11;10;16;17;16;16;12;11;11;15;14;16
BAO;41538;09FF;31;25;25;26;23;21;22;27;22;23;23;17;21;21;25
BAO;41538;09HT;10;9;9;8;9;10;10;7;9;8;8;14;13;9;9
BAO;41538;10DH;6;5;6;7;9;6;9;9;11;11;12;6;7;0;0
BAO;41538;18HT;18;17;19;18;18;19;22;23;21;22;24;25;24;23;20
BAO;41538;18JU;31;30;31;33;29;31;28;30;32;32;28;27;27;28;26
BAO;41538;18LI;11;10;9;12;10;9;10;11;11;10;10;10;9;10;12
BAO;41538;18MX;9;9;7;7;7;7;8;8;10;9;9;9;8;8;9
BAO;41538;18PM;20;21;21;20;24;20;22;25;21;21;25;24;22;23;22
BAO;41544;08HN;27;26;24;25;24;34;36;23;22;25;25;25;21;20;20
BAO;41544;10DI;25;23;23;22;21;18;17;20;15;17;15;27;20;19;18
BAO;41544;11FY;47;47;48;47;41;43;39;40;37;35;38;35;35;29;29
BAO;41544;11RT;34;35;39;44;40;42;41;43;37;26;24;25;28;20;20
BAO;41544;12IC;14;13;14;15;16;16;15;13;14;19;19;18;20;20;17
BAO;41544;18DX;18;20;19;20;21;21;20;21;20;21;22;23;26;24;25
BAO;41544;18ET;22;24;25;29;29;29;31;31;35;34;37;32;34;33;33
BAO;41544;21OU;27;25;27;22;20;21;18;16;18;21;23;25;24;19;20
BAO;41545;14DZ;38;39;39;36;35;32;28;25;27;28;29;32;42;39;39
BAO;41545;14JK;27;28;25;23;23;22;21;21;19;18;15;17;19;21;18
BAO;41545;15HR;27;28;27;25;21;19;13;14;17;21;16;14;17;19;18
BAO;41545;15KL;31;31;27;28;26;26;24;27;26;28;30;32;35;33;34
BAO;41545;15NA;79;75;70;65;60;60;56;52;56;56;57;56;57;57;64
BAO;41545;20OQ;30;31;28;28;28;27;27;30;26;30;29;29;30;29;27
BAO;41545;20PN;34;37;35;33;33;32;24;25;23;21;26;28;26;29;30
BAO;41547;05WN;24;23;23;23;23;23;23;25;26;27;23;23;24;21;21
BAO;41548;08CK;25;24;25;28;28;29;30;31;33;34;37;35;31;37;38
BAO;41551;03RZ;29;30;24;27;25;27;41;39;23;25;22;23;22;22;20
BAO;41551;04LL;30;29;26;23;18;17;19;19;18;22;23;19;21;21;18
BAO;41551;04WD;9;8;8;8;7;6;7;7;9;8;9;9;8;10;10
BAO;41551;04XB;19;18;14;14;13;13;14;12;11;12;14;13;13;12;14
BAO;41551;05KX;7;7;5;*;*;5;6;8;8;8;8;9;11;13;11
BAO;41551;06KW;29;28;26;23;25;24;21;25;25;24;26;25;25;23;23
BAO;41551;07NY;32;32;30;27;19;20;20;19;17;19;20;18;19;17;17
BAO;41551;07OY;30;30;22;18;16;17;16;18;19;22;22;21;21;23;22
BAO;41551;11CZ;19;15;13;13;14;12;12;13;17;17;21;21;22;22;17
BAO;41551;11XM;23;20;21;21;19;17;17;19;18;16;19;19;16;15;14
BAO;41551;12GW;19;19;17;13;12;10;11;14;11;11;13;12;12;14;12
BAO;41551;30AF;8;8;6;7;7;8;9;9;13;14;16;16;16;17;13
BAO;41557;08FJ;23;22;22;20;18;10;9;9;9;10;11;10;11;11;12
BAO;41557;08HQ;12;11;12;13;14;16;19;19;20;21;22;21;21;24;23
BAO;41557;09FO;9;8;7;10;9;8;10;10;11;8;11;10;10;8;9
BAO;41557;09HY;13;12;12;11;11;13;12;14;17;14;15;15;15;16;16
BAO;41557;09ZN;17;13;11;13;7;7;7;6;7;8;9;10;11;11;10
BAO;41557;10DM;22;21;21;18;20;16;18;17;19;20;21;18;20;18;15
BAO;41557;10EL;13;14;11;12;10;9;8;9;8;7;7;8;9;10;10
BAO;41557;10RR;11;9;8;7;7;6;7;5;7;8;8;7;8;8;11
BAO;41557;10VV;15;15;14;12;10;11;10;10;9;10;9;10;10;10;9
BAO;41557;18FD;14;13;12;12;15;13;13;13;14;15;14;13;14;13;16
BAO;41560;11RZ;38;37;38;36;34;35;35;36;38;47;49;58;54;46;46
BAO;41560;12CL;32;30;31;27;28;27;25;27;24;21;19;20;17;18;19
BAO;41560;13BY;39;37;34;34;34;36;40;42;41;39;41;41;42;43;42
BAO;41560;13MP;29;30;29;31;32;40;43;45;27;24;25;23;17;22;21
BAO;41560;13RI;23;24;23;18;18;22;22;22;22;22;26;34;27;27;26
BAO;41560;27RM;37;35;32;33;32;31;33;31;24;25;27;25;24;28;29
BAO;41561;12NU;14;14;14;12;9;7;8;9;36;46;37;35;40;48;39
BAO;41561;12VV;15;15;13;13;13;13;10;11;12;11;13;12;12;12;12
BAO;41561;13BU;10;11;10;8;9;10;9;9;9;10;12;13;15;11;10
BAO;41561;13HI;13;13;13;13;11;13;11;11;13;13;13;13;12;14;13
BAO;41561;13MM;13;14;13;11;13;13;10;12;9;11;11;13;11;12;9
BAO;41561;13RF;10;10;10;9;10;10;10;10;12;13;14;12;13;13;12
BAO;41561;18DS;39;35;34;32;28;29;35;31;34;32;29;32;31;32;30
BAO;41561;18HO;21;24;20;20;19;19;24;23;24;22;22;21;21;19;19
BAO;41561;18JO;13;12;12;12;14;14;12;13;14;14;16;18;14;13;10
BAO;41561;18LE;21;20;21;20;21;20;19;23;25;22;26;27;28;27;25
BAO;41561;18MQ;29;31;30;28;31;28;33;30;30;30;38;41;42;40;41
BAO;41561;18NX;21;21;19;18;17;14;13;12;12;11;13;14;15;11;14
BAO;41561;18PH;8;6;9;8;0;0;0;0;0;0;0;0;0;0;0
BAO;41561;18QJ;12;10;10;9;9;8;8;8;9;10;10;13;14;15;13
BAO;41561;18RK;9;9;9;12;10;10;9;11;11;12;13;13;13;12;11
BAO;41561;18SL;21;24;24;20;19;21;19;23;18;18;18;17;17;17;18
BAO;41565;03BS;185;174;173;33;37;45;35;40;39;43;44;110;107;111;111
BAO;41565;08IF;13;14;12;11;15;13;12;9;9;9;11;11;11;12;11
BAO;41565;09IF;9;9;10;11;11;11;11;9;11;10;10;15;16;16;16
BAO;41565;10DU;10;9;9;9;9;8;8;7;8;8;9;11;10;11;10
BAO;41565;16NC;22;23;26;28;30;29;23;23;26;28;26;26;28;28;27
BAO;41565;16NV;18;17;15;14;16;16;14;15;13;12;12;14;15;11;17
BAO;41565;16UE;29;28;26;27;31;28;23;19;23;18;23;20;19;21;20
BAO;41565;16WQ;25;25;25;23;26;22;20;20;18;17;19;15;16;18;17
BAO;41565;16XT;13;13;12;13;15;15;14;15;14;12;16;15;14;12;12
BAO;41565;16ZD;22;20;21;21;20;19;18;18;15;13;16;18;18;18;20
BAO;41565;16ZT;30;28;26;25;24;23;20;18;19;19;20;18;18;16;15
BAO;41565;17DR;10;10;11;10;11;12;10;13;12;12;13;13;13;13;17
BAO;41565;17EB;14;14;13;12;13;12;12;16;17;16;16;14;16;14;17
BAO;41565;17EL;28;15;14;12;19;17;15;16;16;16;15;17;18;17;15
BAO;41565;17EV;22;21;21;26;31;32;36;38;41;43;45;47;47;48;49
BAO;41565;17FF;18;15;15;12;15;16;14;14;15;18;17;14;14;11;10
BAO;41565;17FW;24;23;22;22;24;23;23;22;23;23;26;24;24;21;16
BAO;41565;17MT;45;43;55;60;70;63;65;65;71;76;77;69;74;75;60
BAO;41565;17NH;19;21;23;23;21;22;20;19;17;17;19;18;17;17;16
BAO;41565;17NS;14;14;16;14;19;19;19;19;20;22;21;24;26;23;20
BAO;41565;17OF;43;36;32;33;38;35;39;35;33;35;40;38;48;46;43
BAO;41565;17QA;17;19;18;18;18;20;19;18;18;18;20;16;17;16;13
BAO;41565;17RE;19;19;18;16;16;15;15;14;16;16;15;14;14;13;11
BAO;41565;17SQ;17;17;18;19;21;21;22;23;26;27;28;26;25;26;26
BAO;41565;17TK;21;18;21;18;20;15;17;19;18;17;16;19;19;18;17
BAO;41565;17UH;33;33;32;31;32;30;29;26;25;27;26;24;25;24;26
BAO;41565;18JB;20;21;19;24;26;28;29;31;31;34;37;36;39;36;33
BAO;41565;22NW;23;24;24;23;24;24;24;25;28;28;25;29;28;26;25
BAO;41565;26AJ;30;28;32;29;32;32;25;24;25;21;25;20;19;14;10
BAO;41566;09GA;15;17;18;19;22;22;22;71;26;26;68;63;70;65;55
BAO;41566;10VC;10;8;7;7;8;10;10;12;12;13;13;12;11;12;11
BAO;41566;11UR;8;7;9;7;8;9;9;10;11;9;7;10;8;9;9
BAO;41566;12EF;7;6;6;5;6;6;6;6;7;6;7;7;8;8;7
BAO;41566;12EI;6;6;6;6;9;10;10;9;10;10;9;10;11;10;13
BAO;41566;12NI;11;11;9;9;7;6;5;7;7;7;8;10;7;7;7
BAO;41566;12NK;16;16;15;14;12;14;11;13;14;13;15;16;18;21;17
BAO;41566;12VJ;11;10;9;10;10;9;8;10;9;8;9;10;10;9;10
BAO;41566;13BI;31;25;24;19;20;24;21;17;17;16;16;19;22;18;19
BAO;41566;13BK;15;14;15;14;14;13;13;13;16;15;18;15;15;19;15
BAO;41566;13QS;28;28;30;25;29;26;22;21;20;21;22;23;18;16;16
BAO;41566;20EL;16;16;16;17;24;26;28;34;35;34;41;41;40;42;42
BAO;41566;20FB;16;17;17;18;22;25;28;28;28;24;26;35;35;32;32
BAO;41566;20FE;11;9;10;9;11;13;11;13;13;14;17;16;14;15;14
BAO;41566;20FI;10;13;12;13;13;13;18;16;14;14;13;15;16;16;13
BAO;41566;21OP;52;48;46;48;48;58;59;59;14;14;15;16;16;15;18
BAO;41566;26PR;47;45;44;41;39;41;38;35;37;37;33;34;32;30;30
BAO;41567;13GL;40;40;39;39;37;37;37;38;40;42;44;48;49;51;50
BAO;41567;13LM;70;68;66;66;66;66;55;62;65;58;57;59;55;52;53
BAO;41567;13XQ;16;16;18;10;11;13;14;15;16;17;17;18;18;20;21
BAO;41567;14AZ;14;12;17;26;22;18;18;20;22;18;20;21;21;24;28
BAO;41567;14EC;47;49;55;53;56;57;57;63;69;72;76;81;93;100;93
BAO;41567;14GW;28;25;21;21;20;21;22;21;22;23;25;27;30;28;30
BAO;41567;14XU;19;19;22;23;24;24;27;27;27;30;34;34;35;33;36
BAO;41567;15EJ;23;22;26;28;20;18;17;18;18;20;22;28;33;33;32
BAO;41567;15HT;34;34;33;31;29;27;31;28;32;29;31;34;36;38;40
BAO;41567;15KN;44;44;29;24;24;25;24;25;28;29;31;29;33;37;35
BAO;41570;05AU;32;32;36;33;33;30;29;31;32;36;43;42;41;40;39
BAO;41570;05MU;27;26;24;17;16;14;14;18;15;0;18;18;22;19;26
BAO;41570;05VL;14;16;16;17;23;21;22;22;21;22;22;22;25;19;24
BAO;41570;07JU;18;17;16;17;17;18;19;22;20;21;22;26;25;25;24
BAO;41570;09XC;42;44;49;51;48;49;53;51;51;49;49;56;24;25;27
BAO;41570;11JU;18;20;20;18;17;19;18;19;20;21;23;22;19;23;24
BAO;41570;11VJ;27;23;26;24;25;25;24;25;25;23;22;22;25;25;22
BAO;41570;12NN;18;21;26;24;25;26;23;21;19;20;20;21;18;18;17
BAO;41570;12UE;15;12;15;16;14;16;17;16;18;15;16;17;17;13;14
BAO;41570;12VO;17;16;17;16;15;16;17;21;22;22;24;23;26;24;26
BAO;41570;12YU;24;20;22;29;22;23;26;25;26;40;25;25;28;26;26
BAO;41570;13AK;12;12;11;11;10;12;10;11;13;11;13;15;15;14;15
BAO;41570;13ES;31;32;34;28;28;26;25;27;26;17;16;18;19;19;21
BAO;41570;13HC;42;36;37;34;34;35;33;0;27;29;31;34;35;33;36
BAO;41570;13JH;11;10;10;10;9;10;9;10;11;10;12;15;12;11;11
BAO;41570;13LE;19;20;23;23;25;25;24;22;25;26;27;29;29;31;29
BAO;41570;13OK;10;7;8;11;9;11;12;12;14;15;15;19;15;15;16
BAO;41570;13WC;27;20;20;22;21;23;22;0;19;17;16;16;16;17;19
BAO;41570;13XH;25;24;22;24;24;23;23;30;29;30;36;34;33;36;33
BAO;41570;13ZO;8;8;11;10;9;10;11;12;9;8;9;10;12;14;12
BAO;41570;14EW;28;28;27;25;27;30;29;25;28;30;35;39;40;45;47
BAO;41570;14FR;28;27;23;23;20;21;21;26;25;30;33;39;38;38;39
BAO;41570;14MS;32;30;31;34;35;35;35;39;38;41;41;40;42;39;39
BAO;41570;14YM;15;13;15;14;16;15;16;16;20;19;20;20;21;20;22
BAO;41570;15IF;31;31;32;33;35;32;31;33;37;34;33;40;41;46;43
BAO;41570;15QA;38;40;39;37;41;43;39;43;34;34;33;35;37;38;34
BAO;41570;15SK;39;33;37;34;35;34;37;39;42;41;39;41;47;49;42
BAO;41570;31WM;0;0;0;0;0;0;0;0;0;0;0;0;31;32;33
BAO;41571;03FT;25;33;30;31;33;33;0;93;90;92;86;35;29;29;28
BAO;41571;03LR;11;9;0;10;10;10;0;10;11;10;10;10;10;10;11
BAO;41571;05OR;19;17;0;17;16;16;0;17;18;19;19;30;17;15;18
BAO;41571;05QF;18;22;9;12;12;13;0;11;13;13;11;9;9;11;9
BAO;41571;05UR;37;35;24;38;24;21;0;23;26;27;24;21;17;19;15
BAO;41571;06BP;10;11;12;10;11;10;0;10;10;13;10;10;13;12;13
BAO;41571;06PQ;17;9;0;9;10;10;0;13;14;14;16;16;12;13;11
BAO;41571;06QT;25;23;0;24;20;23;0;26;33;31;27;28;30;26;27
BAO;41571;06QV;18;17;0;18;19;22;0;19;21;20;22;20;21;21;20
BAO;41571;07EM;12;11;0;13;10;11;0;13;14;15;14;15;14;12;11
BAO;41571;07IM;20;26;0;13;13;13;0;15;16;16;16;14;14;14;14
BAO;41571;07YQ;34;32;0;26;27;22;0;21;23;25;24;23;28;23;21
BAO;41571;08AF;22;23;14;22;26;12;0;21;20;22;18;17;12;12;12
BAO;41571;08AI;9;9;0;10;10;14;0;14;11;11;12;12;11;11;11
BAO;41571;08GZ;27;24;12;26;23;24;0;26;31;28;24;24;21;22;20
BAO;41571;09HB;10;14;11;11;9;10;0;11;13;10;12;15;12;12;13
BAO;41571;10ID;24;25;0;17;17;15;0;16;15;15;15;16;14;18;14
BAO;41571;10YO;19;19;0;20;17;17;0;20;23;25;26;25;28;27;26
BAO;41571;11FK;28;29;11;26;13;12;0;19;19;19;21;24;24;22;23
BAO;41571;11RI;16;15;0;15;17;16;0;22;24;25;28;26;25;24;25
BAO;41571;11XF;19;19;0;23;21;27;0;27;26;27;29;34;27;25;26
BAO;41571;12BY;18;18;0;18;20;21;0;20;20;21;21;23;18;19;19
BAO;41571;12GQ;22;22;13;11;10;9;0;13;14;12;14;12;14;13;12
BAO;41571;12MY;12;14;13;12;16;14;0;12;15;17;20;19;20;19;21
BAO;41571;12PJ;21;19;0;20;22;21;0;20;23;26;24;24;23;20;23
BAO;41571;12VA;29;30;26;24;26;26;0;26;30;29;28;29;29;28;25
BAO;41571;13QL;21;20;18;18;26;21;0;13;15;17;16;16;17;17;13
BAO;41571;13XX;26;18;10;7;6;5;0;9;9;11;12;11;11;13;16
BAO;41571;14BG;27;26;16;27;27;25;0;27;30;32;30;22;17;19;19
BAO;41571;18FY;11;13;12;12;10;10;0;10;10;13;12;12;14;13;13
BAO;41571;18RI;32;33;32;26;32;30;0;21;23;21;21;18;19;18;20
BAO;41571;19KD;12;12;12;13;13;26;0;10;11;14;14;15;15;13;14
BAO;41572;17EK;25;25;0;0;29;30;29;28;28;27;30;31;33;36;36
BAO;41572;17EU;20;18;17;19;17;18;17;21;20;21;21;19;20;22;19
BAO;41572;17FE;42;38;34;36;35;33;33;35;34;33;35;37;42;43;47
BAO;41572;17FN;22;20;18;20;16;19;18;16;17;19;16;14;17;17;19
BAO;41572;17FV;31;32;33;36;30;29;34;31;31;30;30;32;34;31;28
BAO;41572;17JE;21;21;48;52;21;21;22;22;24;27;21;29;29;27;27
BAO;41572;17MC;35;35;35;40;37;35;35;37;38;37;35;40;37;36;34
BAO;41572;17MR;16;18;19;18;16;19;19;17;18;19;17;17;18;18;17
BAO;41572;17NF;25;23;24;23;22;20;19;18;19;21;22;23;23;16;16
BAO;41572;17NQ;24;24;24;23;25;22;20;21;26;25;28;30;33;30;31
BAO;41572;17PJ;57;48;25;26;27;23;23;24;25;24;23;23;25;25;27
BAO;41572;17PY;24;24;23;27;28;27;31;39;38;36;39;38;40;38;40
BAO;41572;18AR;32;36;39;39;37;40;37;39;46;50;54;53;48;45;42
BAO;41572;18PQ;60;56;54;55;50;51;49;59;60;65;61;63;66;59;60
BAO;41572;19LI;33;35;34;34;34;34;36;34;38;35;38;40;42;37;36
BAO;41572;19LY;36;36;37;37;43;43;44;47;50;47;48;50;53;53;51
BAO;41572;19MH;35;34;34;35;31;25;19;18;19;17;19;27;24;25;23
BAO;41572;19MP;18;18;18;18;17;17;17;18;16;18;18;16;22;24;24
BAO;41572;19MU;20;20;21;23;19;16;15;15;14;16;16;16;19;20;17
BAO;41572;19MZ;12;13;16;16;16;14;16;20;20;21;22;26;27;31;31
BAO;41572;19NN;19;19;17;18;18;17;18;19;22;22;20;21;23;22;22
BAO;41572;19NQ;38;34;30;27;25;22;23;23;22;22;26;34;40;39;35
BAO;41572;19NT;21;21;24;24;23;22;20;22;23;25;22;30;27;34;31
BAO;41572;19NW;43;42;43;44;39;39;40;44;41;42;45;45;48;42;37
BAO;41572;19NZ;36;33;32;32;28;25;25;27;33;34;32;33;38;40;38
BAO;41572;19OC;38;38;37;37;31;31;29;30;32;33;35;41;44;39;34
BAO;41572;19OQ;71;70;69;72;68;66;66;63;64;60;69;67;65;64;60
BAO;41572;19QD;39;37;33;32;30;31;32;33;36;38;40;44;43;42;46
BAO;41572;19SI;21;21;20;21;23;27;31;39;40;44;52;46;43;43;37
BAO;41572;19TO;31;33;37;36;39;37;38;42;46;42;51;54;53;53;47
BAO;41572;19UK;33;30;29;28;25;22;24;26;27;31;32;31;37;43;40
BAO;41572;19VB;33;35;34;33;29;29;31;35;38;38;42;43;46;44;47
BAO;41572;19VV;32;30;30;27;24;0;0;0;0;0;0;0;0;0;0
BAO;41572;19WO;40;37;35;34;32;29;28;27;25;25;24;22;30;36;33
BAO;41572;19XU;15;15;20;19;20;19;20;24;20;20;17;15;13;15;13
BAO;41572;19YL;62;62;56;57;49;42;35;33;38;45;46;49;47;47;52
BAO;41572;19YS;16;18;18;23;23;24;20;22;26;23;23;22;19;21;20
BAO;41572;19YX;22;22;23;24;24;21;24;28;28;29;30;30;29;32;30
BAO;41572;19ZF;28;27;47;43;38;36;34;41;42;42;46;45;39;40;42
BAO;41572;19ZJ;28;28;27;27;23;20;20;20;21;22;28;28;35;37;37
BAO;41572;26AU;26;25;27;27;24;24;21;20;16;14;13;9;0;0;0
BAO;41572;26AX;43;42;41;41;39;35;35;37;34;34;37;41;42;42;41
BAO;41572;26PJ;33;31;36;37;35;32;31;29;29;28;28;28;24;22;20
BAO;41572;26PP;39;37;35;33;29;25;22;19;22;21;21;23;28;28;24
BAO;41572;27VA;30;32;33;36;35;34;33;35;32;30;28;30;29;33;34
BAO;41573;14BO;18;16;18;13;14;23;14;17;20;18;17;19;19;20;23
BAO;41573;14EP;18;20;18;19;17;18;20;20;19;22;19;19;17;17;17
BAO;41573;14JW;19;18;17;15;15;17;15;18;21;22;23;21;17;17;16
BAO;41573;14ML;26;28;26;20;18;16;15;16;18;21;18;15;15;12;12
BAO;41573;14QR;26;24;17;15;13;14;10;16;15;14;12;11;10;9;7
BAO;41573;14YF;32;32;29;26;19;18;18;18;19;20;21;23;20;17;20
BAO;41573;15AZ;34;24;25;24;25;24;20;24;28;26;33;30;30;30;29
BAO;41573;15ET;9;12;12;11;10;9;8;11;12;12;13;10;0;0;0
BAO;41573;15GC;22;20;18;22;19;20;18;22;21;20;20;19;20;14;13
BAO;41573;15IB;20;18;19;18;20;14;13;14;21;13;11;12;8;7;7
BAO;41573;15KU;26;28;26;27;23;23;18;20;23;20;20;23;22;17;17
BAO;41573;15ME;12;7;7;7;*;0;0;0;0;0;0;0;0;0;0
BAO;41573;15OK;28;27;29;25;25;25;24;24;25;26;24;24;23;22;19
BAO;41573;15OR;9;7;8;8;7;5;5;7;9;11;12;11;9;8;10
BAO;41573;15PW;26;19;18;15;13;11;9;10;10;10;11;15;9;7;7
BAO;41573;15QY;15;12;13;12;10;7;7;9;10;12;13;12;11;6;8
BAO;41573;15SG;12;10;9;9;9;6;6;7;10;9;11;10;9;7;8
BAO;41573;15UN;15;10;10;9;9;9;10;9;13;11;13;13;11;10;11
BAO;41573;15WU;12;12;11;11;11;11;11;13;15;18;18;19;18;16;18
BAO;41573;15XX;12;9;8;7;8;5;6;*;6;7;7;8;5;*;*
BAO;41573;15ZX;22;17;17;15;15;11;10;12;12;12;12;13;11;9;9
BAO;41573;16CZ;15;9;10;11;10;8;10;12;11;12;13;13;11;10;9
BAO;41573;27RK;27;26;27;26;23;27;27;30;30;30;33;37;36;37;38
BAO;41574;04HO;28;26;31;31;48;62;72;88;16;17;16;15;17;17;16
BAO;41574;06NH;18;18;16;15;12;10;10;11;11;13;16;15;15;19;19
BAO;41574;07ZS;14;14;15;16;16;15;13;12;12;10;13;12;12;14;13
BAO;41574;08AS;28;27;25;30;26;23;21;21;19;14;15;20;19;16;19
BAO;41574;08DF;31;27;26;24;23;24;25;28;27;25;28;27;25;28;30
BAO;41574;08IB;20;19;19;19;16;17;18;18;19;18;19;22;19;20;20
BAO;41574;08UN;22;23;23;27;29;22;22;21;22;23;25;28;26;24;20
BAO;41574;08VQ;18;18;14;10;11;9;8;9;7;9;10;9;9;16;17
BAO;41574;09DP;5;5;5;5;6;6;7;9;6;7;8;7;9;7;8
BAO;41574;09IJ;14;12;12;13;12;12;9;12;11;12;13;12;13;13;13
BAO;41574;10DX;18;22;18;17;16;8;8;8;7;9;9;9;10;16;17
BAO;41574;10HK;22;21;17;17;17;16;16;18;20;21;25;23;22;26;23
BAO;41574;10VH;26;26;25;26;25;27;27;23;28;23;26;27;23;27;30
BAO;41574;11UY;25;22;21;20;20;21;20;20;22;23;24;24;21;21;21
BAO;41574;13XU;34;35;29;24;22;21;13;15;17;20;21;24;28;38;26
BAO;41574;14EG;25;27;22;24;25;27;26;29;28;35;29;22;23;24;24
BAO;41574;15EM;6;*;6;5;5;5;5;5;5;0;0;0;0;0;0
BAO;41574;15HW;30;26;26;27;26;22;19;29;31;29;19;31;28;40;37
BAO;41574;16US;12;13;8;9;9;*;*;*;*;*;*;*;*;9;8
BAO;41574;18IZ;31;30;19;17;17;14;15;15;12;12;13;12;7;7;8
BAO;41574;18MW;9;8;6;7;7;7;8;9;7;7;9;7;9;8;10
BAO;41574;18OL;9;9;6;*;7;7;7;9;9;8;8;9;10;10;9
BAO;41574;19KX;44;36;38;42;55;73;73;10;12;12;11;9;9;11;13
BAO;41579;18WD;40;35;37;38;37;38;42;39;38;40;42;36;41;41;40
BAO;41579;18WK;42;37;36;33;36;41;54;59;62;68;70;68;57;88;77
BAO;41579;19CD;32;23;22;20;20;19;21;21;17;20;18;18;18;17;17
BAO;41579;19ZG;33;30;32;29;31;33;32;32;37;33;35;35;27;34;33
BAO;41579;20SE;73;71;62;58;54;50;51;47;50;45;47;53;52;42;31
BAO;41579;20SK;33;31;31;32;32;36;37;33;30;30;33;31;30;33;28
BAO;41579;20SL;41;29;30;31;35;27;34;29;30;30;28;31;26;35;22
BAO;41579;20UP;45;43;45;46;45;45;50;54;52;52;55;55;50;49;49
BAO;41579;20VN;68;60;67;66;66;67;63;60;64;75;73;77;63;79;70
BAO;41579;20ZZ;41;34;37;36;37;37;39;37;38;42;40;43;40;43;43
BAO;41579;21AD;26;26;31;29;30;30;28;30;29;30;33;30;34;31;28
BAO;41579;21AG;40;37;36;35;39;35;35;34;33;33;32;37;34;32;33
BAO;41579;24BM;30;27;28;25;25;27;31;27;28;29;34;35;38;40;34
BAO;41579;25KC;55;47;53;54;55;56;65;73;79;69;68;65;61;51;49
BAO;41580;06AY;41;39;35;37;33;33;32;39;41;39;40;35;36;39;42
BAO;41580;13MF;31;34;29;32;32;33;32;34;35;36;36;40;37;36;37
BAO;41580;13UX;35;38;39;46;48;46;45;49;52;50;54;53;56;55;56
BAO;41580;14ET;27;28;27;26;23;25;27;27;25;30;31;31;29;28;29
BAO;41580;14HM;26;24;22;23;24;26;27;25;30;27;33;32;30;30;30
BAO;41580;14MQ;23;23;23;22;19;20;21;24;22;19;24;25;24;22;24
BAO;41580;15EX;46;40;36;35;29;28;29;28;34;34;41;41;39;38;35
BAO;41580;23TX;43;45;42;48;49;41;46;36;39;40;46;62;69;66;73
BAO;41582;00HH;10;10;9;9;9;9;7;9;9;13;14;18;16;17;18
BAO;41582;03GJ;15;14;14;13;14;14;12;13;13;11;12;12;12;10;15
BAO;41582;03IW;21;21;21;20;21;23;26;25;25;25;26;32;28;28;32
BAO;41582;04OT;18;19;16;19;11;10;10;10;10;11;10;11;11;10;13
BAO;41582;05UX;20;16;17;18;15;9;11;13;14;13;15;14;12;13;18
BAO;41582;06ED;11;11;10;10;12;14;17;12;12;13;13;18;15;17;14
BAO;41582;07EE;12;11;10;11;12;14;14;13;12;12;13;16;14;15;17
BAO;41582;07JR;13;11;10;8;10;13;13;14;17;18;15;17;15;19;24
BAO;41582;08JP;16;15;18;17;19;21;23;21;20;20;19;21;22;20;21
BAO;41582;08LR;29;26;26;28;26;23;26;28;28;26;31;32;32;31;32
BAO;41582;09EE;36;37;36;32;34;31;27;22;23;25;25;25;21;25;25
BAO;41582;10AC;22;21;22;23;23;25;21;24;21;21;21;22;24;22;23
BAO;41582;10GA;12;10;12;16;14;15;16;18;19;21;21;26;22;23;26
BAO;41582;10JU;34;32;31;28;25;24;28;31;36;34;38;40;40;37;39
BAO;41582;10XC;20;21;20;23;22;23;23;19;19;20;16;18;19;22;24
BAO;41582;10ZS;13;13;12;10;10;11;13;12;11;12;12;15;15;14;17
BAO;41582;12RD;13;11;9;12;11;14;15;16;19;15;20;22;19;20;25
BAO;41582;13EH;20;15;13;15;13;12;14;14;21;28;32;35;35;30;39
BAO;41582;13JR;10;10;10;10;8;8;8;11;9;12;13;11;18;17;20
BAO;41582;13OS;19;15;15;15;13;15;13;15;14;16;18;21;21;22;30
BAO;41582;13WI;16;11;12;9;8;8;7;7;10;10;10;12;11;12;12
BAO;41582;14FX;10;13;10;8;9;13;14;14;15;22;27;35;30;32;36
BAO;41582;18QG;9;9;10;9;10;10;13;12;14;17;15;17;19;17;18
BAO;41582;18SI;16;16;10;10;9;10;11;11;13;12;13;16;14;12;12
BAO;41583;04JJ;6;11;9;10;11;11;10;12;11;11;10;10;8;9;7
BAO;41583;04UA;9;8;11;12;12;13;10;11;12;13;12;12;11;11;10
BAO;41583;05QD;19;18;15;14;8;7;7;9;9;9;9;11;9;10;10
BAO;41583;07BZ;8;9;10;10;12;12;12;12;13;12;12;12;10;13;13
BAO;41583;07MR;19;19;17;15;11;11;11;13;13;12;12;17;13;21;20
BAO;41583;07OD;11;11;12;12;13;13;13;13;14;13;13;13;14;14;14
BAO;41583;07YS;12;12;11;11;11;11;11;11;15;13;15;18;17;18;15
BAO;41583;08WF;18;27;19;18;17;19;19;16;16;15;16;19;14;19;19
BAO;41583;09CY;24;21;24;23;23;24;24;23;21;23;24;25;21;26;24
BAO;41595;04VF;42;47;48;44;46;42;46;55;59;66;73;29;28;28;29
BAO;41595;06PH;34;32;31;31;33;37;37;35;37;37;38;32;34;38;36
BAO;41595;08EW;42;40;42;31;31;34;35;27;22;32;34;30;30;32;32
BAO;41595;08GE;19;20;20;22;21;21;20;24;22;24;22;18;17;19;19
BAO;41595;10BA;18;18;15;25;26;28;30;36;47;56;28;26;26;33;35
BAO;41595;11FQ;30;33;32;34;36;36;37;37;36;35;41;38;38;40;38
BAO;41595;12CC;34;31;32;34;33;32;31;30;30;33;33;33;35;39;38
BAO;41595;19BH;23;23;24;27;26;26;33;30;29;30;31;28;31;28;27
BAO;41595;23EL;52;49;51;47;49;49;49;44;54;51;51;50;51;43;45
BAO;41595;31LR;0;0;0;0;0;0;0;0;7;10;18;24;29;46;59
BAO;41595;31RN;0;0;0;0;0;0;0;0;0;0;33;34;37;38;44
BAO;41596;28DA;24;22;20;19;19;19;23;23;25;24;27;28;26;27;27
BAO;41598;28DG;0;0;0;0;0;0;0;0;0;0;0;0;0;0;0
BAO;41605;28DK;0;0;0;0;0;0;0;0;0;0;0;0;0;0;0
BAO;41611;08CP;53;61;50;53;55;54;58;56;54;57;59;84;82;76;70
BAO;41611;10EF;24;24;25;24;23;23;22;27;29;33;33;32;31;32;34
BAO;41611;10VR;26;24;19;23;22;24;26;25;25;11;12;12;17;17;20
BAO;41611;12DS;40;28;27;25;25;26;26;29;29;31;32;29;28;31;26
BAO;41611;12MT;21;24;23;23;21;28;17;19;19;23;24;31;30;31;28
BAO;41611;12UV;15;11;11;14;11;12;12;12;13;14;18;19;22;18;14
BAO;41611;21NP;19;19;20;20;19;18;19;19;18;21;19;19;20;22;24
BAO;41611;21OQ;19;17;19;21;18;20;20;21;21;21;23;23;23;23;27
BAO;41611;22JM;40;36;37;44;43;45;47;47;50;52;57;57;61;59;53
BAO;41611;23CG;12;10;10;10;10;9;8;9;11;11;11;11;11;12;11
BAO;41611;23DY;69;61;58;58;53;51;48;52;41;41;44;42;42;44;40
BAO;41611;23ZH;37;32;32;34;32;27;23;27;20;20;18;16;18;16;14
BAO;41611;23ZJ;31;28;27;26;26;25;29;28;30;28;31;28;24;25;23
BAO;41611;27CA;35;38;39;43;47;50;50;56;52;51;56;55;50;48;47
BAO;41611;27CC;33;33;34;34;33;32;29;31;30;31;34;28;29;26;26
BAO;41611;32HA;0;0;0;0;0;0;0;0;0;0;0;0;0;0;9
BAO;41613;00BB;17;16;18;10;10;9;8;8;8;7;8;9;8;9;8
BAO;41613;03DW;10;9;11;10;9;9;9;10;10;9;11;11;10;10;10
BAO;41613;06CN;10;12;15;12;12;11;11;9;12;13;15;14;12;12;10
BAO;41613;06DG;14;14;16;16;14;14;15;13;14;16;16;17;13;13;14
BAO;41613;08DD;12;12;14;11;11;8;8;8;8;9;9;9;9;9;8
BAO;41613;08IC;15;17;22;15;10;10;12;12;13;14;19;15;13;12;12
BAO;41613;09DO;14;12;15;11;15;11;11;12;12;13;17;14;14;17;15
BAO;41613;09EU;11;11;12;9;9;8;7;8;9;11;12;12;11;12;10
BAO;41613;10BG;18;19;20;16;14;15;16;18;18;18;21;22;19;21;17
BAO;41613;10DT;13;9;12;5;5;5;5;7;10;14;11;10;10;10;10
BAO;41613;10SZ;26;27;28;25;24;26;24;24;28;20;24;19;20;20;18
BAO;41613;11GF;16;14;19;15;13;15;12;11;14;13;19;17;17;13;14
BAO;41613;11JJ;10;10;11;9;9;8;8;9;9;8;9;8;8;7;7
BAO;41613;11RY;22;21;24;20;20;24;20;21;19;19;24;21;19;17;15
BAO;41613;11SZ;11;11;12;7;7;*;0;0;0;0;0;0;0;0;0
BAO;41613;11UZ;10;8;15;7;11;11;12;11;12;13;15;14;16;13;13
BAO;41613;12EJ;15;15;17;15;15;15;17;18;15;15;17;16;16;17;14
BAO;41613;12VN;25;24;27;19;21;22;22;19;15;17;22;22;22;20;19
BAO;41613;13BM;14;16;16;17;18;17;18;18;17;17;18;16;22;23;22
BAO;41613;13HB;20;18;20;16;16;21;20;21;19;18;21;22;19;19;21
BAO;41613;18HQ;11;11;14;12;12;11;11;12;11;11;13;13;13;16;13
BAO;41616;07DL;16;21;21;22;21;20;18;18;17;14;16;18;21;21;20
BAO;41616;17MD;16;16;15;13;11;10;11;12;12;11;14;13;17;18;12
BAO;41616;17MS;15;14;12;14;10;10;8;8;10;9;9;12;13;14;10
BAO;41616;17NG;20;19;17;15;12;12;11;13;12;13;14;15;18;18;16
BAO;41616;17NR;13;14;15;17;17;17;19;17;18;17;17;16;18;17;13
BAO;41616;17OV;11;13;14;16;18;18;18;16;18;20;19;19;21;19;18
BAO;41616;17PK;28;30;24;22;17;13;13;16;13;13;13;14;15;16;16
BAO;41616;17PZ;31;32;32;26;25;26;21;21;22;21;21;21;26;27;26
BAO;41616;17RD;13;15;14;13;12;11;12;12;13;14;13;15;16;16;13
BAO;41616;17RQ;19;19;18;17;17;17;16;14;16;16;19;18;19;17;19
BAO;41616;17SP;18;18;13;13;10;10;10;12;10;11;9;10;11;14;10
BAO;41616;17TJ;13;13;12;12;11;8;8;9;8;9;10;0;0;0;0
BAO;41616;17TW;21;21;18;17;12;9;9;9;8;9;13;13;17;15;15
BAO;41616;17UB;11;12;11;9;10;10;10;8;11;12;13;11;11;13;13
BAO;41616;17UG;15;15;15;14;13;16;16;15;13;11;12;10;13;14;11
BAO;41616;17YV;41;40;36;38;36;26;24;22;20;17;14;33;36;31;26
BAO;41616;17ZF;25;24;21;24;14;31;34;27;19;22;22;10;12;13;12
BAO;41616;17ZK;10;10;8;8;8;7;10;10;11;10;11;11;11;9;9
BAO;41616;18AF;35;33;29;28;25;23;23;23;24;23;23;27;28;28;28
BAO;41616;23RY;13;10;9;8;8;8;8;6;7;10;11;14;14;15;16
BAO;41616;27XE;19;17;16;15;13;12;12;14;13;11;8;6;11;10;10
BAO;41616;30AT;0;0;0;0;0;0;0;0;0;0;0;0;0;0;0
BAO;41617;04HX;18;17;18;18;16;15;16;15;17;16;19;18;18;18;17
BAO;41617;13QE;22;20;20;21;15;18;21;25;28;29;33;34;32;31;35
BAO;41617;13XP;22;23;17;19;11;14;14;13;14;14;17;16;20;21;30
BAO;41617;14EB;12;11;11;13;14;15;17;18;19;20;21;23;22;23;25
BAO;41617;14GV;10;11;12;15;10;8;9;10;10;11;12;12;12;12;12
BAO;41617;14LZ;20;17;18;15;13;12;11;12;11;11;11;14;14;13;15
BAO;41617;15EI;32;31;32;30;20;18;20;18;17;18;26;26;25;22;22
BAO;41617;15NB;22;20;18;15;11;8;10;7;7;6;6;6;7;7;8
BAO;41617;15PP;12;13;15;14;7;10;11;12;12;10;13;11;10;12;14
BAO;41621;04OB;11;12;12;11;13;11;11;10;11;12;13;11;12;12;11
BAO;41621;05NU;30;25;23;25;23;21;22;20;21;21;20;19;19;22;23
BAO;41621;05SO;21;19;19;18;19;18;18;22;20;19;21;24;25;27;29
BAO;41621;07YD;23;19;18;18;18;18;19;20;20;20;21;21;22;21;20
BAO;41621;08AK;19;19;19;20;16;15;16;16;16;17;18;19;16;17;19
BAO;41621;08XG;42;37;32;33;34;29;32;33;34;32;35;36;35;33;35
BAO;41621;09UY;19;17;20;20;21;20;22;24;23;24;25;25;27;26;28
BAO;41621;11RO;32;25;26;25;24;25;26;27;29;30;34;35;39;37;39
BAO;41624;00FG;10;14;15;15;16;13;12;14;15;14;14;15;11;9;11
BAO;41624;03HK;25;28;28;28;30;27;28;29;28;24;24;24;22;20;20
BAO;41624;04LV;17;18;19;17;18;18;16;17;16;15;17;16;15;15;15
BAO;41624;06MY;11;13;12;11;15;15;14;15;16;16;16;14;14;13;14
BAO;41624;07KU;16;19;17;19;19;20;19;21;20;17;23;21;20;20;19
BAO;41624;08VH;38;38;40;37;38;36;35;37;38;36;31;27;24;22;21
BAO;41624;08VS;19;21;21;23;24;23;21;22;20;19;19;20;18;14;12
BAO;41624;09TV;40;42;43;42;51;49;49;51;53;53;58;56;58;54;53
BAO;41624;21QF;16;17;18;17;18;17;18;20;19;18;20;19;15;13;12
BAO;41624;23HA;14;13;12;13;15;14;14;16;16;16;17;17;16;12;13
BAO;41624;23RL;17;16;16;17;20;19;16;16;15;16;18;19;16;16;15
BAO;41626;15XK;27;26;28;26;26;26;27;31;30;30;35;35;31;30;31
BAO;41629;04HW;20;19;17;16;17;19;17;19;19;16;21;18;16;19;21
BAO;41629;05ZH;15;12;11;10;11;11;11;14;15;15;12;12;9;8;8
BAO;41629;08ER;15;13;14;12;11;10;12;12;13;13;12;13;9;12;11
BAO;41629;13AA;44;38;35;37;38;40;40;40;39;40;39;40;39;40;38
BAO;41629;13PS;36;30;29;27;18;21;24;26;23;23;21;22;33;34;29
BAO;41629;13TT;41;34;27;28;30;32;33;30;30;24;21;18;15;16;15
BAO;41629;32EM;0;0;0;0;0;0;0;0;0;0;0;0;0;*;5
BAO;41630;03BT;11;10;11;13;11;9;10;10;11;14;15;13;0;10;10
BAO;41630;03EJ;12;11;16;17;17;17;14;16;17;14;17;17;0;13;12
BAO;41630;05ZE;18;14;15;16;18;17;20;21;7;8;9;9;0;7;9
BAO;41630;06BR;23;23;19;18;16;17;14;14;15;16;16;17;0;15;14
BAO;41630;09HH;20;18;18;16;17;15;16;23;17;14;12;16;0;14;14
BAO;41630;10BS;22;18;12;11;12;10;11;11;13;14;14;12;0;9;11
BAO;41630;10CY;10;9;9;8;7;8;8;11;12;10;11;11;0;9;5
BAO;41630;10SH;12;10;12;17;14;13;16;14;15;18;12;14;0;15;16
BAO;41630;10TO;16;14;14;14;15;15;13;16;17;17;19;17;0;12;14
BAO;41630;11HS;29;30;28;28;27;23;29;25;26;21;21;22;0;14;19
BAO;41630;11IS;12;11;11;10;9;10;9;11;11;12;11;13;0;8;7
BAO;41630;12TZ;15;14;16;16;15;14;16;15;14;16;17;14;0;11;10
BAO;41630;13FW;13;14;13;13;11;13;13;13;17;15;16;15;0;11;10
BAO;41630;13LB;20;18;19;19;18;20;35;37;37;27;26;30;0;19;19
BAO;41630;18NC;29;30;30;28;27;28;29;36;35;36;34;30;0;29;26
BAO;41630;18OE;8;8;9;8;9;9;10;12;11;13;13;11;0;8;6
BAO;41630;18OH;8;8;8;9;7;7;11;9;10;11;11;11;0;6;6
BAO;41630;18OQ;17;15;14;15;14;14;14;16;18;16;15;15;0;13;11
BAO;41630;18PP;7;7;8;7;6;7;7;9;11;12;13;13;0;6;7
BAO;41630;18PV;22;16;17;16;14;13;13;18;19;23;23;23;0;19;16
BAO;41630;18QW;22;20;23;24;24;26;29;30;30;33;31;28;0;17;15
BAO;41630;18RQ;28;24;22;20;19;21;21;22;20;22;24;24;0;17;16
BAO;41630;24BA;20;18;18;20;19;22;25;25;23;21;18;24;0;11;8
BAO;41631;12NL;19;16;14;12;13;12;13;11;12;16;15;12;11;12;12
BAO;41631;12RF;30;28;25;21;21;21;22;22;21;19;18;17;15;15;13
BAO;41631;12VM;9;10;9;7;7;7;7;9;8;10;8;9;9;9;9
BAO;41631;12YL;30;28;29;27;27;26;27;27;24;26;30;29;25;24;24
BAO;41631;13BL;8;6;7;7;9;7;10;10;11;13;12;9;7;10;8
BAO;41631;13DS;13;12;12;10;10;11;13;13;13;16;16;19;17;18;15
BAO;41631;13EI;12;9;8;8;10;9;7;8;8;8;9;7;6;6;6
BAO;41631;13HA;11;9;10;8;7;7;7;7;8;8;10;12;8;7;8
BAO;41631;13JS;19;20;19;17;18;15;16;18;16;16;18;16;18;16;17
BAO;41631;13OD;10;11;10;10;10;11;8;10;10;10;9;8;7;8;7
BAO;41631;13QV;25;24;23;25;20;19;19;20;20;18;20;18;17;15;16
BAO;41631;13SJ;7;9;8;7;8;7;6;6;7;7;7;7;8;8;10
BAO;41631;13SX;21;20;18;20;16;16;18;19;19;22;22;21;20;19;18
BAO;41631;13UW;18;17;18;17;13;13;12;13;13;12;11;12;11;12;12
BAO;41631;13YI;10;13;12;12;16;18;17;36;31;34;28;23;21;20;16
BAO;41631;13ZL;24;23;21;20;15;17;17;21;18;20;21;21;19;21;20
BAO;41631;13ZW;10;8;8;7;8;9;9;8;9;10;12;8;8;8;8
BAO;41631;14BQ;12;13;12;12;11;10;9;12;13;12;14;13;12;13;11
BAO;41631;14ER;12;11;13;11;12;12;13;14;17;18;20;24;21;19;20
BAO;41631;14FY;24;20;19;19;17;21;18;20;20;21;22;16;12;13;14
BAO;41631;14HK;13;14;14;11;11;9;10;11;11;10;12;11;12;11;11
BAO;41631;14IJ;0;0;0;0;0;0;0;0;0;0;0;0;0;0;0
BAO;41631;14IS;13;11;10;11;10;10;9;9;9;9;9;7;7;7;7
BAO;41631;14JZ;7;7;7;8;8;8;8;9;8;7;8;7;0;0;0
BAO;41631;14KY;18;19;18;19;18;18;24;25;27;32;26;23;23;23;23
BAO;41631;14MO;7;8;8;9;9;8;11;11;10;8;8;7;9;9;8
BAO;41631;14QI;25;26;23;20;15;15;12;15;14;12;12;11;10;10;10
BAO;41631;15AO;11;12;13;10;13;12;14;15;15;16;16;15;16;15;14
BAO;41631;15EV;9;8;7;5;9;9;9;8;9;7;5;*;5;9;8
BAO;41631;15GH;15;11;9;10;9;8;7;7;7;8;10;10;9;10;10
BAO;41631;15JD;17;18;16;15;17;18;17;15;15;15;18;15;17;15;15
BAO;41631;15JO;21;19;18;19;18;18;20;16;18;20;21;20;21;18;16
BAO;41631;15KW;14;17;13;11;11;12;15;14;9;10;8;7;7;7;6
BAO;41631;15LU;17;14;15;11;15;10;9;10;9;8;8;9;10;7;13
BAO;41631;15OQ;21;22;22;23;17;16;21;20;23;22;18;21;17;14;15
BAO;41632;00BS;15;14;13;13;16;16;16;17;13;16;18;16;16;15;15
BAO;41632;00DY;14;15;13;15;16;18;17;17;16;17;15;13;12;13;9
BAO;41632;00GR;10;12;12;13;14;14;15;15;14;14;15;15;14;10;10
BAO;41632;03CO;14;13;13;13;14;14;13;14;13;12;13;12;11;9;9
BAO;41632;03HM;22;23;23;22;19;18;17;17;15;13;15;12;13;11;13
BAO;41632;03HQ;19;19;19;18;18;19;18;22;19;20;22;22;21;19;19
BAO;41632;03KT;22;25;24;19;19;20;19;19;14;12;13;13;13;13;10
BAO;41632;03RD;16;15;12;12;13;12;14;16;15;14;13;12;13;13;11
BAO;41632;03RE;21;19;22;19;19;19;20;18;16;15;15;16;15;12;12
BAO;41632;04RA;13;16;14;15;15;19;20;28;28;27;26;26;24;21;22
BAO;41632;06EM;18;17;16;15;15;0;16;18;20;17;19;16;18;16;14
BAO;41632;06EP;20;18;18;16;18;17;17;18;18;17;17;19;16;13;16
BAO;41632;06LR;23;21;18;19;18;13;13;14;12;12;12;11;10;10;10
BAO;41632;06RU;16;20;18;21;20;19;18;21;23;18;20;16;14;10;11
BAO;41632;08RQ;35;40;36;40;43;43;45;46;46;26;23;25;19;19;16
BAO;41632;09PV;49;53;43;43;38;37;37;45;67;77;76;76;79;72;70
BAO;41632;15BQ;18;19;19;20;18;18;17;19;17;19;17;18;15;13;11
BAO;41632;23UT;14;14;13;14;16;16;16;21;21;19;19;20;19;19;19
BAO;41632;29UL;39;46;44;45;45;50;50;56;60;54;57;60;56;25;23
BAO;41632;31PF;0;0;0;0;0;0;0;0;0;25;31;33;33;34;21
BAO;41632;31TE;0;0;0;0;0;0;0;0;0;0;*;*;6;5;6
BAO;41632;32DY;0;0;0;0;0;0;0;0;0;0;0;0;0;26;23
BAO;41632;32HC;0;0;0;0;0;0;0;0;0;0;0;0;0;0;13
BAO;41633;06BQ;36;39;36;40;45;49;53;30;30;30;32;27;36;37;34
BAO;41633;06BX;10;10;10;10;10;11;11;9;10;10;8;10;10;10;11
BAO;41633;06CX;35;34;32;30;27;25;23;24;25;24;22;28;31;32;32
BAO;41633;07GB;9;10;11;10;10;10;10;10;10;11;12;13;14;15;16
BAO;41633;07GC;32;32;32;31;29;30;31;31;32;30;29;31;32;30;27
BAO;41633;08DE;20;17;17;14;13;13;12;12;13;11;10;11;11;12;11
BAO;41633;08HD;24;21;23;22;22;20;19;24;24;25;25;25;25;25;25
BAO;41633;08HK;10;11;10;11;11;11;12;11;11;11;10;10;11;10;11
BAO;41633;09QY;19;19;20;18;16;16;17;17;17;17;17;20;21;20;18
BAO;41633;10BZ;24;25;26;22;21;20;19;18;20;18;17;20;20;16;13
BAO;41633;10TT;26;25;24;21;19;19;18;19;16;14;15;15;19;20;18
BAO;41633;18FJ;11;11;10;8;9;9;9;10;10;11;8;10;10;9;8
BAO;41633;21CZ;17;17;20;14;14;14;15;13;11;12;12;11;11;9;10
BAO;41633;27AK;13;13;13;12;12;12;12;15;14;14;15;14;14;13;12
BAO;41633;31GX;0;0;0;0;0;0;0;24;28;34;38;45;45;47;45
BAO;41634;07CM;18;14;15;15;14;14;16;20;19;21;27;23;21;22;20
BAO;41637;11IJ;26;26;22;24;23;25;23;23;22;25;27;29;29;35;32
BAO;41637;11UA;32;23;19;19;19;13;15;15;10;9;9;10;10;13;15
BAO;41637;12VB;12;12;11;11;11;10;12;13;13;13;17;16;14;22;21
BAO;41637;13BB;9;9;8;8;8;8;0;0;0;0;0;0;0;0;0
BAO;41637;13LV;21;12;11;12;12;12;12;12;11;10;10;12;11;14;15
BAO;41637;18DZ;7;6;6;5;5;*;0;0;0;0;0;0;0;0;0
BAO;41637;18GT;9;7;7;7;7;10;12;12;11;12;13;12;13;14;12
BAO;41638;00AZ;24;22;19;15;15;14;0;7;7;7;7;10;11;9;10
BAO;41638;01VY;25;22;20;20;19;18;0;18;21;19;22;19;17;18;16
BAO;41638;01XH;15;18;14;13;18;14;0;10;8;8;7;9;11;10;10
BAO;41638;02ZF;8;7;8;7;13;14;0;6;6;8;6;8;7;7;9
BAO;41638;04HT;14;13;12;11;15;15;0;6;6;7;11;9;10;11;8
BAO;41638;05ZY;14;14;12;13;12;13;0;10;11;11;10;12;12;14;14
BAO;41638;07AF;14;13;11;12;18;18;0;14;13;16;19;18;20;23;24
BAO;41638;07FZ;18;16;16;18;19;18;0;10;10;11;9;11;12;13;16
BAO;41638;08DI;11;13;12;11;17;17;0;9;12;8;9;11;9;8;9
BAO;41638;08FG;12;10;9;8;8;8;0;6;7;9;8;9;8;11;13
BAO;41638;08IE;15;17;16;16;19;20;0;13;12;13;15;19;25;24;24
BAO;41638;08TI;17;17;17;17;13;13;0;13;14;10;12;11;10;10;13
BAO;41638;08UA;9;10;9;12;13;12;0;7;6;7;8;10;9;11;10
BAO;41638;09HC;21;20;18;12;20;21;0;16;15;17;17;15;18;20;21
BAO;41638;09RP;9;9;7;7;11;12;0;5;10;8;7;9;9;10;10
BAO;41638;09ZO;12;10;8;10;12;14;0;9;9;9;5;6;6;5;5
BAO;41638;10BI;13;15;13;13;14;14;0;12;11;10;10;12;11;11;12
BAO;41638;10CU;19;21;20;22;26;27;0;17;13;14;15;14;18;21;20
BAO;41638;10LL;8;6;0;0;0;0;0;0;0;0;0;0;0;0;0
BAO;41638;10UK;37;33;33;29;33;28;0;25;19;17;16;15;16;16;18
BAO;41638;18KP;20;17;17;16;17;19;0;14;13;14;16;15;12;14;14
BAO;41638;18LZ;23;24;21;21;25;23;0;19;21;22;22;27;28;32;31
BAO;41639;12JW;45;42;34;38;40;41;41;42;37;42;38;38;46;49;43
BAO;41639;13PG;46;43;41;42;45;45;47;52;22;24;21;22;22;19;22
BAO;41639;13TG;19;18;20;21;20;19;24;23;24;19;25;24;22;23;27
BAO;41639;13ZS;20;17;15;18;21;24;22;22;23;23;28;26;32;29;30
BAO;41639;14FU;26;24;22;18;19;19;16;19;21;22;28;14;17;17;29
BAO;41639;14LB;60;53;45;42;41;38;37;32;28;28;30;30;36;33;34
BAO;41639;15CC;23;23;24;25;27;28;29;26;29;38;38;40;44;42;45
BAO;41639;15LX;28;26;22;20;21;22;22;26;27;29;36;43;43;44;47
BAO;41639;15OH;57;52;43;42;44;43;43;43;47;41;35;29;36;34;37
BAO;41639;15VM;37;40;39;37;37;41;46;50;63;68;88;76;84;85;90
BAO;41639;23CR;28;27;23;23;22;23;23;23;26;26;26;25;26;23;26
BAO;41639;31LZ;0;0;0;0;0;0;0;0;32;31;37;40;40;44;22
BAO;41639;31VW;0;0;0;0;0;0;0;0;0;0;0;16;16;16;22
BAO;41645;03VP;34;34;34;36;34;35;28;31;26;28;15;11;15;17;16
BAO;41645;03XV;25;23;24;23;25;28;27;22;23;26;27;25;28;23;22
BAO;41645;03XW;19;19;19;19;22;21;22;23;20;22;22;22;25;25;25
BAO;41645;04ML;30;32;28;30;29;27;23;26;27;29;33;34;28;31;30
BAO;41645;04QY;35;32;31;29;31;30;12;11;12;14;12;16;17;19;19
BAO;41645;04SP;12;12;12;12;12;11;13;9;10;10;18;22;19;23;20
BAO;41645;05BY;14;13;15;13;14;13;20;17;19;23;24;21;21;24;25
BAO;41645;05IV;20;19;19;20;22;20;24;20;16;18;20;20;23;22;22
BAO;41645;05KR;26;25;27;28;23;20;20;15;17;17;18;17;19;19;21
BAO;41645;09QQ;17;20;19;19;18;19;19;17;16;17;19;19;18;19;21
BAO;41645;15IU;31;34;32;35;35;33;33;35;35;36;37;38;42;41;37
BAO;41645;19NO;74;71;70;68;65;61;58;35;40;46;49;55;58;32;24
BAO;41645;19NR;31;33;33;33;31;30;24;22;22;21;22;25;24;24;21
BAO;41645;19NX;26;25;31;28;28;27;27;32;35;33;43;41;42;41;43
BAO;41645;19OE;36;37;34;36;36;36;31;31;29;29;33;33;31;38;34
BAO;41645;19OM;23;22;22;22;22;27;19;17;17;18;18;20;20;18;19
BAO;41645;19OR;50;50;47;41;39;31;34;31;36;38;45;46;48;48;46
BAO;41645;19OY;34;32;32;30;30;27;24;20;22;23;26;26;30;24;24
BAO;41645;19RD;19;17;17;10;9;13;16;18;22;24;23;25;30;31;33
BAO;41645;19UB;33;26;27;25;20;18;19;18;20;17;15;16;17;17;17
BAO;41645;19US;46;42;45;41;38;40;50;58;70;66;78;76;78;91;95
BAO;41645;19VP;38;34;35;35;33;36;16;14;14;15;14;15;18;20;24
BAO;41645;19VX;15;12;11;11;11;12;21;22;17;16;16;20;19;21;22
BAO;41645;19WE;19;17;16;16;17;19;22;22;37;39;35;37;38;37;32
BAO;41645;19WG;44;44;43;42;42;41;45;41;33;33;32;29;29;27;23
BAO;41645;22JE;37;33;34;30;29;28;28;25;23;22;18;20;20;25;31
BAO;41645;23CD;24;21;20;20;20;16;15;18;17;17;18;21;20;23;23
BAO;41645;27YE;26;25;29;26;24;25;25;22;26;26;28;28;31;31;33
BAO;41645;29XG;13;14;15;15;16;17;44;44;50;52;56;54;54;60;56
BAO;41645;29XV;8;12;14;18;16;19;20;20;21;26;28;30;32;31;33
BAO;41646;00AP;13;13;12;14;12;10;40;12;16;14;18;16;13;14;18
BAO;41646;00AV;8;8;8;8;8;8;9;10;11;11;13;11;10;15;13
BAO;41646;00FE;10;9;8;8;8;8;8;8;11;14;14;13;14;15;15
BAO;41646;02ZY;26;23;24;24;21;23;26;26;31;27;30;31;30;34;33
BAO;41646;03AZ;16;16;17;17;16;17;19;19;19;19;21;19;18;15;18
BAO;41646;03HH;21;20;19;21;18;18;19;17;15;16;17;16;17;19;18
BAO;41646;03HI;13;11;11;11;11;12;12;13;14;11;14;14;14;16;15
BAO;41646;03HV;36;35;34;37;36;36;34;41;42;46;49;49;46;47;45
BAO;41646;03OR;20;19;17;17;15;19;19;19;17;17;19;20;20;21;22
BAO;41646;03TJ;17;16;16;17;16;16;20;22;21;21;22;26;27;28;32
BAO;41646;03ZF;16;15;14;12;12;12;12;10;13;11;14;14;11;13;12
BAO;41646;03ZJ;18;17;17;16;14;13;13;16;18;16;16;18;18;17;14
BAO;41646;05LX;23;21;19;19;21;21;20;24;31;31;30;31;24;29;28
BAO;41646;05SW;20;21;19;19;22;25;30;31;36;32;33;32;32;35;32
BAO;41646;05TR;17;16;18;18;20;23;22;23;23;22;28;23;23;25;27
BAO;41646;06KU;20;14;14;16;19;17;18;19;20;22;27;26;25;25;23
BAO;41646;06OT;17;14;14;14;16;17;15;20;16;15;17;16;18;16;15
BAO;41646;07LP;14;12;12;12;11;11;11;13;12;13;11;14;15;13;13
BAO;41646;07MH;20;22;23;23;23;22;26;22;22;21;19;19;18;20;20
BAO;41646;14YV;52;49;46;52;50;54;54;55;57;60;64;65;67;67;60
BAO;41646;23TT;20;18;18;19;18;17;15;17;19;19;23;19;18;21;19
BAO;41646;24ET;14;16;11;12;13;13;11;14;13;14;17;16;15;15;13
BAO;41646;24RH;15;14;14;13;14;16;14;16;16;13;15;13;11;14;12
BAO;41655;29UN;6;0;0;0;0;0;0;0;0;0;0;0;0;0;0
BAO;41661;30AM;*;*;5;*;0;0;0;0;0;0;0;0;0;0;0
BAO;41661;30FN;5;5;6;5;0;0;0;0;0;0;0;0;0;0;0
BAO;41661;30FR;12;14;12;6;0;0;0;0;0;0;0;0;0;0;0
BAO;41661;30PN;0;0;*;*;0;0;0;0;0;0;0;0;0;0;0
BAO;41662;03AP;10;8;11;9;8;10;13;15;16;16;17;21;20;18;18
BAO;41662;03BV;19;21;20;17;15;17;16;17;13;14;17;21;20;20;20
BAO;41662;03EV;19;19;20;18;18;18;19;20;21;19;20;27;26;22;21
BAO;41662;05YS;36;36;33;33;32;32;31;31;33;32;36;42;44;43;45
BAO;41662;07FM;22;23;22;22;22;24;25;24;28;30;27;34;32;32;31
BAO;41662;07GY;26;25;24;22;17;19;19;21;23;24;25;26;28;24;25
BAO;41662;08DZ;23;20;20;20;21;24;21;25;26;27;25;25;27;25;21
BAO;41662;08PY;11;12;13;8;7;6;5;*;6;6;9;10;11;10;10
BAO;41662;09ET;14;14;16;13;14;13;12;14;11;11;12;16;17;15;17
BAO;41662;10AS;11;10;10;8;9;8;10;10;10;10;10;10;10;10;10
BAO;41662;18HD;7;8;9;7;9;9;8;8;9;9;11;11;11;11;12
BAO;41662;22LI;10;11;9;10;10;9;9;9;10;11;12;15;15;14;15
BAO;41662;23DJ;22;23;22;21;21;21;20;20;19;18;21;19;18;16;19
BAO;41662;23UB;50;49;53;56;57;63;64;70;80;77;77;90;92;73;69
BAO;41662;24AA;21;22;20;20;19;22;21;23;16;18;16;22;23;18;17
BAO;41662;32FB;0;0;0;0;0;0;0;0;0;0;0;0;0;0;9
BAO;41663;18VB;25;24;24;27;30;26;28;30;33;36;36;34;0;32;45
BAO;41663;18VJ;40;37;36;38;38;37;36;38;35;31;33;31;0;26;20
BAO;41663;18ZX;44;43;41;40;41;44;40;38;38;37;36;35;0;30;32
BAO;41663;19AZ;18;18;22;24;26;29;27;27;26;27;22;22;0;23;24
BAO;41663;20SG;30;32;31;31;34;33;34;35;38;40;36;37;0;32;33
BAO;41663;20TQ;30;27;29;28;31;33;30;27;30;27;25;25;0;27;28
BAO;41663;20TT;33;30;31;31;34;34;34;36;33;35;35;36;0;34;36
BAO;41663;20UV;29;29;28;33;31;34;29;28;27;25;28;28;0;30;31
BAO;41663;20VG;68;64;63;57;49;46;43;45;45;42;39;33;0;42;43
BAO;41663;20VP;45;42;47;43;46;54;56;66;62;64;62;64;0;52;56
BAO;41663;20VU;28;33;32;31;30;30;26;27;30;34;38;33;0;31;28
BAO;41663;20VX;30;31;33;35;35;36;33;34;28;33;21;23;0;22;22
BAO;41663;20XO;16;17;21;22;25;24;25;23;24;24;26;25;0;29;29
BAO;41663;20XT;13;12;12;9;12;12;14;19;21;25;33;36;0;35;38
BAO;41663;20YF;50;47;49;47;42;43;41;42;43;50;35;37;0;37;34
BAO;41665;29VG;*;0;0;0;0;0;0;0;0;0;0;0;0;0;0
BAO;41672;00CY;11;11;0;0;0;0;0;0;0;0;0;0;0;0;0
BAO;41672;09ZH;28;31;30;29;28;29;29;31;31;34;35;40;40;34;37
BAO;41672;10RL;26;22;22;24;23;25;28;31;32;37;39;45;42;44;39
BAO;41672;11AZ;27;26;24;23;20;19;22;25;26;32;35;35;36;32;30
BAO;41672;11ZC;60;61;46;45;47;42;38;35;38;37;35;35;32;33;32
BAO;41672;12LF;41;40;35;34;34;34;33;32;31;28;31;30;30;25;28
BAO;41672;18MZ;24;31;27;28;26;27;26;29;30;29;33;37;33;28;31
BAO;41672;18OD;30;31;25;23;22;21;22;20;20;19;21;24;23;22;22
BAO;41672;18PN;24;29;28;24;23;23;23;21;20;20;24;26;27;25;38
BAO;41672;18RO;33;32;34;30;27;28;26;27;26;29;28;34;37;35;34
BAO;41672;21NM;15;15;15;15;15;16;19;20;22;23;25;23;24;24;24
BAO;41672;21RE;61;57;58;48;46;44;44;42;43;44;48;47;45;43;42
BAO;41672;24AY;33;32;25;23;18;20;17;16;15;14;18;19;20;19;20
BAO;41672;27YZ;37;47;42;43;43;47;50;49;53;52;56;60;61;58;60
BAO;41672;30BA;10;16;18;21;27;26;30;30;37;40;42;43;45;43;42
BAO;41674;18VW;9;9;10;9;8;7;10;13;13;16;16;16;17;20;28
BAO;41674;18WV;13;12;12;13;11;12;13;16;18;20;22;20;23;22;19
BAO;41674;18YU;27;25;22;26;20;20;22;18;22;22;26;23;24;22;23
BAO;41674;18ZM;17;16;14;14;13;13;12;12;11;11;15;8;11;15;15
BAO;41674;19BA;14;14;13;11;8;12;12;16;15;17;20;27;30;31;25
BAO;41674;19BP;33;30;30;29;24;21;19;20;23;23;23;23;25;15;13
BAO;41674;19BT;8;8;9;7;7;6;7;8;8;8;10;8;12;11;9
BAO;41674;19BX;11;9;9;9;8;8;9;8;7;7;7;10;7;*;0
BAO;41674;23PV;25;26;24;25;24;24;20;19;15;18;21;22;20;20;22
BAO;41674;27MH;25;30;31;32;35;35;35;35;38;36;29;32;33;32;32
BAO;41676;14QC;44;46;43;44;46;46;47;49;51;51;53;54;50;49;51
BAO;41676;16KK;37;36;36;36;37;29;20;20;23;21;26;29;26;20;19
BAO;41676;16LJ;15;15;13;7;0;0;0;0;0;0;0;0;0;0;0
BAO;41676;16ML;24;23;23;21;21;18;21;20;23;21;25;26;24;24;25
BAO;41676;16OC;27;27;30;35;34;32;31;33;37;32;37;35;32;31;31
BAO;41676;16UK;20;22;21;22;22;23;21;20;24;25;28;29;31;28;26
BAO;41676;16YS;38;39;34;34;34;29;25;30;29;27;31;32;34;25;23
BAO;41676;16ZG;16;18;17;15;16;15;13;16;15;17;17;19;18;20;16
BAO;41676;16ZX;14;16;17;15;18;16;14;17;15;13;16;16;14;15;16
BAO;41676;17AV;26;25;20;21;20;17;15;16;19;19;20;19;19;21;20
BAO;41676;17BP;22;24;22;20;20;19;15;16;17;5;0;0;0;0;0
BAO;41676;17DA;36;37;33;32;31;24;17;17;20;19;23;26;28;29;28
BAO;41676;17DK;14;18;21;18;16;15;14;15;14;16;18;16;15;16;15
BAO;41676;17DV;27;29;25;26;22;25;24;25;25;26;25;28;27;27;27
BAO;41676;17MH;25;27;21;23;23;23;16;16;18;17;17;20;20;16;18
BAO;41676;21KO;23;20;17;17;19;19;18;22;23;29;28;27;27;26;24
BAO;41676;21ND;28;29;30;32;30;28;23;21;22;21;18;23;16;20;18
BAO;41676;22KP;40;37;31;32;30;27;24;24;23;23;24;26;28;27;25
BAO;41676;23EU;17;17;14;13;13;12;13;14;13;13;14;12;15;16;15
BAO;41676;23ZX;22;23;20;19;20;18;20;18;20;21;21;23;23;26;19
BAO;41676;23ZY;43;45;43;39;34;31;32;33;35;32;34;38;37;38;37
BAO;41676;24MR;47;47;48;45;46;40;29;31;30;32;32;32;32;31;31
BAO;41676;25CF;18;16;13;13;13;11;10;7;0;0;0;0;0;0;0
BAO;41676;25KV;34;32;26;22;19;17;13;16;17;20;22;22;20;20;18
BAO;41676;26AB;32;27;26;23;20;22;22;23;22;22;27;25;22;23;23
BAO;41676;26PD;26;20;19;18;18;18;16;18;15;16;21;21;18;19;20
BAO;41676;26PE;42;41;36;28;26;22;18;17;16;17;19;18;20;18;18
BAO;41676;26PF;46;51;49;48;54;48;47;49;50;50;51;61;59;54;47
BAO;41676;26PG;12;11;0;0;0;0;0;0;0;0;0;0;0;0;0
BAO;41676;26PH;46;48;51;56;53;58;62;61;67;77;78;84;71;70;65
BAO;41676;26ZZ;39;40;34;32;30;26;25;19;22;20;24;17;17;20;17
BAO;41676;27NU;31;30;31;34;40;40;39;41;42;42;43;40;33;30;31
BAO;41676;27UB;31;30;27;28;27;26;21;13;17;14;14;14;14;15;13
BAO;41676;27YN;32;36;42;55;56;64;62;66;72;73;80;78;74;76;75
BAO;41676;28AM;33;39;34;34;35;34;28;28;23;23;22;24;24;18;18
BAO;41676;29XU;8;11;13;15;13;16;0;0;0;0;0;0;0;0;0
BAO;41676;30AJ;16;20;21;29;35;46;43;56;63;62;59;55;56;55;58
BAO;41676;31AZ;0;0;0;0;0;7;14;23;35;36;37;43;37;36;36
BAO;41676;31DJ;0;0;0;0;0;5;11;19;21;24;26;27;29;32;33
BAO;41676;31FT;0;0;0;0;0;0;5;7;11;12;17;18;29;17;25
BAO;41676;31TB;0;0;0;0;0;0;0;0;0;0;11;13;16;15;16
BAO;41676;32CJ;0;0;0;0;0;0;0;0;0;0;0;0;9;8;14
BAO;41692;03LD;47;46;40;40;51;61;54;76;72;82;75;57;59;55;61
BAO;41692;03LE;15;14;13;13;14;15;18;20;18;19;18;21;22;20;22
BAO;41692;03OM;0;23;23;21;20;20;21;23;21;21;24;23;23;21;23
BAO;41692;03PD;25;24;23;24;25;27;28;29;29;28;26;29;30;29;28
BAO;41692;03PV;24;25;23;18;17;18;18;18;18;16;19;19;21;23;21
BAO;41692;03SR;23;23;23;22;19;22;21;25;26;26;27;29;27;21;22
BAO;41692;03YI;0;11;11;10;10;10;8;9;11;10;13;13;11;11;11
BAO;41692;05BT;27;30;27;25;26;25;25;27;29;27;25;26;28;27;23
BAO;41692;05CT;22;22;23;24;22;23;27;27;27;26;28;26;28;26;27
BAO;41692;05DF;38;37;34;32;33;34;34;31;31;28;24;31;31;30;35
BAO;41692;05YC;32;28;33;35;38;42;41;42;43;43;43;40;48;50;58
BAO;41692;06JO;12;12;11;10;11;11;11;12;10;11;10;12;15;16;14
BAO;41692;06JZ;21;20;17;20;21;23;23;24;28;27;27;33;31;34;34
BAO;41692;07BO;18;17;15;16;17;16;17;19;20;19;16;18;22;21;18
BAO;41692;07RO;28;30;30;29;32;34;38;41;40;39;36;43;45;46;42
BAO;41692;07SE;23;22;22;24;23;20;21;23;21;19;18;20;17;18;20
BAO;41692;08KQ;18;18;16;16;16;19;19;19;19;19;20;21;21;20;19
BAO;41692;08MD;27;23;23;19;18;17;16;16;15;15;15;19;18;19;15
BAO;41692;09LJ;42;44;27;25;26;24;26;23;23;24;23;26;29;31;33
BAO;41692;10GL;32;32;29;32;35;35;37;37;34;34;32;37;35;34;35
BAO;41692;15IY;20;21;19;18;19;20;18;19;18;20;23;27;28;26;27
BAO;41692;23CN;25;26;26;26;27;29;28;29;33;31;29;31;34;35;33
BAO;41693;09ED;10;8;7;6;6;6;6;7;8;8;7;9;11;11;10
BAO;41693;10AA;9;7;7;10;7;6;7;7;8;8;10;9;9;9;11
BAO;41693;10KZ;8;12;7;10;6;6;7;5;9;8;9;8;7;6;6
BAO;41693;11NM;18;15;18;16;16;17;14;13;19;22;25;22;23;24;25
BAO;41693;11YW;24;22;21;21;18;16;16;18;18;18;18;15;15;13;13
BAO;41693;13LR;33;33;30;29;26;15;14;12;12;11;11;12;12;12;12
BAO;41693;13QJ;26;27;28;32;25;22;23;18;20;19;18;16;16;17;15
BAO;41693;14HA;15;14;16;14;19;17;20;9;8;10;11;10;12;11;10
BAO;41693;14XY;13;17;16;16;16;13;11;8;9;9;8;7;7;7;7
BAO;41693;18NF;19;16;19;14;21;18;20;20;23;23;20;23;12;15;16
BAO;41693;18OM;10;9;8;10;10;10;10;10;11;12;9;10;10;10;11
BAO;41693;18PT;24;24;21;26;28;26;31;29;33;36;41;41;35;39;42
BAO;41693;18PU;32;23;13;15;21;19;16;9;10;11;13;11;13;13;12
BAO;41693;18QU;13;11;9;8;10;9;10;11;10;8;8;8;8;8;10
BAO;41693;18RU;19;16;16;13;14;7;7;7;14;11;13;14;15;14;14
BAO;41693;18RV;9;9;7;8;7;8;6;7;7;8;7;7;8;8;8
BAO;41693;18TK;20;8;6;9;11;10;8;10;8;8;9;7;8;7;7
BAO;41716;11WV;34;34;39;36;37;41;38;39;19;19;21;20;22;24;24
BAO;41716;12GF;32;30;33;32;32;32;31;38;34;41;35;35;23;27;34
BAO;41716;12WS;27;24;25;21;20;21;19;21;25;29;30;34;30;32;30
BAO;41716;13CN;29;28;30;30;29;29;25;28;26;28;32;31;31;36;36
BAO;41716;13HX;48;50;49;50;51;51;54;58;58;66;67;69;64;65;57
BAO;41716;13MZ;24;24;25;28;25;26;25;27;25;27;29;31;31;29;31
BAO;41716;13RO;48;48;47;44;48;43;37;36;31;35;41;35;29;29;27
BAO;41716;18TV;23;20;22;21;24;26;23;27;28;31;30;35;36;41;43
BAO;41716;18VV;34;30;27;26;28;27;29;27;32;32;30;30;26;26;27
BAO;41716;18YT;16;17;15;18;18;19;19;22;24;28;30;32;49;47;45
BAO;41716;18ZL;50;44;39;39;41;39;44;48;49;52;50;50;57;54;51
BAO;41716;20SC;27;21;21;22;22;16;19;24;24;25;24;28;23;24;25
BAO;41716;20VE;19;17;18;18;18;16;11;15;9;0;0;0;0;0;0
BAO;41716;20VI;36;32;31;34;35;34;35;29;28;26;35;30;25;26;31
BAO;41716;20XR;29;32;28;29;31;29;28;31;31;32;39;38;37;35;35
BAO;41716;20XS;36;35;33;33;37;31;34;33;30;31;29;27;24;20;22
BAO;41716;20XZ;40;36;35;38;42;41;41;39;41;47;48;48;45;44;40
BAO;41716;32FD;0;0;0;0;0;0;0;0;0;0;0;0;0;*;6
BAO;41735;12EG;45;39;32;33;33;36;33;82;34;42;45;55;65;68;73
BAO;41735;12VK;18;19;14;14;19;15;13;12;13;13;11;10;10;16;16
BAO;41735;14BP;10;10;10;9;10;9;9;9;9;11;11;11;13;13;14
BAO;41735;14EQ;7;6;6;6;7;6;7;7;6;10;9;10;10;12;13
BAO;41735;14GN;27;26;20;22;24;24;24;26;26;25;23;21;24;24;24
BAO;41735;14HJ;10;10;9;7;6;7;6;8;8;10;7;8;12;15;15
BAO;41735;14JY;7;7;7;6;7;7;7;7;7;9;8;9;10;11;12
BAO;41735;14LR;27;37;16;15;17;21;18;18;23;25;23;35;35;39;22
BAO;41735;14MN;19;17;15;14;17;16;18;10;13;13;13;14;12;14;16
BAO;41735;14XM;18;22;18;16;17;26;23;20;19;20;23;23;27;27;25
BAO;41735;15KG;12;18;12;10;12;12;13;13;14;11;13;11;13;13;11
BAO;41735;15UB;19;21;20;19;19;19;19;22;23;24;29;30;29;26;27
BAO;41735;15YO;9;10;9;8;9;8;7;7;8;9;11;11;11;11;12
BAO;41735;16CB;9;10;9;9;10;9;7;6;6;7;7;7;7;7;9
BAO;41735;16HM;21;20;19;18;17;7;7;9;10;8;11;16;14;16;19
BAO;41735;27UC;48;50;49;46;43;41;36;37;36;34;38;37;25;19;19
BAO;41736;04NV;15;16;16;17;16;14;15;14;17;16;17;34;36;31;26
BAO;41736;07KS;15;15;13;14;14;13;13;13;16;17;17;20;16;17;16
BAO;41736;08VI;18;19;18;20;22;18;21;18;18;21;21;22;22;22;20
BAO;41736;19LF;28;26;27;26;26;22;24;26;27;27;26;30;24;22;22
BAO;41736;19LW;24;22;21;23;20;19;19;19;21;22;24;26;26;26;23
BAO;41772;16GN;34;33;33;33;31;34;33;33;33;36;39;39;49;50;46
BAO;41772;16HV;41;45;39;37;35;35;34;37;40;41;43;45;49;53;48
BAO;41772;16KL;26;24;24;23;20;23;23;27;25;29;29;27;36;31;30
BAO;41772;16WW;11;12;11;11;13;12;12;11;11;13;13;15;16;16;19
BAO;41772;16YA;32;32;31;35;38;36;43;50;52;55;62;67;79;82;88
BAO;41772;16YT;17;15;14;16;13;12;13;15;15;16;17;14;19;20;18
BAO;41772;16ZY;32;31;28;30;30;28;29;33;33;31;36;35;33;35;32
BAO;41772;23PY;51;45;40;39;37;34;31;32;30;31;37;42;43;41;42
BAO;41774;18QN;0;0;0;0;0;0;0;0;0;0;0;0;0;0;0
BAO;41774;18UR;33;31;31;28;34;33;34;36;35;38;35;34;0;31;28
BAO;41774;19AI;22;21;22;21;21;19;16;15;23;23;29;29;0;23;22
BAO;41774;19AQ;44;35;24;26;23;20;21;20;22;25;28;25;0;30;19
BAO;41774;19CH;51;53;47;44;41;41;28;29;31;35;40;34;0;26;29
BAO;41774;20SJ;37;29;24;27;26;25;22;18;18;0;0;0;0;0;0
BAO;41774;20TV;40;40;38;35;36;34;41;40;38;40;39;39;0;33;28
BAO;41774;20TW;54;48;43;44;47;45;49;46;46;45;54;50;0;38;38
BAO;41774;20YG;38;34;32;32;38;39;37;38;39;35;38;37;0;30;29
BAO;41774;20ZG;43;35;31;31;31;32;51;53;58;55;56;63;0;56;52
BAO;41774;20ZH;40;39;39;35;34;40;45;38;43;50;50;50;0;39;31
BAO;41774;22LE;50;43;39;41;43;41;35;30;32;32;29;24;0;20;21
BAO;41774;27LT;37;38;31;28;25;18;18;16;8;0;0;0;0;0;0
BAO;41774;27YK;17;20;20;20;22;23;23;21;20;15;16;20;0;19;20
BAO;41774;28BA;43;45;46;44;48;49;51;52;49;51;64;53;0;44;43
BAO;41774;29UA;26;30;33;40;42;47;52;57;58;63;63;59;0;53;48
BAO;41774;30PM;0;*;6;9;8;9;11;14;17;21;30;34;0;29;28
BAO;41774;30UP;0;0;6;13;12;17;18;20;24;28;31;29;0;26;21
BAO;41774;31VD;0;0;0;0;0;0;0;0;0;0;0;*;0;12;14
BAO;41775;00DO;17;14;14;13;14;16;17;15;17;16;15;17;16;11;10
BAO;41775;03DX;30;30;29;28;26;26;26;29;32;37;37;33;32;31;33
BAO;41775;06BG;39;35;36;36;37;39;44;55;53;52;63;65;72;64;60
BAO;41775;09GQ;46;44;45;41;40;37;33;34;35;37;36;29;26;23;23
BAO;41775;11SY;14;14;15;16;17;17;19;22;25;25;28;27;26;26;28
BAO;41775;11UB;58;54;51;45;35;29;27;26;19;18;18;19;18;17;17
BAO;41775;12DY;37;36;34;29;27;30;22;20;19;22;21;20;20;19;19
BAO;41775;12VC;13;12;15;17;18;18;18;18;22;24;23;23;24;24;21
BAO;41775;13BC;52;49;41;37;34;33;33;31;26;26;32;32;33;33;37
BAO;41775;13LW;20;20;19;10;10;12;13;16;14;18;21;20;23;20;21
BAO;41775;13QN;54;52;49;48;47;41;35;35;33;33;38;35;37;38;35
BAO;41775;14EJ;21;21;19;20;18;19;17;17;16;15;10;12;16;17;20
BAO;41775;14HB;56;54;51;57;61;62;71;78;54;60;69;73;75;87;83
BAO;41775;14JR;37;33;35;35;34;36;39;43;43;46;52;48;46;47;51
BAO;41775;16JC;29;25;28;26;29;31;29;26;22;19;18;19;17;15;13
BAO;41775;16XX;17;17;21;17;15;0;0;0;0;0;0;0;0;0;0
BAO;41775;17EO;18;17;14;14;15;20;19;18;19;22;20;21;19;23;20
BAO;41775;17FH;24;24;22;21;25;29;30;32;42;43;49;54;25;24;22
BAO;41775;17FY;51;46;39;37;35;34;32;24;27;30;30;26;32;30;33
BAO;41775;17JH;40;37;40;38;36;34;31;31;31;29;24;24;23;20;21
BAO;41775;17LO;21;21;26;27;27;30;32;31;34;35;38;34;34;34;39
BAO;41775;17MV;21;23;19;18;17;13;13;11;13;15;15;15;15;16;14
BAO;41775;17NJ;16;17;17;18;17;17;17;17;17;16;18;21;23;20;18
BAO;41775;17NU;24;23;26;25;26;28;28;27;30;29;32;32;37;33;35
BAO;41775;17OJ;21;20;18;16;17;19;21;22;22;24;26;21;21;23;22
BAO;41775;17OY;18;16;13;11;11;12;13;16;17;18;21;21;19;24;27
BAO;41775;17PN;12;10;13;14;13;13;14;12;11;10;0;0;0;0;0
BAO;41775;18BL;32;33;33;33;35;37;40;45;44;40;35;36;37;39;37
BAO;41775;18BO;27;26;28;26;22;24;23;20;22;20;20;19;21;19;19
BAO;41775;18EE;46;45;45;43;37;37;34;34;39;46;48;58;62;46;51
BAO;41775;18GY;38;35;41;43;43;45;49;55;51;57;61;56;55;54;51
BAO;41775;18LX;39;39;35;39;40;41;43;41;40;44;48;43;34;27;26
BAO;41775;18OR;31;31;30;32;33;32;33;33;30;35;29;31;31;29;24
BAO;41775;18PX;65;56;35;32;31;36;29;33;40;34;35;37;36;36;37
BAO;41775;18QZ;41;39;40;40;39;42;44;45;45;43;44;43;50;54;54
BAO;41775;18SV;55;52;51;53;55;59;58;58;62;64;64;53;51;49;56
BAO;41775;18TM;17;15;16;13;16;16;14;18;18;16;18;18;20;18;21
BAO;41775;18VF;77;73;75;75;74;64;57;51;43;39;42;39;45;40;36
BAO;41775;18VR;17;19;21;20;21;21;22;20;17;20;24;26;26;30;32
BAO;41775;18WG;38;34;40;41;41;36;28;26;25;26;30;31;32;29;29
BAO;41775;18WX;42;39;40;37;38;42;47;53;56;55;63;67;63;61;57
BAO;41775;18ZH;18;18;17;17;19;15;9;0;0;0;0;0;0;0;0
BAO;41775;18ZU;20;20;20;21;19;18;18;18;17;17;17;19;21;22;23
BAO;41775;19AF;53;46;41;34;30;31;29;27;31;32;36;35;35;38;42
BAO;41775;19AW;15;12;12;*;0;0;0;0;0;0;0;0;0;0;0
BAO;41775;19BE;26;24;24;25;26;28;30;31;25;25;23;23;23;21;26
BAO;41775;19BU;47;46;46;41;39;39;42;40;44;39;38;41;42;39;38
BAO;41775;19CF;12;12;13;13;11;13;13;14;13;12;13;13;13;12;12
BAO;41775;19CT;9;7;11;11;11;13;12;10;15;12;0;0;0;0;0
BAO;41775;19DN;53;48;47;39;36;35;36;39;40;43;50;46;54;55;55
BAO;41775;19DQ;22;21;20;16;16;17;17;24;22;24;24;23;25;26;28
BAO;41775;19DS;18;18;17;14;14;14;13;13;12;16;17;19;22;24;26
BAO;41775;20FK;58;58;45;35;28;23;20;17;15;17;20;20;26;24;19
BAO;41775;20HA;35;32;29;25;19;17;15;14;0;0;0;0;0;0;0
BAO;41775;20HQ;16;17;17;17;15;15;15;14;19;19;13;17;18;17;14
BAO;41775;20KW;39;37;36;35;33;32;31;31;33;34;37;42;43;44;43
BAO;41775;24NX;46;44;47;39;42;42;47;48;51;52;55;55;61;59;52
BAO;41775;24NY;37;33;33;30;30;29;27;27;24;22;24;23;23;23;24
BAO;41775;31MV;0;0;0;0;0;0;0;0;33;36;30;40;41;39;36
BAO;41775;32BM;0;0;0;0;0;0;0;0;0;0;0;0;24;24;26
BAO;41778;05YQ;10;10;9;8;8;8;10;10;9;9;10;10;11;9;10
BAO;41778;06AI;16;16;16;15;14;15;15;18;17;18;18;18;17;17;17
BAO;41778;10MB;14;11;11;11;9;9;11;13;14;13;13;14;12;10;9
BAO;41778;11OE;7;5;*;5;5;6;6;5;5;8;9;8;9;7;10
BAO;41778;11ZM;9;10;11;10;12;11;11;8;11;10;10;9;8;9;9
BAO;41778;12IY;12;11;9;12;10;12;10;10;11;11;10;10;11;8;10
BAO;41778;12RI;7;6;7;7;7;7;6;7;8;7;7;7;6;6;8
BAO;41778;24AF;19;21;19;18;16;16;16;20;21;23;26;30;30;29;34
BAO;41778;27RU;20;19;19;19;18;22;18;19;18;19;18;18;17;18;20
BAO;41780;08GQ;15;12;12;9;10;9;9;10;13;12;15;13;12;13;13
BAO;41780;08SW;28;26;26;21;22;21;22;20;17;16;17;14;13;16;15
BAO;41780;10CO;15;16;16;14;16;14;13;13;15;15;11;11;11;10;12
BAO;41780;11AO;25;26;17;16;19;25;26;27;17;15;16;13;12;13;12
BAO;41780;11YX;8;8;9;10;9;8;8;9;8;9;9;11;10;10;9
BAO;41780;13GU;33;29;28;24;23;24;23;23;23;23;28;30;24;25;25
BAO;41780;13QO;37;36;34;34;32;26;29;29;28;27;27;27;29;27;26
BAO;41780;13UO;27;25;22;22;17;21;19;18;16;17;18;16;15;12;13
BAO;41780;13ZR;20;19;15;14;16;18;17;16;18;17;18;16;15;16;18
BAO;41780;14EK;31;29;25;24;24;22;21;24;24;25;23;22;20;16;15
BAO;41780;14HC;12;13;11;14;12;12;13;14;14;13;13;11;13;10;10
BAO;41780;14IM;19;19;18;17;10;10;13;14;15;13;30;33;31;34;35
BAO;41780;15AS;19;17;19;16;13;17;12;7;8;8;9;10;9;9;10
BAO;41780;15EP;10;10;9;7;6;8;7;12;8;10;10;9;9;11;11
BAO;41780;15FZ;5;5;5;*;6;7;8;11;8;8;8;8;9;10;10
BAO;41780;15JG;17;18;20;20;29;25;19;11;12;11;14;10;11;11;11
BAO;41781;18RN;36;39;42;42;42;41;45;51;53;52;53;58;54;56;52
BAO;41781;18UH;61;63;64;64;71;71;74;76;80;74;76;77;81;76;80
BAO;41781;18WU;46;43;41;43;44;40;45;43;42;38;38;40;40;38;35
BAO;41781;19BO;38;39;40;38;38;37;38;39;37;36;38;37;37;39;39
BAO;41781;19BS;61;62;64;66;66;58;58;58;55;61;58;58;54;47;41
BAO;41781;19BW;36;37;35;41;43;40;42;40;44;42;39;36;36;38;33
BAO;41781;20TR;20;21;22;24;22;19;22;24;25;24;21;20;23;35;28
BAO;41781;20TS;22;21;21;23;24;25;25;26;26;25;24;25;28;26;24
BAO;41781;20TX;106;97;96;96;97;100;62;64;60;60;58;58;51;52;51
BAO;41781;20VA;37;39;36;42;39;38;39;39;40;41;42;43;36;36;37
BAO;41781;20VJ;39;38;40;42;39;41;45;36;36;42;42;42;41;38;36
BAO;41781;20VK;45;43;43;43;43;44;45;50;50;48;51;49;48;37;25
BAO;41781;20VM;0;0;0;0;0;0;0;0;0;0;0;0;0;0;0
BAO;41781;20XA;26;27;24;25;25;24;26;30;26;29;32;37;39;34;36
BAO;41781;20XU;30;30;30;30;31;28;33;38;39;39;42;36;41;37;36
BAO;41781;20YA;47;48;48;50;50;49;45;45;47;45;44;43;43;40;38
BAO;41781;24DP;66;62;65;65;69;78;81;92;103;103;109;111;110;108;103
BAO;41781;30RL;0;0;0;0;14;18;22;21;23;30;34;36;37;38;36
BAO;41781;31FN;0;0;0;0;0;0;32;32;34;30;27;28;27;28;28
BAO;41781;31JF;0;0;0;0;0;0;0;13;15;18;18;21;19;15;18
BAO;41782;03QT;15;16;13;12;12;12;12;15;17;14;14;13;13;10;11
BAO;41782;03WK;36;37;36;37;34;37;35;34;38;31;32;28;23;24;22
BAO;41782;05IJ;9;9;12;12;11;12;11;11;11;10;10;9;7;5;8
BAO;41782;06KB;32;31;31;29;28;25;26;25;25;22;23;23;22;21;22
BAO;41782;06LZ;19;19;17;15;13;11;13;18;21;21;21;22;17;15;14
BAO;41782;07HV;31;32;28;27;27;28;29;28;30;29;28;24;26;27;24
BAO;41782;07OA;31;29;25;24;24;24;20;17;18;19;19;17;16;11;13
BAO;41782;07PF;22;21;19;20;21;22;24;33;30;29;31;24;26;23;27
BAO;41782;08MJ;23;20;20;19;17;20;19;16;19;19;16;21;22;21;21
BAO;41782;09CJ;19;19;18;18;20;13;11;11;12;14;14;11;15;13;16
BAO;41782;09LL;26;27;28;29;28;32;32;31;30;24;25;26;27;28;27
BAO;41782;09YP;21;24;25;26;21;24;23;22;26;24;24;23;18;18;18
BAO;41782;14FE;9;10;11;8;7;8;9;11;13;14;13;13;10;8;10
BAO;41782;15CX;27;29;24;26;25;28;27;34;37;34;28;19;17;15;14
BAO;41785;03AN;10;11;13;11;12;13;14;11;11;6;7;7;6;8;5
BAO;41785;08DH;24;23;22;22;26;27;25;17;19;18;21;22;22;17;15
BAO;41785;08EA;8;6;6;7;7;7;7;6;7;5;6;7;7;6;7
BAO;41785;09FH;15;14;9;10;9;10;11;10;10;10;11;9;9;8;8
BAO;41785;10BF;7;8;6;6;8;8;8;6;9;7;7;8;8;6;6
BAO;41785;10CT;9;10;9;10;10;10;10;10;11;13;12;13;13;13;13
BAO;41785;10TE;8;9;7;8;9;7;8;7;8;6;7;9;9;8;7
BAO;41785;10UJ;40;39;39;38;35;35;38;50;55;49;66;69;56;63;62
BAO;41785;11HK;20;20;22;21;22;25;23;23;19;16;17;20;22;19;19
BAO;41787;04RJ;15;17;18;20;20;20;18;19;18;19;18;20;21;16;16
BAO;41787;04VW;19;18;17;17;17;18;21;20;18;19;19;21;21;22;24
BAO;41787;04WR;10;10;12;10;11;13;13;13;12;12;13;11;10;9;10
BAO;41787;05LR;28;28;37;33;37;47;43;47;53;59;53;58;59;58;55
BAO;41787;05QO;8;9;10;11;10;10;10;8;10;10;9;10;11;12;12
BAO;41787;06ZL;7;7;7;6;11;10;10;9;10;9;9;10;9;10;11
BAO;41787;07OM;14;14;13;13;13;12;11;14;14;14;13;13;13;14;14
BAO;41787;08BP;11;10;11;9;11;10;9;11;10;12;13;13;11;13;13
BAO;41787;08BQ;13;13;13;13;14;14;14;11;13;14;13;13;12;13;12
BAO;41787;08CY;19;19;19;20;22;27;22;21;24;21;23;23;19;17;17
BAO;41787;08RL;29;29;30;32;30;34;34;38;39;41;41;37;34;32;33
BAO;41787;08WG;40;40;34;36;33;34;34;39;41;45;50;47;42;40;40
BAO;41787;09DL;38;35;34;34;32;37;37;40;38;40;40;44;39;38;36
BAO;41787;09ZJ;14;13;13;13;11;12;12;12;13;14;14;15;13;14;15
BAO;41787;10JT;34;35;38;36;38;40;41;41;44;39;40;36;34;35;35
BAO;41787;10NW;16;17;17;16;16;15;16;15;15;16;17;17;16;15;15
BAO;41792;08IT;22;21;21;21;22;21;22;25;25;25;29;24;21;23;22
BAO;41792;09IT;42;38;37;44;34;28;27;31;28;25;26;25;23;24;29
BAO;41792;15JF;34;36;39;37;38;38;41;40;46;48;48;46;44;47;48
BAO;41792;15LV;36;35;33;36;40;36;32;27;29;31;29;24;25;22;33
BAO;41792;15OF;26;25;27;31;32;31;32;41;45;45;47;46;44;47;47
BAO;41792;15VL;23;23;23;23;17;14;12;14;16;15;13;11;*;7;0
BAO;41792;25KL;35;37;34;38;31;27;27;30;31;30;28;27;24;24;25
BAO;41794;03MI;24;21;20;19;20;18;17;19;19;22;23;20;20;28;27
BAO;41794;04TW;25;23;22;22;21;22;21;24;26;26;26;25;24;22;20
BAO;41794;07EI;32;34;37;37;39;54;55;62;65;66;68;65;41;43;42
BAO;41794;07NH;16;16;17;16;20;18;18;20;22;23;26;25;25;24;23
BAO;41794;07TV;29;29;31;22;18;16;16;16;19;21;24;28;24;24;22
BAO;41794;13IQ;11;13;14;16;17;18;18;22;24;21;23;20;23;20;20
BAO;41794;13SB;58;57;23;23;23;23;20;25;26;26;29;29;27;26;26
BAO;41794;13VS;18;16;16;16;16;14;13;16;18;20;19;18;20;20;19
BAO;41794;30UT;0;0;39;39;37;35;41;46;49;53;51;48;46;41;36
BAO;41794;31WH;0;0;0;0;0;0;0;0;0;0;0;0;0;22;22
BAO;41797;00AR;15;11;12;13;12;11;9;10;10;10;11;11;13;14;13
BAO;41797;03QZ;29;27;24;23;19;18;18;18;18;18;19;20;19;18;17
BAO;41797;03RS;14;14;14;14;14;12;13;13;16;17;20;20;22;19;19
BAO;41797;06KT;16;14;11;11;9;8;9;9;9;9;13;12;13;11;12
BAO;41797;06LO;11;7;7;8;8;7;6;7;9;10;11;10;11;10;11
BAO;41797;08MB;16;12;9;10;10;10;11;11;12;12;11;13;12;11;11
BAO;41797;17KU;27;25;25;26;25;26;27;28;31;32;33;31;28;24;24
BAO;41797;17WZ;10;11;11;12;11;12;13;13;13;14;15;15;14;14;13
BAO;41797;17XX;41;40;39;33;33;20;20;19;20;21;21;20;21;19;22
BAO;41797;25DE;10;8;6;7;5;6;6;6;7;7;7;9;9;9;9
BAO;41801;29YB;5;5;0;0;0;0;0;0;0;0;0;0;0;0;0
BAO;41803;23DR;11;12;12;13;14;12;14;16;16;18;19;18;17;18;18
BAO;41803;24EC;9;9;8;9;9;7;6;7;9;10;11;10;12;13;13
BAO;41812;07GE;15;15;15;12;15;11;12;13;10;13;12;9;10;9;8
BAO;41812;08TL;12;15;13;15;14;14;12;12;14;15;18;15;13;14;11
BAO;41812;09RS;10;10;9;9;8;9;8;8;10;11;9;8;10;9;7
BAO;41812;10EH;39;32;30;28;25;22;24;24;23;23;24;23;21;20;19
BAO;41812;11JT;0;0;0;0;0;0;0;0;0;0;0;0;0;0;0
BAO;41812;12EY;16;10;9;11;9;10;6;6;8;8;7;7;8;6;*
BAO;41812;12OC;10;11;12;13;11;11;9;7;9;9;10;9;9;9;10
BAO;41812;18QS;28;27;24;20;18;15;15;17;15;16;18;17;20;16;15
BAO;41812;18SP;22;22;25;27;28;26;28;31;33;35;36;36;35;32;32
BAO;41812;18TJ;10;14;13;13;13;10;12;12;8;10;9;8;10;8;9
BAO;41812;18UK;9;13;14;10;9;9;8;9;9;11;12;10;9;9;8
BAO;41812;18UT;10;12;13;14;14;12;10;9;9;11;13;11;9;7;8
BAO;41813;06DE;38;38;34;34;29;28;26;28;24;23;26;24;24;25;24
BAO;41813;07EQ;17;17;15;16;14;14;16;18;17;18;16;20;16;18;18
BAO;41813;11BL;16;20;15;17;16;15;19;21;26;28;30;31;33;38;38
BAO;41813;11OD;26;24;22;24;24;24;23;24;27;23;31;37;43;51;54
BAO;41813;11ZL;16;16;16;15;16;18;18;20;22;24;27;27;27;28;29
BAO;41813;12IX;10;11;10;10;11;12;12;13;11;11;13;16;17;18;18
BAO;41813;12RH;15;15;14;14;13;13;13;14;14;13;13;14;16;15;15
BAO;41813;13SE;18;18;13;11;10;10;*;0;0;0;0;0;0;0;0
BAO;41813;13ZB;23;25;23;22;23;21;19;20;22;17;20;18;15;15;15
BAO;41813;14FD;14;13;13;13;14;12;13;18;19;13;12;33;37;35;36
BAO;41813;14HV;35;36;37;38;34;32;36;36;36;32;34;14;14;14;14
BAO;41813;14PU;16;15;14;14;13;14;14;18;17;17;17;18;19;14;16
BAO;41813;15FL;22;22;22;23;21;23;21;18;19;19;15;15;12;13;14
BAO;41813;21NF;19;19;18;17;16;16;15;14;13;12;13;11;15;16;18
BAO;41813;22JI;49;48;43;40;37;36;35;32;32;30;31;32;38;41;44
BAO;41813;23BP;16;17;15;13;15;14;15;16;17;20;24;26;25;26;31
BAO;41813;25KG;56;52;55;52;62;60;61;59;58;51;51;54;50;55;39
BAO;41813;26RK;42;44;43;37;33;32;37;36;34;36;34;37;36;33;35
BAO;41813;28AP;27;28;28;26;25;24;19;22;17;19;19;16;15;15;16
BAO;41813;29XH;28;25;26;26;31;37;39;33;34;39;39;39;47;39;40
BAO;41813;30FX;10;13;13;17;20;25;24;27;29;31;36;32;34;36;37
BAO;41816;03FU;17;22;20;20;20;37;40;41;22;17;19;16;18;16;11
BAO;41816;09EV;9;10;8;9;9;8;8;8;9;10;10;9;8;8;9
BAO;41816;10TB;13;14;10;10;10;8;11;12;12;12;13;14;11;9;9
BAO;41816;11TC;5;5;*;7;8;7;6;6;6;7;7;8;7;12;10
BAO;41816;12MU;13;13;9;10;10;11;12;8;11;9;9;9;9;8;8
BAO;41816;12XY;8;6;10;9;9;11;12;10;9;8;8;7;7;9;8
BAO;41816;13LO;21;19;20;19;18;21;23;21;21;21;18;19;19;18;17
BAO;41816;13OF;28;26;25;21;21;18;22;22;24;23;27;26;24;25;24
BAO;41816;13VY;9;9;8;9;8;9;7;8;9;9;0;0;0;0;0
BAO;41816;13ZM;35;33;28;24;20;20;17;18;15;18;18;21;20;20;18
BAO;41816;14CW;8;7;8;10;9;10;11;8;7;7;0;0;0;0;0
BAO;41816;14FP;10;12;12;10;9;10;9;10;11;11;9;11;10;11;8
BAO;41816;14IK;19;15;12;12;12;12;11;10;13;13;14;15;16;18;17
BAO;41816;18EO;10;10;10;11;10;10;12;11;13;13;14;13;15;13;13
BAO;41816;18LN;16;16;17;17;17;18;15;17;15;16;15;17;17;15;14
BAO;41820;24ER;18;18;22;32;37;20;18;21;24;23;21;18;16;33;43
BAO;41820;24ZJ;37;36;34;31;33;34;39;47;37;33;33;30;31;31;40
BAO;41820;30XB;0;0;0;*;6;9;12;11;16;16;16;18;18;18;19
BAO;41820;31EC;0;0;0;0;8;42;52;50;57;48;50;54;48;50;39
BAO;41820;31JR;0;0;0;0;0;0;0;10;13;21;20;34;31;35;33
BAO;41820;31LM;0;0;0;0;0;0;0;0;15;23;25;31;29;34;40
BAO;41820;32BZ;0;0;0;0;0;0;0;0;0;0;0;0;14;14;17
BAO;41820;32CA;0;0;0;0;0;0;0;0;0;0;0;0;9;11;16
BAO;41820;32HE;0;0;0;0;0;0;0;0;0;0;0;0;0;0;9
BAO;41825;04CN;21;20;21;20;22;21;21;24;24;27;28;28;28;30;28
BAO;41827;04LI;19;19;24;21;22;20;25;31;33;30;41;44;46;48;48
BAO;41827;04RL;22;24;24;25;29;30;34;32;30;28;34;35;36;37;35
BAO;41827;05QV;13;12;14;13;13;12;15;15;16;15;16;13;15;16;16
BAO;41827;05RW;20;21;25;22;25;24;28;28;29;27;33;33;31;32;31
BAO;41827;05XQ;13;14;13;16;13;15;13;14;15;16;17;17;18;17;16
BAO;41829;08TM;32;31;31;33;32;33;35;35;34;36;36;34;38;37;33
BAO;41840;03TF;63;64;71;82;87;89;97;110;115;109;110;113;110;105;100
BAO;41840;04RI;25;26;29;26;35;39;33;29;30;27;28;26;20;21;16
BAO;41840;08WD;40;37;31;28;28;26;24;21;22;22;24;22;22;21;22
BAO;41842;04HB;8;10;9;7;6;7;7;7;10;8;8;11;10;11;8
BAO;41842;18PA;18;20;18;17;17;18;18;18;17;18;19;15;18;17;14
BAO;41842;18QE;17;16;19;17;17;18;20;21;20;21;21;20;18;21;12
BAO;41842;18RG;8;7;6;6;6;8;8;9;7;8;9;9;8;12;7
BAO;41842;18SH;22;19;19;18;18;18;18;18;16;15;17;16;17;20;19
BAO;41842;18TC;7;6;8;7;8;8;10;11;11;11;11;12;11;10;10
BAO;41842;18TS;16;15;15;15;13;14;15;15;15;15;16;20;21;22;17
BAO;41843;18IQ;30;32;32;29;31;31;35;35;38;39;35;40;38;39;35
BAO;41844;06CO;28;26;25;23;21;19;18;19;18;18;18;16;15;19;21
BAO;41845;03WN;10;7;7;7;8;8;9;8;8;8;8;8;8;9;11
BAO;41845;04JO;19;16;16;17;20;16;11;11;14;14;16;16;17;16;15
BAO;41845;05MH;19;10;9;10;11;8;9;8;9;9;9;10;11;9;5
BAO;41845;05PH;11;11;11;11;12;13;11;11;11;10;11;10;11;12;10
BAO;41845;05QS;18;18;17;14;16;17;57;57;14;15;14;10;11;10;9
BAO;41845;05RE;19;15;14;17;14;15;15;16;17;17;15;16;16;16;17
BAO;41845;05RZ;19;14;15;12;13;12;10;13;15;17;16;14;16;13;13
BAO;41845;05SY;14;11;11;10;11;11;11;11;10;10;11;13;14;16;15
BAO;41845;05UT;18;16;17;15;16;16;14;12;16;15;15;12;13;15;13
BAO;41845;05VK;17;13;16;13;13;13;13;11;13;11;12;9;11;11;11
BAO;41845;05XB;13;11;12;11;13;12;13;13;12;14;15;12;12;14;13
BAO;41845;05XD;7;7;7;8;8;9;8;9;9;11;10;8;11;10;10
BAO;41845;06MW;14;16;14;12;13;12;13;15;17;17;18;17;17;17;21
BAO;41845;07XN;8;8;8;7;9;10;9;9;10;9;9;7;10;8;7
BAO;41845;08NW;8;8;10;12;13;15;13;14;13;13;15;13;14;16;16
BAO;41845;09CS;20;16;17;17;16;14;14;15;14;14;15;15;15;16;14
BAO;41845;09DB;20;19;16;16;17;18;20;19;16;17;17;15;19;14;15
BAO;41845;15DU;13;11;12;14;13;14;14;11;12;13;13;12;11;10;9
BAO;41845;15FJ;15;15;17;18;19;18;17;17;16;15;15;14;12;11;11
BAO;41845;15LG;20;21;24;32;31;31;25;23;24;21;24;22;22;24;22
BAO;41850;14QN;14;13;13;10;9;10;11;13;14;16;16;14;14;12;13
BAO;41850;15AV;9;8;8;7;6;8;8;8;10;10;9;9;11;8;9
BAO;41850;15HJ;17;16;16;16;16;19;17;15;13;16;19;17;19;19;20
BAO;41850;15JJ;7;7;8;8;8;9;8;10;6;9;9;7;7;5;0
BAO;41850;15KE;18;17;17;18;17;14;14;15;16;17;16;14;14;11;9
BAO;41850;15TG;34;31;29;28;26;25;20;22;20;21;22;20;19;20;21
BAO;41850;15XT;20;18;16;10;11;10;11;15;14;14;14;13;12;12;11
BAO;41850;16DK;21;19;18;19;15;16;15;18;16;15;16;22;27;12;12
BAO;41850;16HJ;38;36;36;34;36;33;34;32;36;38;30;32;34;33;33
BAO;41850;16JY;28;27;25;25;28;30;18;23;23;23;25;25;24;21;21
BAO;41850;16KZ;11;11;11;12;12;14;14;14;17;17;18;16;17;16;16
BAO;41850;16MB;16;12;13;12;11;13;13;15;11;15;16;15;11;11;11
BAO;41850;16NS;22;20;18;16;19;18;16;23;22;23;24;21;16;47;50
BAO;41850;16UB;17;15;13;18;14;15;16;15;15;18;19;18;18;16;17
BAO;41850;16ZB;25;24;24;24;26;28;25;24;25;28;29;32;33;34;37
BAO;41850;27RN;35;33;31;31;28;26;30;28;28;30;31;26;25;22;23
BAO;41850;31GH;0;0;0;0;0;0;15;21;26;27;26;28;26;26;25
BAO;41851;09FN;21;33;43;64;80;77;78;92;14;15;15;15;16;20;18
BAO;41851;10AV;22;17;18;16;14;19;15;17;14;11;13;12;10;13;14
BAO;41851;10BK;16;20;22;20;17;16;18;22;17;16;19;20;18;18;17
BAO;41851;10TA;13;8;9;8;12;11;13;12;12;12;16;16;14;12;12
BAO;41851;10TH;17;11;6;6;5;5;8;9;9;7;10;12;10;12;11
BAO;41851;11HH;10;10;12;*;*;*;5;6;7;7;9;9;12;9;9
BAO;41851;12DC;18;17;12;10;11;11;11;15;14;13;16;14;15;15;13
BAO;41851;12DG;11;8;7;6;6;5;6;7;7;6;8;8;10;10;10
BAO;41851;12ME;29;26;22;13;11;10;14;13;12;13;14;14;13;13;14
BAO;41851;13AL;29;23;24;21;20;23;25;24;25;30;38;39;40;32;33
BAO;41851;18NM;27;24;27;22;21;22;21;21;23;28;31;29;26;28;33
BAO;41851;18OV;29;31;34;31;33;35;35;38;35;35;37;40;38;36;37
BAO;41851;18QA;40;34;39;32;30;29;24;25;21;19;21;23;23;25;24
BAO;41852;18MG;20;19;19;16;16;16;18;16;17;19;22;23;21;19;19
BAO;41852;18QB;30;30;27;24;17;21;21;23;19;21;22;23;19;21;21
BAO;41852;18RD;16;16;18;21;18;19;18;24;23;20;21;22;18;18;18
BAO;41852;18TQ;11;12;11;11;11;12;13;14;14;13;14;13;12;12;12
BAO;41852;18UC;53;55;52;55;57;55;54;62;57;60;62;61;59;57;51
BAO;41852;18VM;20;21;19;20;18;17;19;19;21;22;23;20;21;19;19
BAO;41852;18WR;11;11;10;10;12;11;12;11;9;11;10;11;11;13;13
BAO;41852;18WY;33;37;37;41;38;40;38;34;29;35;33;33;33;33;37
BAO;41852;18ZI;19;20;17;19;17;24;24;25;27;32;30;34;27;26;25
BAO;41852;18ZV;38;39;37;38;38;38;39;39;45;42;40;44;46;43;40
BAO;41852;19AG;54;51;49;52;43;55;52;47;50;54;56;63;68;76;65
BAO;41852;19AO;29;28;28;28;29;28;30;27;30;29;25;23;27;27;27
BAO;41852;19AX;33;33;35;35;39;39;41;39;37;37;38;34;36;35;36
BAO;41852;19BF;33;34;32;33;35;29;31;34;31;32;34;33;35;34;36
BAO;41852;19BV;17;17;21;22;27;26;28;28;33;30;34;31;29;35;34
BAO;41852;19BZ;46;45;47;48;46;48;48;45;53;50;50;57;59;61;55
BAO;41852;19CC;29;30;32;34;34;35;39;39;40;36;41;43;41;41;41
BAO;41852;19DK;41;35;33;32;33;25;23;21;23;25;25;25;32;33;29
BAO;41852;28AG;88;99;105;107;120;149;146;135;141;138;145;140;137;140;128
BAO;41852;30FY;20;22;25;29;33;39;38;36;31;28;30;29;26;28;27
BAO;41853;15SB;40;40;37;39;40;41;42;49;55;61;64;67;70;73;75
BAO;41853;15UJ;62;61;56;57;56;61;64;58;67;68;66;74;75;80;86
BAO;41853;15WQ;30;30;27;31;28;31;30;30;40;33;27;26;23;28;31
BAO;41853;16AR;45;52;40;47;51;52;63;65;66;66;67;68;77;75;75
BAO;41853;16CH;25;23;21;22;21;19;21;23;22;23;20;23;23;19;20
BAO;41853;16DS;34;37;31;35;36;36;37;41;44;43;38;41;40;40;42
BAO;41853;16GK;26;24;22;25;25;26;24;31;33;31;29;31;30;27;36
BAO;41853;16HS;36;39;33;33;34;38;41;48;44;41;40;40;39;40;46
BAO;41853;16JB;34;33;30;32;30;36;36;33;37;39;39;42;38;43;39
BAO;41853;16KG;23;22;20;19;23;22;25;26;28;24;25;28;28;33;31
BAO;41853;16LF;30;30;27;26;25;26;20;19;26;24;21;19;28;26;26
BAO;41853;16NG;69;73;71;76;79;79;78;83;83;84;77;76;76;73;76
BAO;41853;16WT;56;56;52;50;51;51;52;54;61;57;60;59;67;65;68
BAO;41853;16YQ;17;17;15;16;14;16;14;16;15;17;16;15;16;18;20
BAO;41853;16ZF;30;31;24;28;29;31;31;35;35;35;35;38;39;42;47
BAO;41856;04GD;14;9;10;8;8;8;8;8;8;7;7;10;10;10;11
BAO;41856;04HU;10;7;9;7;7;8;9;9;9;12;12;17;16;15;14
BAO;41856;05PM;11;10;9;8;8;10;9;10;7;10;9;9;14;10;10
BAO;41856;08CC;12;10;9;8;9;7;8;5;*;5;5;11;10;8;8
BAO;41856;08FI;8;8;8;8;7;6;6;8;7;12;11;13;18;15;13
BAO;41856;08FX;13;9;9;8;7;8;10;8;8;11;13;13;16;16;17
BAO;41856;10BJ;6;5;5;6;*;5;6;7;7;9;8;9;11;10;10
BAO;41856;10EE;25;22;20;22;21;14;16;18;18;17;20;17;15;16;15
BAO;41856;10UC;14;14;13;9;5;5;6;5;0;0;0;0;0;0;0
BAO;41856;11HJ;10;8;8;7;7;8;9;10;11;11;11;12;17;16;17
BAO;41856;11IH;16;11;13;13;11;10;12;13;13;13;13;18;19;19;18
BAO;41856;11TD;18;17;19;14;13;9;8;9;9;10;10;12;15;15;14
BAO;41856;11TZ;13;13;15;12;12;10;13;12;14;17;15;19;19;15;15
BAO;41856;11VF;25;22;22;20;20;19;17;19;19;17;20;21;27;26;20
BAO;41856;12DX;13;10;10;8;*;*;5;6;5;7;6;0;0;0;0
BAO;41856;12EV;21;23;15;9;9;6;7;7;9;9;8;8;7;8;9
BAO;41856;12MZ;14;11;9;6;6;5;*;*;5;6;7;7;8;8;9
BAO;41856;12VD;13;12;9;9;7;8;8;13;12;15;10;14;18;10;11
BAO;41856;13BD;13;12;11;11;11;11;10;12;10;13;14;13;17;15;15
BAO;41856;13BQ;17;18;14;17;21;25;32;34;38;32;38;62;52;35;38
BAO;41856;13HE;26;24;23;25;25;25;27;29;30;28;31;33;31;30;30
BAO;41856;13LY;9;6;5;*;5;5;*;7;7;8;6;6;13;11;10
BAO;41856;13MI;28;22;20;18;21;19;19;16;16;17;23;23;20;22;20
BAO;41856;13QP;12;12;9;10;10;9;10;11;14;14;19;20;24;19;16
BAO;41856;13UP;7;5;6;5;*;*;*;5;5;6;6;8;0;0;0
BAO;41856;14BJ;7;9;7;6;5;5;5;8;10;9;10;10;13;11;12
BAO;41856;14BW;38;38;39;36;47;52;47;49;44;42;38;32;30;31;30
BAO;41856;14EL;17;15;17;11;11;10;12;10;9;10;13;14;17;15;16
BAO;41856;14EZ;12;11;9;9;13;11;12;12;13;13;12;11;12;13;15
BAO;41856;14HD;17;13;11;12;11;6;7;9;8;12;11;12;16;13;11
BAO;41856;15VO;7;7;8;7;8;10;8;9;9;10;11;11;10;9;11
BAO;41857;23FB;31;27;29;32;35;41;39;47;46;41;41;41;32;37;39
BAO;41857;23FF;34;35;35;36;39;40;39;38;38;38;34;34;34;37;39
BAO;41857;27PT;27;31;34;31;30;32;33;37;36;36;31;35;38;41;35
BAO;41857;27PU;26;29;34;33;33;31;32;28;25;24;22;22;19;23;23
BAO;41857;28BY;0;0;0;0;0;0;0;0;0;0;0;0;0;0;0
BAO;41857;28BZ;15;18;23;28;31;32;32;32;36;34;32;33;35;34;33
BAO;41858;07LM;13;13;11;12;14;12;12;13;12;16;15;14;15;14;13
BAO;41858;13PV;35;31;29;25;24;25;28;27;34;36;40;46;41;41;44
BAO;41858;13XF;24;22;23;23;19;22;20;20;25;27;28;33;37;34;39
BAO;41858;14DS;19;21;23;23;22;22;21;24;27;28;26;32;30;28;30
BAO;41858;14LQ;19;23;24;22;20;16;13;26;30;32;41;51;54;48;53
BAO;41858;14XL;16;15;16;17;16;22;21;21;20;19;19;21;19;16;18
BAO;41858;15RP;23;22;23;22;23;30;28;20;19;18;18;19;19;21;23
BAO;41858;15UA;20;18;16;16;12;15;17;19;22;24;23;25;24;26;29
BAO;41860;05ZX;31;28;30;30;30;31;26;26;27;26;27;25;25;24;26
BAO;41860;07FL;11;12;10;9;9;9;9;9;9;10;12;14;15;16;18
BAO;41860;07GU;8;8;6;9;9;11;11;12;16;15;13;13;15;17;17
BAO;41860;08DM;15;18;18;20;22;24;26;27;31;31;37;33;35;34;17
BAO;41860;08JE;27;27;25;21;19;17;17;16;13;15;16;21;22;20;23
BAO;41860;09NJ;14;17;14;14;14;15;13;14;14;15;19;18;18;18;17
BAO;41860;20OW;21;28;25;24;24;23;22;25;26;24;24;27;24;25;26
BAO;41860;21DA;13;13;14;12;12;11;13;12;14;16;17;18;18;15;15
BAO;41860;21MV;19;19;21;21;22;23;24;20;23;21;26;24;23;23;25
BAO;41860;23BW;44;42;39;36;35;36;36;37;37;38;42;38;41;39;43
BAO;41860;23TN;24;24;23;22;22;24;24;25;27;26;25;25;29;30;28
BAO;41860;23ZM;15;17;16;16;15;14;15;14;15;14;18;17;17;17;19
BAO;41860;24AB;24;27;28;27;27;26;25;23;24;21;28;24;26;24;26
BAO;41860;24DV;10;10;9;13;15;14;12;9;9;12;13;13;10;15;13
BAO;41860;32ET;0;0;0;0;0;0;0;0;0;0;0;0;0;0;25
BAO;41861;15BU;7;8;8;8;7;8;8;9;9;8;9;10;9;7;8
BAO;41862;05VR;51;46;48;47;43;46;47;54;52;31;33;33;29;30;31
BAO;41862;09RO;11;11;44;37;35;43;45;44;45;52;56;57;65;62;66
BAO;41862;10KW;36;32;33;29;33;28;28;27;26;26;28;27;27;28;29
BAO;41862;10LK;21;20;19;22;21;21;22;22;22;20;25;22;19;18;17
BAO;41862;11AL;17;19;19;16;18;18;18;20;17;20;21;21;19;19;22
BAO;41862;11AV;23;22;24;25;25;24;23;27;27;25;28;28;26;25;27
BAO;41862;14HS;16;14;17;17;18;16;17;19;17;18;18;18;16;18;19
BAO;41862;14YP;19;20;21;20;21;23;21;21;20;20;22;20;19;17;19
BAO;41862;15FC;25;16;17;18;17;17;16;14;13;20;19;18;16;13;12
BAO;41862;15IK;36;34;35;32;33;29;25;25;22;22;24;23;21;20;21
BAO;41862;15LC;26;25;24;27;24;23;23;23;21;24;23;21;18;17;16
BAO;41862;15SM;43;39;43;35;34;38;35;55;32;35;38;41;35;38;38
BAO;41862;15ZB;21;20;20;20;22;22;23;25;24;22;26;22;20;19;19
BAO;41862;16DV;13;15;15;14;17;16;17;22;21;20;21;22;22;23;20
BAO;41862;21NE;40;41;31;28;32;27;23;21;17;27;27;21;23;28;26
BAO;41862;27LZ;67;63;61;57;57;49;51;46;43;41;35;31;27;27;21
BAO;41862;30AK;32;34;37;39;44;45;47;34;35;36;42;40;43;44;40
BAO;41862;30UZ;0;0;22;22;21;22;23;24;24;26;28;27;27;27;26
BAO;41863;24EL;15;17;16;17;18;21;24;26;28;33;32;36;39;39;41
BAO;41863;24PV;23;22;18;18;20;22;23;26;27;32;37;39;43;42;43
BAO;41863;24RZ;21;19;19;18;21;22;25;30;35;32;30;35;37;33;35
BAO;41863;31ML;0;0;0;0;0;0;0;0;6;10;14;13;19;19;24
BAO;41863;32BB;0;0;0;0;0;0;0;0;0;0;0;0;*;6;10
BAO;41863;32EJ;0;0;0;0;0;0;0;0;0;0;0;0;0;*;6
BAO;41863;32EN;0;0;0;0;0;0;0;0;0;0;0;0;0;*;8
BAO;41866;09IE;28;27;29;28;25;26;30;34;35;34;39;29;33;26;24
BAO;41866;21LP;20;16;15;15;16;16;16;16;19;18;23;25;24;26;26
BAO;41866;26AL;31;28;29;27;26;23;21;21;21;21;21;20;19;20;18
BAO;41866;27JR;31;30;38;35;36;36;41;37;39;42;42;41;37;32;32
BAO;41867;06DJ;12;9;10;10;11;10;11;12;13;0;15;19;0;0;16
BAO;41867;08IV;12;11;12;10;10;9;8;9;9;0;5;6;0;0;5
BAO;41867;09GK;19;16;17;16;19;17;17;21;19;0;20;24;0;0;18
BAO;41867;09GN;10;10;10;10;10;11;11;11;13;0;9;8;0;0;6
BAO;41867;09IV;9;8;9;7;7;8;8;11;9;0;11;9;0;0;7
BAO;41867;10CF;10;9;10;11;12;10;10;11;11;0;10;11;0;0;31
BAO;41867;10CI;37;35;37;35;37;36;34;36;34;0;25;26;0;0;0
BAO;41867;10UD;7;8;8;8;9;8;6;7;8;0;6;6;0;0;*
BAO;41867;18ID;11;10;10;10;11;8;9;8;9;0;13;10;0;0;10
BAO;41867;18KD;16;14;14;15;17;16;16;16;18;0;16;18;0;0;16
BAO;41867;18LP;16;15;12;14;11;12;10;12;12;0;11;12;0;0;9
BAO;41868;10DF;34;29;35;37;43;31;30;28;23;25;22;20;24;24;25
BAO;41868;11IZ;8;6;8;8;10;9;8;11;11;11;13;12;12;12;12
BAO;41868;11UN;14;11;12;14;12;13;12;11;10;13;11;11;11;11;10
BAO;41868;18MM;19;19;19;16;13;10;11;12;14;16;14;13;15;15;16
BAO;41868;18NW;34;35;35;33;29;28;27;26;28;26;24;26;25;21;21
BAO;41868;18PE;9;8;9;9;13;10;11;9;9;9;10;8;10;8;8
BAO;41868;19IV;15;12;13;13;14;14;12;14;14;16;15;13;12;11;11
BAO;41868;19KK;7;8;8;8;11;10;8;8;7;7;7;8;6;6;7
BAO;41869;06BB;23;25;23;23;23;20;21;28;29;31;28;28;27;22;26
BAO;41869;11SJ;22;24;23;24;24;25;24;23;22;22;23;25;24;24;21
BAO;41869;12LV;27;24;29;30;30;28;30;30;27;29;27;28;27;23;23
BAO;41869;18EJ;27;33;31;31;35;36;37;45;48;47;50;49;20;20;17
BAO;41869;18GP;15;15;15;13;13;14;13;15;20;18;20;21;27;28;30
BAO;41869;18GZ;35;31;28;27;24;24;22;21;22;19;20;24;22;21;18
BAO;41869;21PP;16;17;18;15;17;15;14;14;15;14;14;13;13;12;13
BAO;41869;23PD;48;45;41;43;48;43;49;54;58;58;61;65;65;65;70
BAO;41869;24BE;38;36;37;37;38;39;38;36;35;37;34;33;35;30;32
BAO;41869;31WN;0;0;0;0;0;0;0;0;0;0;0;0;35;38;35
BAO;41871;04IB;12;11;11;12;12;13;13;17;16;15;17;16;12;16;11
BAO;41871;12HZ;15;16;13;18;20;22;23;25;28;28;31;34;31;32;26
BAO;41871;12QQ;29;26;24;23;22;21;19;18;18;18;22;19;17;18;15
BAO;41871;12XW;10;8;7;9;10;11;10;12;13;12;12;13;15;23;28
BAO;41871;13DR;13;12;14;14;13;17;16;21;21;22;23;19;22;26;26
BAO;41873;30BD;8;10;0;0;0;0;0;0;0;0;0;0;0;0;0
BAO;41876;10CS;16;19;18;18;17;16;16;16;16;18;20;20;23;23;22
BAO;41876;12EA;71;64;63;64;57;49;49;50;40;40;44;45;38;22;19
BAO;41876;13AQ;32;34;31;33;33;35;33;29;26;25;25;30;32;33;29
BAO;41876;13UD;34;33;31;35;37;33;31;29;29;29;27;29;32;27;27
BAO;41876;13XN;37;34;30;30;30;28;24;21;21;20;22;24;25;23;18
BAO;41876;27RL;22;24;22;23;23;20;21;17;18;16;22;22;21;19;18
BAO;41878;09ZZ;19;15;10;13;9;11;14;15;15;16;16;16;10;10;10
BAO;41878;12NE;7;6;5;6;8;7;6;10;7;7;6;7;8;9;9
BAO;41878;12VF;10;9;7;10;9;10;11;11;11;11;13;13;10;11;10
BAO;41878;13BE;13;12;13;12;12;12;13;14;13;13;16;18;20;17;17
BAO;41878;18GU;14;13;15;15;14;12;14;14;14;13;14;14;15;15;18
BAO;41878;18HS;14;13;15;17;18;17;19;19;24;20;22;23;24;24;28
BAO;41878;18IP;11;12;14;13;13;11;11;10;10;10;10;11;10;9;9
BAO;41884;04LD;75;45;37;39;40;43;47;52;51;55;58;64;56;60;56
BAO;41884;30TF;0;42;46;43;45;44;46;47;51;52;56;57;58;56;60
BAO;41886;08VY;23;22;24;20;17;15;17;16;16;15;16;15;13;15;19
BAO;41886;09UA;45;41;38;33;33;31;30;34;31;31;40;38;39;32;32
BAO;41886;10SX;30;30;32;35;39;39;42;41;39;35;40;36;34;29;27
BAO;41886;11CO;20;19;16;13;18;20;18;19;16;17;18;16;14;24;24
BAO;41886;11HD;29;26;28;25;23;25;28;30;30;35;39;40;35;23;23
BAO;41886;11PE;11;9;13;13;12;12;10;12;15;17;18;19;21;21;23
BAO;41886;11SX;16;17;17;18;18;19;19;21;20;19;21;20;18;20;21
BAO;41886;12MF;14;13;13;12;13;23;22;22;18;19;19;28;31;15;17
BAO;41886;18HI;26;23;22;25;24;21;24;27;25;27;28;25;28;27;30
BAO;41886;32EL;0;0;0;0;0;0;0;0;0;0;0;0;0;12;13
BAO;41891;27CD;31;30;31;32;32;35;36;36;42;42;42;45;45;44;42
BAO;41895;08HC;7;0;0;0;0;0;0;0;0;0;0;0;0;0;0
BAO;41895;09HG;8;7;17;18;19;20;22;22;9;10;10;10;8;8;10
BAO;41895;10RY;18;16;17;10;11;10;8;9;10;9;9;10;9;9;7
BAO;41895;10UN;25;22;22;21;18;17;16;17;19;17;21;21;17;17;19
BAO;41895;11GK;6;8;7;6;8;8;7;7;9;8;8;7;8;8;9
BAO;41895;12CO;13;13;16;11;11;12;10;11;12;12;12;14;11;11;12
BAO;41895;12TS;33;27;28;26;25;25;26;31;31;28;29;27;23;26;26
BAO;41895;18IJ;10;9;10;10;10;10;10;10;11;9;12;10;11;8;9
BAO;41895;18KF;18;18;16;17;15;16;14;15;15;13;17;18;17;17;17
BAO;41895;18KU;13;13;13;13;16;12;11;10;13;12;15;12;14;14;13
BAO;41895;18NN;25;21;24;22;21;20;18;19;24;23;24;21;19;20;19
BAO;41898;09CP;16;14;17;16;17;19;17;12;14;16;16;17;15;16;16
BAO;41898;09YU;34;29;31;31;32;34;34;36;35;34;41;42;42;48;45
BAO;41898;11FM;20;19;19;19;21;22;19;19;18;19;20;21;21;21;24
BAO;41899;08EZ;17;16;20;22;23;12;16;17;16;17;13;11;11;9;10
BAO;41899;09FC;10;10;12;11;11;11;11;17;14;14;14;16;14;14;14
BAO;41899;09HW;8;7;8;8;10;10;9;11;9;8;10;9;9;7;7
BAO;41899;10AB;23;24;26;28;25;31;30;29;28;31;28;26;25;20;19
BAO;41899;10DK;10;10;9;10;11;12;11;12;14;15;13;13;12;11;12
BAO;41899;10SG;15;14;15;15;17;18;15;17;17;17;21;21;20;13;14
BAO;41899;10VA;26;25;26;23;26;26;27;28;29;28;29;29;29;26;30
BAO;41899;11AK;18;19;11;9;9;12;12;12;13;13;13;13;17;8;10
BAO;41899;11GR;13;11;11;11;12;11;14;16;16;16;15;14;14;11;13
BAO;41899;11YV;33;33;34;39;41;37;37;34;32;31;31;31;31;25;25
BAO;41899;12HY;13;14;17;19;16;19;16;13;13;13;12;11;11;10;11
BAO;41899;12QP;24;25;28;28;14;16;16;17;14;13;14;14;15;10;13
BAO;41978;04WT;27;27;23;24;22;18;18;22;20;20;20;18;19;21;23
BAO;41978;06EH;25;26;24;26;26;29;29;32;36;36;38;34;34;33;34
BAO;41978;15BV;45;45;40;41;43;40;40;39;40;40;38;35;41;40;38
BAO;41978;15JT;24;24;23;22;23;24;22;23;20;22;22;19;21;21;21
BAO;41978;18YZ;20;21;22;21;19;21;19;21;23;24;22;23;20;20;20
BAO;41978;18ZO;9;11;10;12;13;13;13;19;18;17;19;17;15;16;18
BAO;42122;19RJ;31;33;33;33;35;33;33;37;35;34;37;33;32;33;34
BAO;42122;19TB;17;16;17;18;18;18;22;27;29;31;31;34;28;31;32
BAO;42122;19UE;22;22;24;23;26;26;30;28;31;30;30;30;24;29;29
BAO;42122;19VI;23;23;22;23;24;22;20;23;25;25;27;32;25;28;27
BAO;42122;19VR;24;23;24;28;30;31;28;26;28;28;29;27;22;25;26
BAO;42148;04ZG;20;18;27;24;22;21;21;24;30;24;25;32;38;36;32
BAO;42148;06KE;51;45;44;36;36;34;31;34;34;32;36;39;37;34;36
BAO;42148;06YQ;14;12;10;11;13;10;11;15;14;15;14;14;14;14;14
BAO;42148;07NF;34;32;33;32;28;25;24;26;27;31;33;31;31;30;32
BAO;42148;09LM;49;45;42;37;37;35;37;39;41;41;44;41;34;34;32
BAO;42148;09MU;30;34;31;32;20;22;23;25;27;27;29;31;28;29;31
BAO;42148;11LP;16;17;13;12;24;27;28;32;35;35;41;43;34;37;39
BAO;42148;23FG;29;26;30;31;29;28;29;25;24;22;21;23;16;17;17
BAO;42330;03QS;16;16;16;17;18;20;22;25;21;20;27;26;26;24;17
BAO;42486;03RL;39;35;31;31;30;31;37;53;57;48;41;45;46;51;67
BAO;42486;03RW;12;14;12;15;14;15;14;11;10;11;11;11;9;10;10
BAO;42486;05DC;23;23;23;20;20;21;17;17;17;16;16;18;15;17;17
BAO;42486;05DO;15;16;13;13;15;12;14;12;13;13;13;13;9;11;11
BAO;42486;05DP;20;20;19;17;17;16;15;15;15;17;15;15;13;14;14
BAO;42486;05HO;18;18;15;16;16;18;17;14;13;13;13;15;12;14;15
BAO;42486;05ON;16;16;14;15;17;18;20;30;29;38;35;39;50;53;32
BAO;42486;06BC;22;22;22;24;21;19;19;17;17;19;21;20;21;19;21
BAO;42486;06KG;22;19;17;16;14;12;16;15;15;10;10;16;10;10;12
BAO;42486;06PF;13;13;16;14;14;14;13;13;16;14;14;15;16;18;20
BAO;42486;06YI;9;9;11;12;10;10;15;10;9;8;10;8;6;7;8
BAO;42486;07QP;12;11;8;6;12;12;12;13;11;10;11;13;12;10;12
BAO;42486;07VC;42;44;38;36;33;33;32;31;32;28;30;29;30;29;25
BAO;42486;08MN;14;14;15;15;17;16;15;16;16;14;13;15;14;16;14
BAO;42486;09AA;34;31;29;25;26;27;25;24;25;23;23;23;20;21;21
BAO;42486;09LN;19;22;21;21;18;20;20;20;22;19;16;18;17;17;18
BAO;42486;09XD;11;12;10;9;11;11;13;12;14;14;15;19;15;16;17
BAO;42504;11HV;22;21;22;22;24;22;19;18;25;21;19;20;21;21;20
BAO;42504;12MR;50;47;47;48;49;45;47;51;54;50;54;52;58;57;51
BAO;42504;14MM;23;27;30;35;36;35;36;41;39;37;36;39;39;37;35
BAO;42504;15IC;20;18;19;20;20;16;17;17;14;17;15;15;12;16;17
BAO;42504;15KV;50;51;50;48;50;50;50;49;47;44;45;49;52;50;47
BAO;42504;15NJ;44;43;46;43;43;46;46;49;57;58;63;66;64;61;59
BAO;42504;15PX;30;28;25;26;27;24;24;22;21;18;21;24;21;30;30
BAO;42504;15SH;18;18;17;16;18;20;19;19;17;15;16;16;16;16;15
BAO;42504;15UO;23;23;25;25;29;32;30;30;34;33;33;32;28;28;27
BAO;42504;15WV;26;27;28;28;27;26;25;24;25;25;28;29;31;30;29
BAO;42504;15YY;18;17;17;17;17;21;20;22;23;22;24;26;30;32;30
BAO;42504;16AU;63;66;69;70;72;74;71;69;70;66;64;64;58;58;52
BAO;42504;21QE;30;29;30;30;31;31;31;31;32;37;36;38;37;41;38
BAO;42504;22KG;25;23;21;26;22;23;22;22;21;24;27;29;29;30;27
BAO;42510;16NF;41;36;26;24;19;0;0;0;0;0;0;0;0;0;0
BAO;42510;16UG;44;30;25;23;26;26;29;29;36;0;37;37;43;41;42
BAO;42510;17AH;151;129;50;42;37;37;33;27;32;0;30;28;26;26;25
BAO;42510;17BW;61;52;46;43;45;40;40;43;44;0;48;46;47;52;53
BAO;42510;17CY;21;20;22;16;16;15;17;18;22;0;42;42;41;38;38
BAO;42510;17DI;58;45;39;36;34;32;34;33;34;0;35;36;35;36;34
BAO;42510;17EC;58;53;51;47;48;50;60;64;66;0;62;57;47;43;36
BAO;42510;17EW;35;26;22;21;20;17;18;19;18;0;23;24;21;24;24
BAO;42510;17FG;43;46;48;41;44;41;38;42;38;0;34;35;36;31;26
BAO;42510;17JG;73;61;63;67;63;64;72;67;69;0;49;52;58;54;53
BAO;42510;17MF;40;33;33;30;31;30;29;30;23;0;17;17;17;16;16
BAO;42510;17NI;56;34;35;27;30;29;29;34;35;0;38;42;38;40;38
BAO;42510;17NT;51;41;56;36;37;34;38;43;46;0;52;53;49;47;45
BAO;42510;17QQ;43;43;43;43;41;34;35;29;28;0;22;25;24;23;20
BAO;42510;17RS;27;27;22;22;21;15;18;18;21;0;16;15;15;15;14
BAO;42510;17SR;68;53;65;36;37;35;32;30;34;0;34;31;30;32;33
BAO;42510;30FZ;7;13;16;17;18;25;28;29;30;0;36;36;38;34;31
BAO;42510;30UY;0;0;37;33;28;24;23;28;27;0;24;20;22;20;20
BAO;42510;30VA;0;0;30;28;32;29;29;28;26;0;28;29;26;26;26
BAO;42510;31TP;0;0;0;0;0;0;0;0;0;0;16;18;26;31;34
BAO;42514;15KX;17;17;16;18;19;19;34;39;35;32;30;34;36;25;22
BAO;42514;15UP;37;33;30;24;27;26;25;29;32;28;26;27;29;25;28
BAO;42514;15WW;23;22;19;17;17;14;14;14;15;15;19;18;16;14;17
BAO;42514;16HU;48;44;43;41;41;41;40;35;41;39;46;40;44;40;43
BAO;42514;16KJ;20;21;18;18;20;24;25;31;32;28;30;30;34;33;39
BAO;42514;16LI;17;15;14;16;14;16;17;14;11;13;10;9;9;14;15
BAO;42514;16UJ;28;30;26;26;25;28;22;22;22;20;20;19;19;20;18
BAO;42514;16WU;40;55;47;52;53;57;55;67;65;64;67;59;60;52;61
BAO;42514;16XY;57;44;43;42;37;38;40;43;43;43;47;44;42;41;45
BAO;42514;23JH;24;23;21;21;17;17;19;21;20;18;22;20;20;23;22
BAO;42524;09UL;24;27;30;30;32;33;35;35;35;39;42;47;49;49;45
BAO;42538;07RQ;15;17;15;21;21;25;26;32;34;30;35;31;17;28;25
BAO;42538;09VZ;28;24;22;22;22;22;22;22;21;27;28;24;10;27;24
BAO;42538;11DZ;11;10;9;9;7;7;8;8;7;7;9;8;6;10;10
BAO;42538;21QT;9;11;9;12;12;11;11;11;12;12;15;15;9;13;13
BAO;42538;22KC;35;35;28;27;26;26;24;23;22;23;27;21;14;23;25
BAO;42538;23TL;32;31;27;26;26;27;28;29;30;30;30;30;17;28;26
BAO;42540;03JW;30;17;17;18;17;17;38;55;13;13;14;21;17;17;15
BAO;42540;04TL;13;13;12;13;12;5;9;11;12;7;10;9;8;7;8
BAO;42540;05PX;11;9;9;7;10;13;10;10;9;9;12;11;12;12;12
BAO;42540;05RS;6;6;7;6;5;7;6;10;12;13;11;16;14;10;10
BAO;42540;05RY;29;28;26;25;26;22;20;25;27;27;27;30;19;20;18
BAO;42540;06GL;16;15;18;18;16;16;15;19;20;17;16;19;18;15;19
BAO;42540;07YA;8;7;7;7;7;8;11;14;13;13;16;14;9;11;13
BAO;42540;08KJ;24;24;25;26;25;29;25;24;25;28;28;27;23;21;22
BAO;42540;12AV;33;28;32;28;25;25;23;31;32;36;37;35;35;31;35
BAO;42540;14ZZ;16;11;13;14;12;12;11;15;15;16;14;14;12;13;12
BAO;42540;17JL;11;8;9;7;7;10;10;10;12;13;14;16;15;14;12
BAO;42540;17LQ;14;11;12;12;12;13;15;15;18;20;20;19;16;19;17
BAO;42540;17MI;13;14;14;12;14;15;0;22;23;19;22;24;19;21;20
BAO;42540;17MX;38;18;16;18;16;19;21;23;22;25;24;20;19;19;19
BAO;42540;30PW;0;23;26;27;30;36;33;38;38;44;42;41;38;35;39
BAO;42541;03YZ;14;14;17;17;17;16;16;15;17;20;20;19;19;19;18
BAO;42541;06LA;34;38;42;45;45;46;44;44;45;49;49;53;51;55;53
BAO;42542;11AQ;32;35;36;38;36;39;38;37;36;38;41;46;46;41;38
BAO;42545;03GT;16;13;14;13;11;11;12;16;12;13;15;13;12;13;11
BAO;42545;03IB;30;20;22;19;18;19;15;19;18;19;15;8;10;8;8
BAO;42545;04KN;23;24;24;25;23;26;26;15;16;15;14;14;14;15;15
BAO;42545;04TB;10;9;9;9;9;9;11;11;11;10;10;11;11;10;8
BAO;42545;05LU;25;20;20;19;23;15;14;17;16;21;20;18;25;14;13
BAO;42545;05PD;27;23;24;27;28;22;24;23;21;24;24;21;12;15;17
BAO;42545;05RX;14;15;15;15;16;17;13;13;14;15;15;12;11;11;10
BAO;42545;05UY;35;31;28;26;26;23;21;26;25;26;28;21;22;20;18
BAO;42545;05XI;16;15;16;14;15;9;10;12;11;11;11;10;11;9;8
BAO;42545;06JW;16;14;14;16;12;12;13;14;13;12;12;13;12;13;11
BAO;42545;07HP;18;17;17;17;17;19;20;16;16;14;13;13;12;12;10
BAO;42545;07HX;19;20;22;23;16;15;18;12;14;15;14;17;13;12;10
BAO;42545;07IJ;15;15;16;14;13;14;12;13;15;14;12;14;14;15;13
BAO;42545;09CH;9;11;9;11;9;9;10;11;12;12;12;12;12;13;10
BAO;42545;09NO;19;17;17;15;15;15;21;17;16;19;18;19;20;19;15
BAO;42545;09OA;54;25;25;23;18;16;17;18;16;15;16;16;15;18;16
BAO;42545;10HZ;34;25;29;33;33;28;29;31;33;34;34;34;37;36;33
BAO;42545;10RE;28;23;24;26;24;23;25;24;25;27;29;28;30;32;26
BAO;42545;12TL;16;18;17;15;15;13;13;14;16;16;20;19;19;23;18
BAO;42545;12ZX;24;22;22;20;22;23;25;27;25;26;25;23;22;26;23
BAO;42545;13KW;43;40;41;38;37;42;43;45;44;44;42;45;39;37;37
BAO;42552;15PG;21;21;20;22;20;19;16;17;20;20;25;26;26;29;33
BAO;42552;15WK;23;27;25;22;23;24;20;18;18;20;20;19;19;21;22
BAO;42552;16AK;18;18;19;17;16;18;21;19;22;20;20;28;17;22;18
BAO;42552;16CA;19;18;16;19;19;15;14;19;22;21;23;21;24;18;24
BAO;42552;16DM;29;29;29;29;25;21;22;19;20;19;22;20;20;23;23
BAO;42552;16GB;42;42;37;40;40;36;43;43;40;42;42;40;36;34;35
BAO;42552;16HL;15;16;15;16;17;17;17;19;18;18;19;19;16;19;17
BAO;42552;16IV;31;33;28;26;28;26;25;25;31;32;33;39;32;31;30
BAO;42552;16KA;14;15;14;14;13;14;12;13;16;13;12;15;16;15;19
BAO;42552;16MD;34;42;37;36;33;34;25;26;25;24;26;27;24;23;23
BAO;42552;16NB;52;53;44;47;40;42;39;46;50;56;61;69;38;38;35
BAO;42552;16NU;16;17;17;17;16;15;18;18;22;23;25;25;22;18;21
BAO;42552;16UD;15;15;12;12;13;11;13;13;16;19;18;17;17;21;23
BAO;42552;16XS;29;31;29;33;32;31;30;27;27;25;24;22;25;26;27
BAO;42552;16YM;13;12;12;11;10;14;19;19;17;17;19;20;18;21;26
BAO;42552;16ZC;15;16;13;11;15;27;21;26;26;29;31;35;39;47;44
BAO;42552;16ZS;21;20;19;20;22;20;20;21;22;19;20;20;19;21;19
BAO;42552;31WE;0;0;0;0;0;0;0;0;0;0;0;0;32;33;34
BAO;42552;32FC;0;0;0;0;0;0;0;0;0;0;0;0;0;8;0
BAO;42553;20SH;24;25;22;24;24;18;19;20;23;21;22;37;33;37;27
BAO;42553;20XY;16;16;16;15;15;16;16;17;19;19;19;19;17;14;16
BAO;42553;20ZB;40;39;32;37;39;26;24;29;25;22;26;30;27;30;32
BAO;42553;20ZD;37;39;39;33;26;26;24;22;20;17;23;20;20;18;22
BAO;42553;20ZE;64;66;64;63;60;58;58;59;51;53;54;57;51;40;42
BAO;42553;20ZR;38;40;42;44;45;47;53;59;61;65;72;36;23;34;33
BAO;42553;20ZT;14;14;18;17;14;14;15;16;16;17;19;39;26;40;46
BAO;42553;20ZV;38;39;38;38;41;36;36;43;43;44;50;51;35;51;52
BAO;42553;20ZW;29;26;23;22;20;20;22;23;20;19;18;12;13;15;17
BAO;42553;20ZX;16;14;14;16;16;15;17;16;12;11;12;0;0;0;0
BAO;42553;21AH;36;36;30;33;32;33;30;32;29;26;32;35;31;35;35
BAO;42553;21AI;26;28;29;28;24;21;21;20;21;19;18;17;15;13;16
BAO;42553;28DD;17;19;22;23;28;28;32;36;32;39;44;36;32;45;40
BAO;42553;30FG;6;13;14;20;21;22;24;19;25;28;34;37;31;37;34
BAO;42553;31VC;0;0;0;0;0;0;0;0;0;0;0;14;15;18;20
BAO;42554;12LU;32;31;25;21;20;23;0;22;24;26;27;25;23;29;28
BAO;42554;12TV;8;7;8;10;9;8;0;10;9;10;10;8;8;5;5
BAO;42554;13LA;9;9;9;10;8;10;0;9;9;8;7;6;9;9;9
BAO;42554;13XE;10;8;8;8;8;9;0;9;9;10;8;7;8;8;8
BAO;42554;14AL;14;12;11;14;13;12;0;14;11;13;16;18;16;15;16
BAO;42554;18TP;13;12;10;11;13;13;0;12;12;10;10;11;11;10;10
BAO;42554;18UV;10;11;9;10;9;10;0;9;10;9;9;10;11;9;9
BAO;42554;18VZ;8;9;7;7;8;7;0;10;7;6;9;9;8;9;10
BAO;42554;18WH;25;23;17;17;19;17;0;16;16;15;16;18;14;15;16
BAO;42554;18WQ;10;7;7;6;6;7;0;11;11;10;11;10;11;9;10
BAO;42557;11IR;12;13;12;8;6;9;7;9;9;11;9;9;11;11;12
BAO;42557;12UZ;39;39;38;35;33;34;34;44;46;50;48;45;47;50;61
BAO;42557;13AZ;18;21;23;18;24;27;22;25;28;30;34;33;32;35;32
BAO;42557;13GQ;21;24;25;26;21;24;24;25;26;26;22;26;27;25;31
BAO;42557;13UL;20;19;20;19;18;20;20;19;24;25;22;18;21;19;21
BAO;42557;13XW;30;29;29;22;26;26;27;31;33;36;33;31;26;28;28
BAO;42557;18NA;9;10;10;10;8;8;9;9;8;10;9;7;9;9;8
BAO;42557;22KM;10;10;11;9;13;15;15;18;15;16;16;15;13;15;21
BAO;42559;05OQ;17;17;17;24;23;22;23;22;23;28;27;30;25;24;21
BAO;42559;05QH;19;18;21;20;18;18;18;19;20;22;23;23;20;23;24
BAO;42559;07YP;20;20;22;24;22;22;21;22;22;25;27;29;21;27;27
BAO;42561;10RS;18;21;27;26;24;28;28;31;35;36;31;27;32;32;29
BAO;42561;11GC;14;14;10;9;10;11;10;11;14;13;14;13;14;15;13
BAO;42561;11RW;15;13;12;12;10;11;10;10;10;10;10;12;11;13;13
BAO;42561;12CJ;30;26;21;23;21;23;26;27;27;23;28;25;24;23;20
BAO;42561;12LL;17;17;13;13;12;12;10;10;12;13;14;12;12;12;14
BAO;42561;13UR;46;46;38;33;29;33;29;31;27;24;26;23;24;18;22
BAO;42561;14BL;14;15;14;14;12;13;20;15;20;19;22;30;25;25;28
BAO;42561;14HE;23;20;21;22;21;22;22;23;21;21;20;21;17;16;18
BAO;42561;14MH;10;10;6;6;6;9;8;9;8;8;10;8;9;0;0
BAO;42561;14YB;15;15;16;13;13;17;19;21;17;15;14;15;15;13;13
BAO;42562;19KI;44;43;41;41;43;47;45;49;48;49;44;48;50;49;52
BAO;42562;19MA;14;14;15;15;14;16;22;24;25;26;27;26;25;24;24
BAO;42562;27XB;29;33;37;40;44;46;52;55;64;64;63;65;64;62;59
BAO;42564;03QY;40;40;41;41;39;38;37;38;39;38;38;38;40;41;43
BAO;42567;04HS;19;17;15;14;12;21;23;28;32;27;26;28;24;15;13
BAO;42567;09DW;20;20;20;19;20;19;19;19;17;14;14;14;15;13;11
BAO;42567;09ZU;16;14;13;12;13;13;15;18;17;19;16;16;16;25;27
BAO;42567;18FF;11;11;11;9;10;10;9;10;9;9;11;11;9;12;10
BAO;42567;23DF;25;27;28;29;27;25;24;27;25;27;27;26;22;30;25
BAO;42570;06ES;9;11;13;15;19;17;17;17;19;18;20;20;19;16;14
BAO;42570;06ET;19;20;24;26;23;22;22;23;22;22;20;22;22;19;18
BAO;42570;07PE;11;12;15;14;13;12;12;12;15;14;15;16;17;13;14
BAO;42570;07XH;17;19;21;23;29;24;28;28;29;28;29;29;27;23;24
BAO;42579;30KD;*;7;13;20;27;29;30;30;32;35;43;42;46;47;48
BAO;42581;30KH;5;7;7;6;0;0;0;0;0;0;0;0;0;0;0
BAO;42587;05NF;8;0;0;0;0;0;0;0;0;0;0;0;0;0;0
BAO;42587;05NO;21;20;20;19;18;18;17;24;23;33;36;35;13;13;18
BAO;42587;10QL;36;32;28;32;29;31;29;27;22;23;21;23;23;19;21
BAO;42587;11CT;27;27;26;17;18;16;16;15;10;14;14;14;16;17;14
BAO;42587;11FA;18;17;19;19;20;20;22;25;25;25;23;26;28;27;35
BAO;42587;11PJ;17;22;22;21;22;19;20;18;19;21;21;23;25;22;20
BAO;42587;12AM;30;28;32;32;31;31;32;32;28;26;26;27;23;20;17
BAO;42587;12JT;14;13;15;15;14;12;13;12;18;16;19;22;22;21;24
BAO;42587;12YY;24;25;26;26;23;23;22;25;29;30;33;35;36;32;35
BAO;42587;13KG;17;17;17;15;15;13;13;16;22;22;27;27;35;38;39
BAO;42587;23PT;35;34;37;31;33;29;31;28;29;26;29;28;27;24;24
BAO;42587;23PU;10;11;13;14;12;15;18;20;24;22;23;19;19;19;16
BAO;42587;30JU;24;23;27;27;25;26;26;26;27;35;36;30;28;27;31
BAO;42594;14KG;0;38;38;38;37;35;34;33;33;36;41;46;0;48;50
BAO;42596;07XY;21;20;18;16;16;14;15;16;18;19;19;20;16;18;16
BAO;42596;11CK;15;16;15;16;17;20;20;19;22;24;27;28;25;26;19
BAO;42596;12AF;27;26;24;23;24;24;24;24;22;24;24;23;22;25;22
BAO;42596;16WI;31;33;35;34;31;29;28;34;36;39;39;41;38;35;35
BAO;42596;21NK;30;29;28;30;30;32;30;31;29;28;33;34;30;32;29
BAO;42604;04IZ;16;14;14;15;14;14;14;14;7;0;0;0;0;0;0
BAO;42607;00CS;10;11;13;12;10;13;13;11;13;12;12;12;12;9;12
BAO;42607;01WQ;11;12;11;9;12;14;13;12;16;15;16;14;13;13;10
BAO;42607;03HO;12;13;16;14;14;13;14;13;14;14;14;14;15;14;17
BAO;42607;03HR;29;33;28;29;30;26;27;30;29;28;29;29;29;23;24
BAO;42607;03HS;14;11;11;11;12;13;12;12;12;15;13;13;14;11;11
BAO;42607;03KR;26;26;27;28;27;28;26;26;17;14;13;15;15;12;12
BAO;42607;04DE;37;26;30;33;30;33;32;34;35;34;37;41;41;36;35
BAO;42607;04WW;20;27;17;21;19;17;23;24;21;20;19;20;17;12;12
BAO;42607;05LB;17;13;13;15;13;14;13;15;18;18;23;23;20;20;20
BAO;42607;05OZ;9;11;13;11;14;13;13;13;12;12;10;10;12;10;10
BAO;42607;05SZ;17;14;14;14;15;13;12;13;13;12;12;13;13;10;11
BAO;42607;06EB;11;14;13;11;15;13;11;14;14;15;17;16;14;13;15
BAO;42607;06EC;16;18;18;18;20;20;24;26;27;26;25;22;19;17;18
BAO;42607;06EK;18;17;17;19;18;17;17;16;16;18;17;18;18;15;13
BAO;42607;06EN;13;10;10;10;11;11;12;12;14;14;14;14;13;11;9
BAO;42607;06EO;30;23;23;25;28;26;24;22;25;25;21;23;26;18;22
BAO;42607;06EY;10;9;9;9;9;11;11;14;13;14;15;15;13;8;15
BAO;42607;06HJ;23;20;20;13;13;11;10;11;11;10;11;11;13;13;10
BAO;42607;06JE;18;13;12;13;12;12;11;13;14;14;13;13;12;8;10
BAO;42607;06NB;12;12;12;12;12;14;15;14;17;17;15;19;14;13;10
BAO;42607;06SE;13;14;14;13;15;17;14;12;14;12;13;12;12;12;11
BAO;42607;07KK;12;11;11;12;12;11;11;0;15;15;14;15;18;18;17
BAO;42607;08JH;57;54;56;59;59;63;73;75;89;53;56;57;53;45;49
BAO;42607;09JG;19;18;17;19;20;22;21;24;20;20;19;18;17;17;20
BAO;42607;09JJ;39;27;27;30;31;31;29;29;31;82;79;77;78;73;76
BAO;42607;14ZB;24;26;25;20;19;20;22;22;22;21;25;24;23;23;21
BAO;42607;21NI;15;15;14;17;15;14;14;15;16;16;13;13;16;12;12
BAO;42607;22LV;14;14;14;15;15;13;12;12;14;15;17;17;18;15;12
BAO;42607;29XN;43;39;39;37;37;42;34;32;33;36;34;31;28;29;25
BAO;42610;03CT;10;9;10;11;11;11;13;15;21;17;17;17;15;15;15
BAO;42610;04GK;13;17;14;16;16;14;14;14;15;15;15;17;15;15;15
BAO;42610;05ZQ;19;22;16;16;14;15;12;12;13;12;10;11;12;11;11
BAO;42610;14EX;28;29;24;22;23;25;28;30;37;39;31;34;38;36;35
BAO;42610;14IP;29;31;29;27;29;32;29;33;32;36;35;38;35;37;38
BAO;42610;14MT;28;29;28;25;26;28;29;30;39;38;35;36;25;26;31
BAO;42610;15AU;28;24;21;26;25;26;25;27;30;26;27;25;27;27;27
BAO;42610;15IH;23;22;21;19;20;19;15;15;16;16;18;18;15;18;21
BAO;42610;15JI;32;34;34;31;25;24;20;24;29;27;27;27;28;26;23
BAO;42610;15LA;21;20;21;18;18;15;14;14;16;18;32;42;49;51;53
BAO;42610;15TF;20;20;21;20;21;22;20;19;20;20;19;20;31;29;29
BAO;42610;15VN;29;31;26;26;23;25;26;26;29;29;29;30;18;20;20
BAO;42610;18GB;12;10;10;10;9;8;9;10;10;12;10;11;10;10;10
BAO;42610;21LW;17;16;15;14;14;16;17;18;16;16;16;19;27;29;26
BAO;42616;04TU;38;40;41;37;35;35;34;31;28;27;26;23;21;83;82
BAO;42616;05CP;12;16;18;16;16;18;18;19;18;19;22;20;20;20;17
BAO;42616;05EF;21;25;24;25;26;29;32;32;36;36;36;34;34;34;32
BAO;42616;05EG;12;12;13;15;15;15;16;16;16;16;21;21;19;20;21
BAO;42616;05JW;6;9;8;9;8;10;10;10;14;13;12;12;11;11;9
BAO;42616;05QJ;12;9;10;9;12;14;17;17;13;17;22;20;14;16;15
BAO;42616;06HV;18;20;17;19;17;15;15;13;15;16;16;16;13;14;14
BAO;42616;06KK;11;13;13;14;12;11;11;13;15;15;16;16;14;19;20
BAO;42616;06PP;9;11;13;12;12;14;14;15;14;15;17;15;15;16;18
BAO;42616;07IY;20;19;19;17;17;17;15;15;15;12;13;12;0;15;14
BAO;42616;07SQ;10;14;15;16;16;17;19;18;17;18;19;17;17;17;18
BAO;42616;07SY;17;19;19;19;19;19;19;19;20;20;24;23;20;20;21
BAO;42616;08UW;15;16;16;16;17;16;17;15;15;10;12;9;10;13;12
BAO;42616;08ZC;15;16;18;18;18;22;17;17;19;19;21;22;19;19;21
BAO;42616;10XB;20;20;20;20;21;22;20;19;19;19;23;20;21;21;19
BAO;42616;11WI;19;19;20;21;18;18;17;17;17;19;21;24;21;20;19
BAO;42616;12FW;20;22;19;15;17;22;21;28;37;38;39;37;45;20;21
BAO;42616;12OX;18;17;16;14;11;15;13;13;13;13;13;12;8;10;10
BAO;42616;14ZA;5;9;9;7;6;10;12;11;11;13;12;15;13;14;12
BAO;42616;20FG;16;15;16;14;17;13;11;12;10;11;11;12;11;10;10
BAO;42619;30RP;0;*;9;13;14;0;0;0;0;0;0;0;0;0;0
BAO;42623;04GE;16;12;13;12;11;7;0;0;0;0;0;0;0;0;0
BAO;42623;08HA;19;19;17;21;21;19;25;22;24;25;26;26;25;33;33
BAO;42623;09EG;11;9;9;9;8;*;*;*;*;*;9;8;8;13;14
BAO;42623;09RA;13;16;16;17;16;14;13;11;10;9;9;14;12;14;16
BAO;42623;10AD;15;15;17;17;16;17;16;17;16;16;15;16;12;17;16
BAO;42623;11AM;22;23;22;22;23;25;26;27;24;25;25;26;23;35;45
BAO;42623;12CX;9;9;8;8;10;8;10;14;14;12;15;14;15;23;26
BAO;42623;12LZ;14;14;13;10;10;10;11;12;16;16;18;18;18;26;29
BAO;42623;14XR;31;31;32;41;60;62;59;66;69;79;64;75;79;97;99
BAO;42623;15EG;14;14;14;15;12;8;5;0;0;0;0;0;0;0;0
BAO;42623;15HQ;12;14;17;15;14;14;14;13;14;15;16;34;29;16;15
BAO;42623;15UF;19;17;17;18;19;10;9;10;11;12;12;17;16;29;27
BAO;42623;15YR;29;23;23;23;23;21;20;22;23;23;23;24;19;28;29
BAO;42623;16AP;16;14;15;15;15;12;14;13;12;12;15;14;13;12;12
BAO;42623;16CF;19;20;21;22;20;21;23;23;24;26;32;29;25;35;36
BAO;42623;16GH;10;11;12;14;15;9;9;0;0;0;0;0;0;0;0
BAO;42623;16KE;26;22;25;25;24;23;23;26;28;29;32;34;31;41;46
BAO;42623;16LE;13;14;14;14;13;9;11;12;13;14;15;15;15;14;14
BAO;42623;16MI;19;17;16;17;19;14;16;17;17;17;19;18;16;18;19
BAO;42623;18JL;16;16;16;15;13;13;9;12;10;10;12;13;14;17;18
BAO;42623;22JG;19;19;18;19;21;19;18;20;21;21;23;22;21;40;38
BAO;42623;23TA;21;20;23;21;22;24;22;23;23;26;26;25;22;27;28
BAO;42623;24JC;35;34;31;33;32;29;29;27;30;29;28;28;23;26;24
BAO;42623;26AA;39;38;23;21;23;18;17;20;21;22;18;12;14;15;12
BAO;42623;28BP;19;21;25;27;33;28;29;30;27;25;28;25;24;25;25
BAO;42623;30UN;0;0;22;26;32;34;36;43;47;47;53;53;49;49;55
BAO;42632;04MD;36;34;39;38;38;40;40;46;49;47;54;52;49;54;48
BAO;42632;04OR;39;37;43;40;34;35;41;44;45;52;60;62;44;45;42
BAO;42632;04PW;8;8;8;8;9;12;10;13;10;9;10;11;11;13;14
BAO;42632;04RX;12;13;12;13;14;14;16;14;14;14;13;14;15;15;13
BAO;42632;05MQ;12;10;13;12;12;11;13;10;10;11;12;11;11;15;15
BAO;42632;05QU;17;15;14;12;12;13;11;14;15;15;14;13;12;14;13
BAO;42632;05SB;10;10;10;10;9;10;10;15;18;13;15;15;15;16;14
BAO;42632;05TI;22;23;20;18;22;23;24;22;26;24;25;26;29;27;27
BAO;42632;07AE;15;15;15;15;14;15;16;16;18;17;21;24;30;33;26
BAO;42632;07CB;7;7;8;10;8;10;9;10;14;16;16;16;15;17;17
BAO;42632;07NM;8;8;9;8;8;9;9;11;11;12;11;10;11;12;11
BAO;42632;07NZ;13;12;12;12;14;15;12;14;16;15;15;15;15;20;18
BAO;42632;07YM;14;13;15;13;13;13;14;14;12;11;12;11;10;11;12
BAO;42634;11OA;27;28;22;23;17;18;20;21;18;17;16;20;19;21;23
BAO;42634;12IT;24;21;16;11;13;13;12;12;11;12;11;12;14;16;15
BAO;42634;13JQ;10;9;10;7;7;6;*;5;6;7;6;5;5;7;7
BAO;42634;14YS;12;9;9;9;10;9;8;11;8;8;9;8;9;*;7
BAO;42653;07ZN;13;12;16;10;10;10;11;10;11;10;12;12;13;13;11
BAO;42653;10XE;29;27;25;24;23;23;26;24;25;30;34;32;32;33;25
BAO;42653;11EY;21;20;22;21;20;18;17;20;20;23;24;22;22;20;20
BAO;42653;11JV;19;19;19;23;20;22;23;25;28;29;34;34;34;27;30
BAO;42653;11VK;31;30;27;33;28;21;20;20;21;21;23;21;23;21;18
BAO;42653;12FB;36;36;36;29;31;32;33;37;38;36;40;39;41;35;33
BAO;42653;12FY;25;25;26;25;28;30;33;33;35;36;41;42;41;43;38
BAO;42653;15NS;25;22;21;19;19;21;22;28;30;26;32;31;28;30;29
BAO;42653;15SP;48;45;38;39;39;38;40;40;41;42;46;45;44;39;38
BAO;42653;15UU;18;18;17;16;18;19;19;20;21;18;25;28;30;27;21
BAO;42653;15XC;31;29;27;26;26;27;25;25;23;22;21;19;15;16;14
BAO;42656;04IY;14;14;12;5;5;9;9;13;11;9;10;11;11;9;10
BAO;42656;04KJ;11;11;16;15;10;12;11;12;11;12;11;12;10;13;11
BAO;42656;04KZ;16;13;12;7;7;8;8;10;9;12;10;10;8;10;8
BAO;42656;05LC;14;14;14;15;12;14;16;18;21;20;21;21;21;25;24
BAO;42656;06KL;9;12;14;14;15;16;18;17;19;21;20;17;16;18;18
BAO;42656;06QM;18;21;18;15;17;15;15;16;16;20;17;14;14;15;14
BAO;42656;07IL;10;10;9;11;11;11;11;11;10;11;10;11;12;12;14
BAO;42656;07LV;28;24;22;19;5;*;7;13;12;14;11;12;13;12;15
BAO;42656;07MG;22;20;17;17;21;20;22;22;24;25;24;24;23;20;21
BAO;42656;08PI;25;26;27;25;27;30;24;25;29;26;32;34;27;23;20
BAO;42656;09XZ;25;20;21;22;26;23;25;26;24;25;22;23;22;22;25
BAO;42656;10HA;24;21;23;22;20;21;22;24;23;25;26;27;23;23;24
BAO;42656;10XU;17;14;14;14;13;13;13;14;14;16;17;16;16;15;14
BAO;42656;17XF;39;37;36;26;26;35;33;26;26;28;30;27;28;21;20
BAO;42658;04LG;13;12;12;13;15;13;15;16;17;18;20;11;10;12;10
BAO;42658;04PZ;10;10;10;8;8;9;10;10;12;13;14;14;13;12;14
BAO;42658;05VM;12;12;14;11;10;9;12;12;12;13;12;11;11;11;12
BAO;42658;05YK;19;20;22;22;21;20;21;23;23;23;26;24;23;23;20
BAO;42658;06EQ;12;14;14;16;17;16;16;19;21;20;21;22;27;27;20
BAO;42658;06TP;12;12;13;13;15;17;16;17;17;15;16;14;13;14;14
BAO;42669;00DN;12;10;11;12;12;11;12;12;12;14;18;18;18;18;19
BAO;42669;03JX;31;20;20;21;23;17;18;16;17;19;21;18;18;16;19
BAO;42669;04ZV;28;27;24;20;17;16;16;18;17;18;17;26;20;16;17
BAO;42669;05BB;21;19;17;17;16;19;16;18;16;17;19;19;18;15;17
BAO;42669;05EZ;17;14;13;14;14;14;15;16;18;20;18;22;20;17;17
BAO;42669;05YT;19;19;17;18;17;18;18;20;19;20;21;23;23;19;20
BAO;42669;06GR;32;29;27;23;19;14;19;18;17;19;28;28;28;25;27
BAO;42669;08KN;11;11;12;10;9;8;8;11;9;10;11;12;12;11;11
BAO;42669;08UC;37;37;34;26;22;16;15;17;17;18;19;20;21;21;25
BAO;42669;08UX;27;23;21;20;21;20;22;24;25;24;28;30;28;23;24
BAO;42669;09SF;40;37;37;35;33;34;32;30;30;25;29;33;28;25;24
BAO;42669;10LX;34;31;32;29;36;33;32;30;32;28;33;35;40;31;34
BAO;42669;15DI;19;16;14;15;9;9;9;12;12;12;13;16;15;12;12
BAO;42669;21NU;15;15;16;15;13;14;16;16;14;16;14;15;14;15;18
BAO;42669;23BU;22;19;17;18;18;18;18;19;21;21;21;23;23;22;25
BAO;42669;24EE;16;17;18;16;15;14;16;16;17;25;29;29;28;27;28
BAO;42669;24NK;11;11;11;10;11;10;11;12;12;13;17;19;20;16;18
BAO;42669;24NV;18;17;17;17;18;19;25;31;32;35;39;42;44;32;35
BAO;42674;30XC;0;0;0;5;11;15;16;16;15;15;16;16;14;0;0
BAO;42683;05BF;10;10;8;9;9;8;8;10;10;7;8;8;8;7;7
BAO;42683;06ZV;9;9;9;13;9;10;9;11;9;7;12;11;12;11;13
BAO;42683;07WY;46;47;44;42;42;39;42;48;52;56;61;57;53;49;48
BAO;42683;09LP;38;35;34;38;35;34;35;40;39;38;40;38;40;32;34
BAO;42683;10GP;32;33;34;36;34;36;31;31;35;35;38;38;38;33;35
BAO;42683;10MM;17;19;21;23;21;27;35;36;35;31;38;49;53;60;61
BAO;42683;10XM;30;31;31;36;35;35;35;39;38;38;38;34;31;30;29
BAO;42683;11BW;52;51;50;51;47;49;43;40;45;37;33;32;31;28;26
BAO;42683;11LI;54;51;52;54;49;47;46;44;41;40;40;39;32;24;20
BAO;42683;11ZW;17;18;18;21;21;20;21;18;21;19;21;24;21;20;20
BAO;42683;12RS;13;17;17;16;19;20;19;20;19;16;21;18;17;22;19
BAO;42683;23AL;34;32;29;30;32;36;39;33;36;36;39;40;35;31;31
BAO;42683;23RD;39;43;37;37;35;36;37;37;39;37;37;38;37;56;54
BAO;42683;23RE;18;16;16;13;15;14;17;23;30;27;24;27;28;5;8
BAO;42683;27NT;60;62;73;73;72;72;70;65;62;56;58;53;50;40;40
BAO;42683;27PG;35;40;41;40;42;41;39;36;35;31;32;30;19;15;15
BAO;42684;30XH;0;0;0;0;12;12;0;0;0;0;0;0;0;0;0
BAO;42684;30XJ;0;0;0;0;*;*;0;0;0;0;0;0;0;0;0
BAO;42686;30XK;0;0;0;6;6;12;15;14;0;0;0;0;0;0;0
BAO;42686;31MG;0;0;0;0;0;0;0;0;7;14;17;22;28;25;22
BAO;42686;31VE;0;0;0;0;0;0;0;0;0;0;0;11;18;22;28
BAO;42686;32BD;0;0;0;0;0;0;0;0;0;0;0;0;13;18;22
BAO;42686;32FA;0;0;0;0;0;0;0;0;0;0;0;0;0;9;14
BAO;42702;30FT;6;6;6;7;0;0;0;0;0;0;0;0;0;0;0
BAO;42708;31AE;0;0;0;0;*;7;9;11;7;0;0;0;0;0;0
BAO;42709;10BR;15;15;16;16;17;20;21;23;26;26;25;24;25;28;25
BAO;42709;11HR;29;27;26;24;29;26;27;25;24;23;30;35;37;32;27
BAO;42709;12ID;29;29;26;28;28;29;30;30;30;30;36;37;42;46;45
BAO;42709;13OJ;27;26;24;18;16;16;17;18;18;20;23;26;27;30;28
BAO;42709;13RB;26;26;24;27;23;23;24;24;24;22;29;28;31;32;32
BAO;42709;13SN;23;22;22;24;23;26;33;36;36;33;38;41;39;39;34
BAO;42709;13WB;33;28;26;24;26;26;24;28;28;33;30;37;35;29;27
BAO;42709;13YO;28;25;22;22;20;21;24;27;29;26;32;43;38;34;37
BAO;42709;14BV;25;21;22;21;18;18;19;22;22;25;27;28;33;29;31
BAO;42709;14HR;30;31;27;27;26;29;29;32;35;39;44;48;57;60;64
BAO;42709;14MU;28;25;26;27;26;27;26;27;26;30;34;37;36;40;39
BAO;42709;18GD;20;19;18;18;15;16;16;17;19;20;21;20;22;22;20
BAO;42709;18LQ;15;18;18;17;18;18;16;19;18;17;17;20;20;19;18
BAO;42709;21LX;36;33;27;27;25;24;27;32;36;34;41;46;55;49;45
BAO;42709;26AE;44;40;36;33;31;26;24;26;26;25;30;29;28;28;29
BAO;42709;27YW;21;23;21;21;20;18;21;24;27;28;29;30;30;29;25
BAO;42715;31BR;0;0;0;0;6;14;16;19;23;22;21;23;0;20;21
BAO;42719;14AS;20;19;17;18;18;16;16;18;19;20;19;20;18;18;16
BAO;42719;14GR;12;13;13;15;15;14;17;16;16;18;14;16;13;12;12
BAO;42719;14JI;25;24;26;29;31;29;32;36;34;33;40;34;32;29;31
BAO;42719;14LV;19;20;21;21;27;27;21;23;22;21;21;19;20;19;18
BAO;42719;15EF;17;17;19;20;21;22;21;23;21;23;26;27;24;22;23
BAO;42719;15KJ;20;15;18;17;20;27;25;26;33;35;36;42;40;37;43
BAO;42719;15PM;20;19;16;15;16;19;18;18;19;19;20;19;24;22;18
BAO;42719;21LT;49;50;48;47;41;37;34;32;30;35;30;31;29;28;24
BAO;42719;24MU;27;25;22;23;27;27;26;27;28;31;29;27;24;27;19
BAO;42719;26PN;30;32;30;29;32;34;33;35;35;32;36;35;33;30;30
BAO;42719;27WY;39;42;45;51;47;48;47;43;41;38;32;32;29;30;27
BAO;42724;03HB;27;26;25;27;28;25;26;25;26;27;27;27;28;23;23
BAO;42724;03IA;12;12;12;16;16;18;17;20;17;19;19;20;20;17;19
BAO;42724;04RC;12;11;10;12;12;11;14;18;19;20;21;22;23;22;20
BAO;42724;04VL;16;17;18;18;22;21;20;19;19;19;23;28;26;25;25
BAO;42724;04WQ;12;12;14;12;13;12;13;13;14;15;16;15;13;16;14
BAO;42724;05RT;17;17;19;19;20;18;17;20;22;19;21;24;23;22;23
BAO;42724;05SP;9;10;12;13;14;14;12;13;14;15;14;14;15;18;18
BAO;42724;06EE;24;24;25;30;30;31;32;35;28;28;29;32;31;28;27
BAO;42724;06FJ;9;9;10;12;11;12;12;13;13;13;14;17;17;14;13
BAO;42724;06VJ;23;23;22;21;22;23;23;25;23;21;23;23;24;28;26
BAO;42724;06YK;32;30;33;35;36;35;33;35;42;37;43;49;49;36;45
BAO;42724;07IA;17;17;16;18;17;18;18;19;20;19;20;21;20;18;19
BAO;42724;07LS;40;37;41;38;39;37;40;45;45;43;48;47;51;53;51
BAO;42724;07ZZ;23;23;25;27;30;29;25;28;30;31;29;31;26;26;27
BAO;42724;09JH;19;19;22;21;23;24;25;29;30;34;32;31;31;33;32
BAO;42728;31DF;0;0;0;0;0;11;9;11;12;12;14;17;0;0;18
BAO;42736;31DN;0;0;0;0;0;*;8;15;14;0;0;0;0;0;0
BAO;42744;04ED;17;16;13;12;12;14;12;13;13;13;14;14;14;11;10
BAO;42744;05NA;13;13;9;9;9;10;9;12;13;11;14;16;16;14;14
BAO;42744;05PQ;8;9;6;5;7;7;6;7;8;8;9;7;0;0;0
BAO;42744;05QN;10;12;11;12;11;10;9;10;9;11;14;13;13;12;9
BAO;42744;09BS;33;34;32;34;34;33;40;39;38;40;43;46;41;48;45
BAO;42744;09YI;14;14;12;11;12;14;12;13;13;13;11;13;13;12;15
BAO;42744;12FZ;26;20;19;16;15;14;14;17;17;17;18;21;18;22;21
BAO;42744;12OZ;22;22;19;21;21;22;20;20;24;24;26;26;27;24;25
BAO;42744;12WO;9;9;6;6;5;5;6;9;9;7;7;8;8;6;8
BAO;42751;31FM;0;0;0;0;0;0;6;10;12;11;11;14;0;0;11
BAO;42754;04SX;13;23;28;31;28;32;29;34;11;12;10;10;12;9;9
BAO;42754;05OW;17;17;17;17;17;19;17;19;21;25;25;25;24;27;28
BAO;42754;06PZ;19;20;16;15;17;21;18;16;17;18;17;18;18;17;18
BAO;42754;06QP;16;16;17;16;15;19;18;18;12;12;16;12;13;11;12
BAO;42754;08AB;15;17;14;15;17;17;17;22;19;21;21;15;16;14;15
BAO;42754;08AX;15;15;18;14;8;11;13;13;13;13;15;13;11;12;12
BAO;42754;08OD;20;21;22;21;22;23;26;28;26;26;26;23;24;20;19
BAO;42754;09BV;17;14;15;13;15;16;17;16;17;17;15;15;35;37;45
BAO;42754;09MX;26;23;23;22;23;23;23;26;27;29;29;28;*;*;*
BAO;42754;09PJ;9;9;10;9;9;10;11;12;12;14;13;12;13;13;13
BAO;42754;10JM;8;8;8;9;8;10;10;11;12;14;14;13;14;17;16
BAO;42754;15DY;6;6;5;7;9;7;9;9;9;10;11;12;12;12;11
BAO;42755;05EV;8;6;7;7;10;8;7;9;13;12;14;15;14;15;14
BAO;42759;07LX;20;21;21;22;20;19;19;23;24;24;26;25;23;21;21
BAO;42759;07ZJ;7;8;12;11;10;9;9;12;11;12;14;14;12;13;15
BAO;42759;09CR;14;14;15;18;16;19;17;19;17;17;16;18;17;15;14
BAO;42759;09UT;10;11;10;10;8;7;9;8;10;10;11;10;10;11;9
BAO;42759;09YY;31;29;27;28;27;26;30;29;31;27;26;34;28;31;29
BAO;42759;11CY;35;33;32;32;32;31;27;31;35;34;36;36;36;38;34
BAO;42760;04QV;47;48;51;58;59;60;60;62;60;62;69;64;60;63;59
BAO;42761;12QR;17;17;16;16;17;16;18;17;13;13;19;18;20;21;20
BAO;42761;13DT;9;7;6;7;9;8;10;9;10;11;12;12;11;12;13
BAO;42761;13OE;33;34;31;32;19;19;20;19;22;22;20;20;16;15;18
BAO;42761;13TY;49;45;43;38;32;38;44;38;45;44;41;44;27;26;26
BAO;42761;13XI;65;61;61;49;45;44;39;40;39;39;33;29;32;34;32
BAO;42761;14GQ;10;10;11;8;7;8;9;8;9;10;10;14;14;9;8
BAO;42761;14LT;11;10;10;9;8;8;10;10;11;10;11;10;11;12;11
BAO;42761;15KI;23;22;21;19;18;21;20;21;19;21;22;22;22;22;25
BAO;42761;15MW;26;28;29;27;27;27;27;31;31;30;27;26;27;23;20
BAO;42761;15RT;23;23;20;19;18;20;22;21;21;22;28;26;25;24;26
BAO;42767;31JL;0;0;0;0;0;0;0;*;5;7;7;9;8;9;12
BAO;42768;31JK;0;0;0;0;0;0;0;0;6;6;6;7;0;10;0
BAO;42769;31JM;0;0;0;0;0;0;0;0;18;22;22;29;0;0;22
BAO;42774;06PR;25;26;27;30;29;31;33;34;36;40;40;46;50;42;47
BAO;42782;31LT;0;0;0;0;0;0;0;0;*;6;7;0;0;0;0
BAO;42786;31MH;0;0;0;0;0;0;0;0;5;0;7;0;0;0;0
BAO;42788;04LJ;18;18;16;16;17;17;12;12;13;14;14;15;13;14;11
BAO;42791;31MM;0;0;0;0;0;0;0;0;11;13;13;8;0;0;0
BAO;42793;31MN;0;0;0;0;0;0;0;0;*;6;7;7;0;0;0
BAO;42794;04NO;25;24;23;23;23;22;23;27;25;26;29;30;27;30;30
BAO;42794;05SG;20;22;21;21;24;28;31;29;26;28;29;25;27;28;29
BAO;42794;06PM;26;28;27;26;26;26;28;35;35;34;38;37;36;42;40
BAO;42795;31MX;0;0;0;0;0;0;0;0;*;7;6;9;0;0;19
BAO;42802;31RC;0;0;0;0;0;0;0;0;0;0;5;10;15;19;25
BAO;42803;31PX;0;0;0;0;0;0;0;0;0;*;5;7;*;0;0
BAO;42804;31PW;0;0;0;0;0;0;0;0;0;13;17;17;16;13;13
BAO;42814;31TA;0;0;0;0;0;0;0;0;0;0;5;8;12;11;14
BAO;42815;15DP;17;19;18;21;24;27;25;27;28;30;29;31;31;28;26
BAO;42818;03JI;13;12;13;12;15;14;15;18;19;15;15;16;14;13;13
BAO;42818;03KS;17;18;21;23;21;20;20;17;16;18;17;17;17;18;15
BAO;42818;04UV;26;26;23;22;21;22;22;18;22;54;46;46;37;47;44
BAO;42818;06FV;14;13;13;15;15;16;17;21;23;18;23;20;17;17;15
BAO;42818;06NE;14;15;16;16;17;17;17;16;19;16;18;16;15;16;17
BAO;42818;06YN;15;11;15;12;13;15;16;14;16;16;15;17;14;17;15
BAO;42818;06YX;16;15;16;16;14;13;12;17;17;16;15;14;13;14;13
BAO;42818;15VC;46;42;42;39;46;40;41;47;56;41;46;46;48;47;46
BAO;42818;15XI;35;30;34;31;32;38;37;40;45;36;38;34;29;30;28
BAO;42818;15ZJ;18;18;18;18;20;19;16;18;21;23;22;24;25;23;22
BAO;42818;16CQ;15;15;16;12;14;18;22;19;20;21;17;17;17;15;14
BAO;42818;16DZ;22;21;20;20;21;24;25;24;30;24;25;23;22;20;20
BAO;42818;16FK;8;10;9;10;13;13;14;15;15;15;16;17;17;14;17
BAO;42818;16GT;32;30;28;29;31;30;32;37;41;35;37;35;30;32;33
BAO;42818;16IA;16;15;16;16;20;21;22;21;20;19;18;18;18;20;20
BAO;42825;31TN;0;0;0;0;0;0;0;0;0;0;5;6;7;0;0
BAO;42826;31TW;0;0;0;0;0;0;0;0;0;0;11;21;18;24;27
BAO;42826;31UX;0;0;0;0;0;0;0;0;0;0;0;15;18;24;22
BAO;42826;32AT;0;0;0;0;0;0;0;0;0;0;0;0;20;22;24
BAO;42826;32HB;0;0;0;0;0;0;0;0;0;0;0;0;0;0;*
BAO;42827;07KY;26;24;24;21;23;24;24;25;25;29;0;0;35;37;35
BAO;42828;03QA;31;32;33;31;32;28;28;29;27;28;34;31;31;27;25
BAO;42828;03UN;13;12;14;14;14;12;13;12;10;11;12;10;11;10;11
BAO;42828;05HW;25;26;23;21;20;18;19;17;16;14;14;13;12;11;12
BAO;42828;06CP;12;13;11;16;12;11;11;13;11;10;10;11;8;0;0
BAO;42828;06ZO;12;12;13;12;10;10;10;11;9;9;10;10;11;12;12
BAO;42828;07BK;15;16;14;13;13;15;14;15;14;14;13;13;11;11;9
BAO;42828;07FK;15;15;16;14;15;13;14;15;17;15;16;16;15;16;17
BAO;42828;08NH;30;36;32;32;30;26;27;28;24;18;16;16;16;16;14
BAO;42828;08RR;14;12;16;13;13;12;14;14;13;12;14;13;13;12;9
BAO;42828;09MG;21;19;18;16;16;17;19;18;18;18;21;21;20;20;20
BAO;42828;10XV;42;46;42;38;37;35;38;41;35;34;37;33;36;35;31
BAO;42828;11LO;23;26;24;24;24;24;29;32;30;33;32;30;34;34;32
BAO;42828;13JK;34;34;34;33;33;31;30;30;27;26;27;20;22;21;20
BAO;42828;13ON;8;8;8;8;9;6;7;7;8;10;9;9;11;12;10
BAO;42828;18FK;23;21;22;21;27;25;24;25;25;25;27;30;29;29;29
BAO;42828;18FM;26;23;24;28;24;21;22;21;24;21;21;24;21;22;22
BAO;42830;16AH;15;16;13;14;13;15;17;20;19;13;18;18;17;12;15
BAO;42830;16BX;11;11;10;7;6;6;7;8;7;9;9;6;6;6;6
BAO;42830;16DJ;8;9;8;8;7;7;10;10;10;8;9;8;7;7;7
BAO;42830;16HI;13;14;12;12;11;9;10;10;10;8;11;8;9;10;9
BAO;42830;16MA;41;39;37;43;40;39;32;33;30;29;30;30;28;22;17
BAO;42830;16NR;41;36;41;34;35;32;34;39;35;34;36;41;42;15;13
BAO;42830;16WN;10;8;7;5;6;6;6;8;8;8;9;5;*;6;6
BAO;42830;16XQ;16;24;25;27;26;32;30;38;38;36;39;49;46;31;36
BAO;42830;16YK;12;9;9;11;9;8;9;11;10;12;12;22;20;15;15
BAO;42830;17AE;10;8;8;8;9;9;9;11;10;11;14;10;10;9;8
BAO;42830;17BC;23;22;22;18;19;19;21;22;23;20;22;16;16;10;9
BAO;42830;17BL;6;8;7;7;8;6;6;9;9;10;11;8;*;*;*
BAO;42830;17BU;10;9;9;9;7;8;8;10;9;11;12;10;9;*;7
BAO;42830;17DG;42;43;35;37;32;36;35;38;38;37;35;28;28;21;17
BAO;42830;17DQ;29;30;28;31;29;25;26;29;24;24;26;21;22;11;11
BAO;42830;17EJ;12;13;13;12;12;11;11;11;12;8;12;7;7;6;6
BAO;42830;17FU;16;16;14;14;14;15;15;13;14;11;13;8;8;*;5
BAO;42830;17JD;5;*;*;*;*;*;6;7;8;7;11;7;5;5;5
BAO;42830;17KM;8;9;9;6;6;8;9;7;8;8;8;9;9;9;9
BAO;42830;18HB;11;10;9;10;10;12;11;12;14;12;14;12;12;9;10
BAO;42830;21PS;33;30;28;25;21;18;17;17;18;16;16;15;12;9;12
BAO;42830;23RM;39;38;38;37;38;42;39;39;37;34;32;31;32;17;21
BAO;42830;24ED;15;15;15;15;17;17;19;20;20;14;16;16;16;11;12
BAO;42830;30AG;9;8;7;7;*;6;7;6;9;7;14;8;9;5;*
BAO;42832;31VG;0;0;0;0;0;0;0;0;0;0;0;0;0;6;0
BAO;42832;32AH;0;0;0;0;0;0;0;0;0;0;0;0;0;7;0
BAO;42833;31VU;0;0;0;0;0;0;0;0;0;0;0;10;5;*;*
BAO;42834;31VV;0;0;0;0;0;0;0;0;0;0;0;*;0;0;6
BAO;42836;15BW;34;32;37;37;41;41;39;39;41;43;44;46;45;47;47
BAO;42839;31WV;0;0;0;0;0;0;0;0;0;0;0;*;0;10;9
BAO;42841;03ZH;10;14;14;15;13;12;13;12;12;12;13;0;0;0;15
BAO;42842;05VA;12;11;10;12;13;14;14;15;18;19;19;0;0;0;20
BAO;42844;32AG;0;0;0;0;0;0;0;0;0;0;0;0;8;8;10
BAO;42847;32AW;0;0;0;0;0;0;0;0;0;0;0;0;0;0;10
BAO;42852;04JU;27;28;38;31;35;39;49;52;16;13;12;15;16;14;15
BAO;42852;04JW;10;11;10;10;10;9;13;13;15;14;14;14;12;14;12
BAO;42852;05QE;16;16;15;15;13;13;12;12;13;13;11;11;11;12;13
BAO;42852;07MY;11;12;12;13;12;12;14;12;11;11;12;11;11;10;9
BAO;42852;07XB;11;11;11;10;11;9;10;12;11;13;13;13;12;14;11
BAO;42852;07YK;12;11;11;10;10;8;12;13;12;12;13;14;11;11;12
BAO;42852;08PH;16;16;16;14;15;16;17;18;16;17;16;16;13;12;12
BAO;42852;10BP;26;26;26;27;24;27;27;24;26;24;25;24;21;20;20
BAO;42852;11MA;30;31;30;28;28;26;26;23;22;21;21;19;17;17;18
BAO;42852;11MB;12;10;10;12;12;14;16;15;13;13;12;13;13;15;14
BAO;42852;11XH;18;19;19;19;19;22;23;21;25;19;18;19;15;16;15
BAO;42854;06AQ;16;15;15;16;17;15;8;9;11;12;15;12;12;10;13
BAO;42854;09FV;24;23;23;21;20;20;21;22;21;20;20;20;22;24;29
BAO;42854;09HF;32;33;28;23;21;18;20;19;17;15;17;18;17;14;16
BAO;42854;10TP;8;7;8;8;7;7;9;9;10;10;12;10;9;9;9
BAO;42854;11IQ;23;25;22;22;22;22;23;24;26;28;30;31;32;31;30
BAO;42854;12UM;24;25;26;25;23;22;23;25;22;21;22;22;25;23;22
BAO;42854;13GD;17;16;19;16;16;16;19;18;20;17;19;27;17;18;16
BAO;42854;13LI;28;31;30;28;27;26;26;24;26;24;24;27;23;23;24
BAO;42854;13QB;36;33;30;30;28;28;28;29;30;32;34;37;37;35;31
BAO;42854;13UC;8;10;10;9;9;9;11;11;12;12;11;12;12;12;13
BAO;42854;13XM;7;9;8;8;7;8;9;9;10;10;10;12;12;13;12
BAO;42858;05MX;10;10;10;10;9;10;9;10;13;14;13;15;12;13;12
BAO;42858;09BR;24;26;23;22;22;22;24;28;29;34;32;32;32;31;28
BAO;42858;09YH;19;21;18;21;23;26;25;28;28;33;33;33;34;31;30
BAO;42858;11FB;17;19;18;18;18;17;18;20;21;20;23;25;22;22;20
BAO;42858;11RD;18;20;19;17;17;17;18;19;20;22;23;24;21;22;19
BAO;42858;18FU;18;21;18;22;21;22;21;23;20;20;22;22;22;17;19
BAO;42858;18HX;21;21;21;20;20;20;24;24;23;21;22;24;26;24;21
BAO;42858;18JY;21;20;19;22;23;25;25;27;28;27;27;28;21;22;22
BAO;42858;23PN;32;29;19;19;19;18;19;21;23;20;19;22;20;20;19
BAO;42858;23PP;17;18;15;14;15;18;19;22;25;25;26;28;28;27;22
BAO;42861;31TF;0;0;0;0;0;0;0;0;0;0;*;10;5;9;15
BAO;42867;32AU;0;0;0;0;0;0;0;0;0;0;0;0;6;12;11
BAO;42869;32BY;0;0;0;0;0;0;0;0;0;0;0;0;12;16;20
BAO;42878;06UG;14;12;13;12;12;36;36;34;41;48;43;31;8;10;10
BAO;42883;18EL;6;7;9;9;9;9;9;9;9;0;0;0;8;9;8
BAO;42980;06KM;39;40;41;44;43;36;33;33;32;34;32;32;31;30;31
BAO;43005;07NE;24;25;23;25;23;23;23;23;25;22;24;29;30;28;31
BAO;43175;06KQ;25;25;28;28;27;27;29;29;27;30;31;28;26;27;25
BAO;43188;03RK;21;23;22;23;21;22;24;21;23;24;25;26;26;24;23
BAO;43227;12EZ;19;19;17;16;14;16;19;18;18;18;16;21;18;19;18
BAO;43227;13CM;24;25;25;25;26;28;27;31;29;32;34;33;33;35;27
BAO;43227;13HN;41;34;36;35;33;32;35;36;34;36;37;42;42;42;42
BAO;43227;13MY;39;33;33;33;34;34;38;36;39;39;38;38;35;33;31
BAO;43227;13YX;36;32;31;32;38;37;39;38;36;37;36;37;39;39;35
BAO;43227;24DX;29;25;25;24;23;23;24;25;23;23;24;26;23;22;23
BAO;43305;03RN;32;29;26;28;25;27;28;33;28;24;24;20;19;25;25
BAO;43305;06XM;9;8;9;9;8;9;9;8;8;7;7;7;8;11;13
BAO;43305;08MQ;9;9;9;10;8;9;9;8;8;7;8;7;6;10;12
BAO;43305;09LQ;23;24;25;22;22;23;24;24;26;23;20;19;16;18;21
BAO;43305;10GQ;9;9;8;12;11;17;15;17;18;27;26;40;35;28;29
BAO;43318;03UE;8;9;9;8;8;8;9;10;12;11;12;10;9;11;9
BAO;43318;05GF;29;26;28;28;27;30;31;25;31;31;29;31;31;27;27
BAO;43318;05GH;35;33;36;29;28;24;22;19;19;15;16;17;16;15;16
BAO;43318;06PE;19;19;18;17;19;18;18;20;19;17;18;18;19;20;18
BAO;43318;07TZ;14;12;12;11;11;11;13;17;17;19;19;20;21;21;21
BAO;43318;08OW;19;20;18;17;17;16;19;17;18;18;15;16;16;14;16
BAO;43318;10GR;23;23;22;22;25;24;21;22;20;19;19;19;22;22;24
BAO;43318;11LJ;33;30;33;26;24;21;22;21;21;23;22;25;21;23;20
BAO;43318;21NR;24;20;19;17;17;13;14;17;16;18;17;16;15;16;17
BAO;43318;26AN;44;43;44;41;38;36;34;34;32;28;32;31;29;25;23
BAO;43318;27JT;47;45;51;49;46;43;42;42;42;38;35;37;29;25;21
BAO;43318;30RD;0;22;28;31;34;35;34;36;41;37;36;39;41;46;44
BAO;43383;03RQ;32;31;33;36;35;34;39;41;34;35;39;35;34;33;31
BAO;43824;04UB;35;32;36;33;33;35;32;37;37;38;42;48;42;42;44
BAO;43825;03SB;14;15;15;15;15;16;16;15;15;16;15;17;18;19;17
BAO;43928;04VD;58;58;59;62;63;60;57;55;54;55;56;59;66;65;64
BAO;43928;07OB;28;28;26;27;29;32;33;37;34;38;46;47;46;39;41
BAO;43928;08XB;26;27;28;27;27;31;30;30;28;29;32;36;37;39;42
BAO;43928;10NM;36;37;36;41;43;45;52;52;53;48;50;44;44;43;42
BAO;43928;11CU;22;22;21;19;21;21;22;22;21;23;25;25;20;21;22
BAO;43928;12JU;57;56;55;55;54;56;52;49;47;47;50;43;42;40;46
BAO;43928;12YZ;14;13;14;16;16;15;16;20;19;20;23;25;24;24;29
BAO;43967;03VX;23;24;21;18;17;17;16;18;18;15;14;15;14;15;17
BAO;43967;04UF;35;31;29;27;26;26;22;24;25;25;24;23;25;26;30
BAO;43967;06IE;16;16;14;19;20;22;20;18;20;18;16;16;18;18;18
BAO;43967;07NK;23;24;22;22;21;21;20;23;24;23;22;23;23;25;25
BAO;43967;08LH;27;27;25;26;25;23;20;22;22;21;21;21;25;25;26
BAO;43967;08WR;36;38;33;34;35;35;34;41;40;39;38;39;35;35;33
BAO;44071;04UI;28;28;27;27;26;28;25;23;25;24;24;26;28;24;27
BAO;44175;04UK;39;37;40;40;43;37;43;47;48;46;52;53;52;51;53
BAO;44201;03WM;14;15;15;15;13;14;14;16;15;14;16;17;20;19;20
BAO;44201;03WX;47;50;44;45;40;41;43;47;51;46;50;51;54;53;51
BAO;44201;04RP;30;33;28;26;24;25;23;21;19;21;23;24;26;24;23
BAO;44201;04UO;15;14;14;14;12;13;14;13;13;13;15;18;15;13;13
BAO;44201;05BX;9;9;9;10;8;8;8;9;12;13;11;10;11;10;10
BAO;44201;06IR;17;18;16;16;14;15;15;15;15;19;22;25;25;25;26
BAO;44201;06TF;16;16;14;15;15;16;15;17;15;14;17;12;15;13;12
BAO;44201;06VV;16;17;15;16;14;16;13;12;12;12;13;14;16;14;16
BAO;44201;07DA;19;18;18;18;18;17;17;15;15;17;19;20;19;19;19
BAO;44201;07MN;22;22;23;24;23;23;24;24;26;27;27;27;26;23;25
BAO;44201;07NP;24;24;26;28;29;29;27;28;29;28;30;29;31;28;26
BAO;44201;08LQ;28;28;28;30;31;34;35;35;36;34;35;32;31;25;26
BAO;44201;08WU;26;24;24;22;20;17;15;16;15;15;15;19;18;16;20
BAO;44201;09US;23;24;25;24;25;26;26;27;29;28;29;25;24;23;21
BAO;44201;15CM;10;13;11;11;14;14;13;13;13;12;13;14;14;11;9
BAO;44318;04UL;23;23;21;21;18;19;17;21;22;23;34;31;31;27;29
BAO;44318;07NQ;25;25;23;24;24;21;28;26;28;25;35;35;33;34;35
BAO;44318;08WV;18;17;15;16;15;14;17;17;15;15;23;24;23;18;20
BAO;44397;03RV;27;25;22;21;17;16;15;15;14;13;11;12;13;13;12
BAO;44397;03VK;35;39;33;32;35;34;30;29;30;28;30;31;30;28;28
BAO;44397;05DW;35;34;30;26;27;26;23;23;22;22;21;23;22;22;20
BAO;44397;06KC;18;15;16;12;17;17;15;14;14;14;12;15;15;16;13
BAO;44397;06WF;18;16;16;19;20;16;15;16;18;17;15;16;16;16;13
BAO;44397;07DE;17;16;15;15;17;16;16;14;14;15;13;15;13;10;11
BAO;44397;07DF;27;32;30;25;29;37;39;40;48;45;58;42;41;44;36
BAO;44397;08MK;36;35;28;27;25;26;22;23;21;20;20;24;23;23;22
BAO;44397;10AG;60;50;41;37;38;32;23;22;21;19;19;20;19;19;16
BAO;44397;10XR;44;42;42;39;39;39;37;39;38;38;39;41;43;42;42
BAO;44397;11GX;20;21;18;19;21;22;21;19;19;16;15;18;15;15;16
BAO;44397;11MO;12;12;13;12;15;15;15;14;17;17;19;18;15;18;16
BAO;44397;21OZ;18;20;17;17;20;23;22;25;27;26;24;28;25;23;22
BAO;45000;00FI;18;16;16;17;16;15;19;19;17;12;14;17;16;12;14
BAO;45000;03ON;25;22;42;41;43;88;93;89;11;8;10;11;8;7;9
BAO;45000;03RX;26;24;23;22;18;17;19;18;20;21;22;19;21;19;19
BAO;45000;03RY;32;28;38;40;40;15;15;15;15;13;15;15;16;17;17
BAO;45000;03SL;13;13;10;11;11;6;6;7;12;11;11;16;12;17;17
BAO;45000;04OE;9;8;9;10;17;18;17;14;13;10;13;16;11;12;14
BAO;45000;04SK;9;10;9;8;10;9;8;13;11;10;12;13;9;13;15
BAO;45000;05CJ;11;13;6;7;8;8;5;5;6;*;5;6;7;5;6
BAO;45000;05DB;10;11;10;8;8;7;8;8;11;9;10;10;11;13;12
BAO;45000;05DQ;14;15;14;13;14;12;14;12;13;12;13;16;12;12;9
BAO;45000;05KB;13;13;12;10;11;12;11;11;11;12;13;16;15;16;15
BAO;45000;06CI;14;14;14;14;13;14;15;17;18;15;16;17;15;16;12
BAO;45000;06LH;10;10;11;8;8;7;8;9;9;7;7;9;10;0;0
BAO;45000;06QH;31;30;25;24;20;16;15;20;13;14;11;14;12;13;13
BAO;45000;06SI;13;14;14;12;12;10;11;9;11;10;9;12;11;13;10
BAO;45000;06SQ;7;7;6;8;9;10;11;13;15;13;14;17;16;20;18
BAO;45000;06YD;36;31;25;24;21;23;22;19;20;18;18;16;6;10;13
BAO;45000;07PA;9;12;11;8;9;8;9;9;8;5;5;7;7;8;8
BAO;45000;07QK;11;9;7;6;8;10;13;13;12;13;15;18;14;13;15
BAO;45000;07QM;21;21;20;20;25;25;27;23;28;26;30;30;28;31;28
BAO;45000;07UC;9;9;8;8;9;8;8;9;11;8;8;9;9;10;8
BAO;45000;08PK;7;8;7;6;8;6;6;7;9;7;8;0;0;0;0
BAO;45000;08PM;13;13;12;12;13;10;11;11;14;11;13;14;12;16;15
BAO;45000;08VC;23;22;20;19;17;12;14;14;15;16;21;19;18;20;19
BAO;45000;08XL;12;13;9;10;9;10;9;10;9;9;8;8;9;10;11
BAO;45000;09OB;22;22;19;21;23;22;23;21;24;20;20;20;20;19;20
BAO;45000;10YR;14;15;14;14;13;11;12;14;17;18;22;21;19;18;20
BAO;45000;11CB;17;13;10;9;10;8;6;9;10;9;11;16;15;13;14
BAO;45000;11MD;12;11;10;9;12;9;9;10;13;14;15;20;20;22;18
BAO;45000;15DL;20;20;19;21;24;25;26;30;30;29;32;36;30;28;28
BAO;45000;21PU;25;25;20;18;17;16;16;18;20;20;21;20;11;12;8
BAO;45000;23DM;7;10;8;10;10;9;11;12;14;16;18;17;15;16;11
BAO;45000;31TJ;0;0;0;0;0;0;0;0;0;0;6;8;9;12;7
BAO;45059;07NT;23;26;27;24;27;28;28;26;29;28;31;25;23;26;22
BAO;45189;04VA;19;0;18;22;21;22;20;21;23;23;22;23;22;23;20
BAO;45722;15CB;27;26;22;23;25;27;35;37;35;34;36;39;37;39;40
BAO;45722;29TM;32;31;31;34;39;41;43;40;37;35;40;39;38;39;41
BAO;45969;04MU;12;12;11;12;12;11;12;22;22;18;13;14;15;19;20
BAO;45969;04UH;12;14;12;14;15;15;18;16;15;16;14;11;11;11;11
BAO;45969;04VN;21;23;22;23;23;18;19;18;16;15;14;14;16;15;14
BAO;45969;05TZ;11;10;10;10;11;11;11;12;10;9;10;10;9;11;10
BAO;45969;07OC;20;21;20;23;20;21;22;26;23;24;24;21;19;19;20
BAO;46021;07OE;19;19;22;20;21;21;21;21;21;23;25;28;27;27;31
BAO;46060;08XF;16;16;20;20;21;22;22;23;23;24;27;25;29;30;28
BAO;46152;03TD;27;30;33;33;33;28;31;32;33;30;35;31;28;28;28
BAO;46697;07HN;25;24;22;21;22;25;26;25;27;28;23;26;26;28;29
BAO;46697;07OK;19;18;20;18;19;23;23;23;25;26;33;33;34;32;32
BAO;46723;07OL;16;18;17;17;17;17;19;19;17;17;17;15;17;15;15
BAO;46723;08XI;28;27;25;25;24;24;25;26;27;25;23;28;29;30;28
BAO;46879;05VX;98;119;154;206;221;259;291;304;320;319;296;287;295;284;284
BAO;47100;03LT;24;22;22;25;25;40;38;41;44;68;50;55;75;84;92
BAO;47100;05IE;31;30;27;25;23;22;22;24;27;27;26;26;23;23;23
BAO;47100;12AR;44;46;44;40;40;37;38;38;47;43;42;37;40;42;37
BAO;47100;12JY;19;20;20;22;21;20;18;23;21;22;23;23;22;22;20
BAO;47100;12SK;24;25;25;21;22;21;24;27;28;30;29;29;29;30;36
BAO;47100;12ZD;17;17;20;15;17;18;17;21;20;18;20;16;16;16;18
BAO;47100;13EZ;39;38;42;37;36;37;35;37;37;38;37;33;30;29;30
BAO;47100;13PH;47;44;40;37;37;34;32;32;36;37;37;33;32;31;21
BAO;47100;13WR;25;25;24;20;21;18;19;18;22;19;20;15;19;18;19
BAO;47100;14AB;21;23;22;21;19;18;21;20;18;22;21;19;19;18;19
BAO;47100;14DI;44;40;41;36;35;32;32;28;32;31;24;26;26;27;27
BAO;47100;14IW;32;31;30;29;32;32;30;32;35;34;30;32;31;29;34
BAO;47100;31PU;0;0;0;0;0;0;0;0;0;9;12;17;20;23;28
BAO;47438;15CF;14;15;13;13;13;12;11;13;12;13;16;15;13;13;16
BAO;47595;04UT;32;34;32;29;30;28;24;26;32;31;28;30;29;31;36
BAO;47595;08VN;23;19;19;19;17;18;17;16;17;18;21;22;22;21;25
BAO;47595;09CV;34;36;35;34;37;34;32;35;37;40;37;41;44;43;48
BAO;47595;09TP;42;41;40;38;40;40;36;37;40;38;42;39;40;41;40
BAO;47595;09YO;19;20;20;18;19;20;20;22;25;27;27;31;27;27;32
BAO;47595;10MY;32;31;29;32;31;30;32;36;35;37;40;39;43;44;44
BAO;47595;10QX;74;68;64;59;56;52;55;52;53;62;61;71;59;57;60
BAO;47595;12GJ;34;37;41;44;36;31;28;28;31;29;29;32;28;27;29
BAO;47595;12PF;42;43;43;39;37;38;27;28;26;26;28;27;28;28;29
BAO;47595;12WT;53;51;53;55;55;56;55;48;48;48;48;51;51;53;58
BAO;47595;13HY;35;35;34;34;36;35;31;30;29;30;31;32;32;35;39
BAO;47595;13NA;26;26;25;26;26;27;24;24;26;27;26;30;34;34;37
BAO;47595;13RP;23;27;28;27;26;27;24;22;24;28;31;30;29;29;34
BAO;47595;13YZ;82;76;77;74;72;68;61;60;57;60;58;62;53;54;58
BAO;47595;14FC;27;27;24;26;27;26;26;23;26;23;26;26;25;26;32
BAO;47595;14HU;35;34;34;31;31;30;30;34;34;33;36;34;34;35;36
BAO;47595;14KK;48;48;28;28;27;29;29;34;35;36;41;46;45;43;43
BAO;47595;16UW;38;36;35;36;34;39;42;42;38;35;32;32;30;30;30
BAO;47595;16WZ;62;63;64;67;65;63;62;63;63;59;61;69;53;42;52
BAO;47595;16YB;41;39;38;36;32;37;35;32;31;30;32;35;30;28;31
BAO;47595;16YU;39;42;41;41;35;31;32;27;27;25;27;28;27;26;25
BAO;47659;04WL;17;17;18;19;20;19;21;22;20;20;18;18;19;19;19
BAO;47685;04WM;13;12;14;13;14;14;16;18;19;19;25;23;24;27;27
BAO;47685;32GZ;0;0;0;0;0;0;0;0;0;0;0;0;0;0;9
BAO;47867;07OW;23;22;23;25;27;30;28;30;30;32;33;33;36;33;33
BAO;47867;08XJ;20;20;20;19;20;19;24;27;31;28;32;34;37;34;35
BAO;47920;03QF;12;12;15;12;13;14;13;11;10;10;11;11;11;10;12
BAO;47920;03QI;30;26;27;29;41;42;45;24;22;23;24;22;19;20;17
BAO;47920;03QJ;20;18;24;19;20;18;17;16;15;18;14;15;15;14;13
BAO;47920;03UW;18;18;17;18;14;14;14;14;16;15;16;14;14;12;15
BAO;47920;03UY;22;19;20;20;21;21;20;22;19;20;22;19;20;19;26
BAO;47920;03UZ;38;34;28;28;24;24;17;17;16;16;18;17;19;22;20
BAO;47920;03VA;15;17;15;14;13;14;14;14;15;15;16;18;17;15;16
BAO;47920;03VB;45;37;36;35;33;34;33;35;33;30;29;35;56;62;62
BAO;47920;03YW;23;18;19;20;18;18;17;17;16;18;17;20;17;17;18
BAO;47920;05EJ;28;26;24;19;21;19;18;19;16;16;13;15;14;15;16
BAO;47920;05GC;21;19;17;17;15;15;17;17;16;17;17;15;12;17;12
BAO;47920;06MM;29;29;29;31;38;44;41;35;36;34;37;33;32;32;33
BAO;47920;06OR;22;19;15;15;18;16;18;18;19;19;18;16;16;17;17
BAO;47920;09MO;32;23;20;21;27;30;21;22;21;23;21;21;19;17;17
BAO;47920;11QL;64;55;50;51;52;48;41;45;46;42;36;29;26;24;21
BAO;47920;12BH;18;16;17;13;14;14;14;14;12;14;15;12;10;10;9
BAO;47932;07OX;24;29;26;29;30;31;28;32;29;30;34;35;35;44;41
BAO;47959;03VD;19;19;18;16;16;14;14;13;12;14;17;20;18;16;17
BAO;47959;03VE;10;8;11;11;13;10;11;12;13;13;14;14;13;13;13
BAO;47959;03VW;30;29;27;26;27;27;26;24;21;20;25;24;23;21;20
BAO;47959;03VZ;11;10;11;9;8;7;7;10;9;8;9;9;7;9;9
BAO;47959;05BN;15;16;13;13;12;12;15;15;13;12;15;14;9;10;10
BAO;47959;06AN;42;45;43;32;28;29;29;26;25;23;21;28;29;29;25
BAO;47959;07CI;13;11;13;12;12;8;7;16;12;19;8;8;9;8;7
BAO;47959;10KD;22;19;17;18;14;14;12;14;13;13;12;15;13;14;14
BAO;47959;10ZW;36;37;37;34;32;32;31;24;23;23;24;24;20;25;26
BAO;47959;11XY;17;12;14;15;15;14;13;13;15;17;21;22;24;30;30
BAO;48101;06YB;20;24;21;22;20;21;19;20;20;19;18;18;20;22;20
BAO;48101;07DJ;17;17;20;20;18;19;21;23;22;27;27;30;33;30;27
BAO;48101;07ND;32;33;30;29;29;31;31;29;29;24;26;26;23;23;25
BAO;48101;08NZ;30;33;38;43;46;47;51;54;56;54;61;57;55;52;55
BAO;48101;08WQ;36;34;34;36;38;39;45;50;50;53;52;51;48;52;50
BAO;48101;09MN;25;28;22;24;24;27;28;24;20;20;22;22;25;23;25
BAO;48101;09MT;20;22;21;22;23;22;20;24;27;26;27;28;29;31;29
BAO;48101;09UO;23;25;26;28;29;34;30;33;35;36;41;45;53;34;36
BAO;48101;09VB;27;28;26;25;26;31;29;29;33;31;30;32;32;33;29
BAO;48101;10HG;21;30;20;20;21;22;19;18;16;18;20;21;22;22;22
BAO;48101;11DG;16;20;16;14;17;16;16;15;17;14;15;16;16;15;19
BAO;48101;11LG;42;36;39;38;47;51;56;60;60;57;64;65;59;62;61
BAO;48101;11PW;27;29;26;25;23;23;25;24;24;23;25;29;29;32;31
BAO;48101;12AT;17;18;18;15;16;20;19;19;21;22;23;25;25;24;26
BAO;48101;12SM;23;31;26;26;26;26;22;24;26;23;26;28;32;29;27
BAO;48101;15AB;31;30;25;24;22;22;21;19;18;19;17;18;18;16;16
BAO;48101;17LF;30;32;28;31;33;35;36;36;41;36;35;38;39;40;38
BAO;48101;17MQ;26;25;24;24;29;27;28;29;27;27;30;29;28;26;27
BAO;48101;23DX;27;25;23;29;28;29;28;31;28;28;34;31;31;31;30
BAO;48101;23ZL;53;53;46;41;42;38;35;36;39;37;42;45;41;39;39
BAO;48101;25GN;15;18;14;12;12;13;12;13;14;16;18;17;19;20;20
BAO;48101;26BA;41;36;33;26;26;25;27;24;23;24;24;21;23;24;18
BAO;48101;27CB;41;42;37;39;36;35;33;34;32;32;30;24;24;24;23
BAO;48101;27XD;42;42;40;37;37;36;34;27;28;23;27;27;32;31;32
BAO;48101;28CD;23;23;26;27;26;30;31;28;30;28;33;34;33;38;36
BAO;48101;32EH;0;0;0;0;0;0;0;0;0;0;0;0;0;19;24
BAO;48348;00EB;49;52;59;50;55;55;59;57;72;71;88;85;86;90;87
BAO;48348;03GL;8;9;8;8;9;8;8;11;8;8;10;10;9;10;10
BAO;48348;03QO;28;30;29;18;19;16;15;13;13;13;7;15;14;17;19
BAO;48348;03XX;31;31;31;28;27;26;27;26;25;24;22;25;26;20;21
BAO;48348;04FQ;15;13;11;10;9;10;9;11;9;10;8;10;9;8;11
BAO;48348;04VT;13;15;13;13;13;13;14;16;16;15;18;16;18;14;16
BAO;48348;05GK;51;53;59;73;63;56;63;78;82;83;93;92;90;85;105
BAO;48348;05HZ;9;9;8;9;8;9;7;9;11;9;10;9;10;9;11
BAO;48348;05IK;12;9;14;8;10;9;9;10;11;10;10;8;11;10;8
BAO;48348;05IL;9;9;11;10;8;10;10;10;11;11;11;10;11;10;8
BAO;48348;05JE;30;26;23;21;20;19;21;17;20;21;19;18;15;17;14
BAO;48348;06OH;18;15;14;12;9;11;11;12;13;13;15;15;17;18;19
BAO;48348;06UL;18;19;20;17;16;15;13;13;14;14;15;14;13;12;16
BAO;48348;06VO;9;9;9;10;9;9;9;10;9;10;11;10;12;14;14
BAO;48348;06VW;11;9;7;7;7;8;7;8;9;8;10;7;8;8;11
BAO;48348;06WZ;36;30;29;27;27;24;23;28;29;30;34;34;35;35;24
BAO;48348;06XB;11;13;12;12;13;14;12;14;13;12;11;11;11;11;11
BAO;48348;06XO;14;14;11;12;13;17;16;20;18;18;20;23;25;17;20
BAO;48348;07CW;11;9;8;7;6;7;7;8;9;8;8;8;9;9;11
BAO;48348;07RI;21;19;17;16;15;15;14;14;17;14;17;16;18;18;17
BAO;48348;07SL;13;13;12;11;14;13;12;11;14;11;13;14;14;14;17
BAO;48348;07UN;29;26;26;25;23;25;25;26;21;19;21;20;19;18;19
BAO;48348;07VP;36;38;39;41;37;34;31;34;32;31;30;32;33;32;30
BAO;48348;08PW;16;15;13;14;13;12;12;12;14;12;13;13;13;15;17
BAO;48348;08QG;16;16;15;15;12;12;11;15;13;16;15;13;17;17;17
BAO;48348;08SL;10;10;10;10;11;12;11;12;15;11;13;15;12;11;12
BAO;48348;08XM;12;13;13;12;14;14;13;11;12;11;11;15;13;17;17
BAO;48348;08YZ;30;31;30;26;28;24;20;20;20;17;21;23;22;22;24
BAO;48348;08ZO;32;31;28;23;20;17;16;18;17;16;18;19;22;24;25
BAO;48348;08ZT;16;19;20;20;23;23;19;24;23;20;24;23;26;25;23
BAO;48348;09WX;12;12;11;10;10;9;9;10;10;11;11;11;11;13;10
BAO;48348;10NZ;21;21;22;22;21;17;19;20;17;17;18;20;22;23;23
BAO;48348;10YE;29;31;32;34;31;30;28;29;28;29;28;28;28;26;29
BAO;48348;11DH;14;13;10;9;10;9;8;9;9;10;10;10;11;11;13
BAO;48348;11LT;8;10;9;11;9;9;8;10;8;8;8;0;0;0;0
BAO;48348;14ZG;39;33;38;32;31;27;25;25;29;30;31;27;28;26;27
BAO;48348;16UP;21;19;17;19;20;23;21;23;21;19;18;15;15;16;17
BAO;48622;09MQ;33;33;31;32;33;31;30;30;30;28;31;33;36;33;31
BAO;48933;04XA;17;19;20;20;25;25;24;25;25;28;26;27;27;28;26
BAO;49180;07PH;24;24;24;23;22;20;18;20;20;21;23;24;22;24;22
BAO;49844;03WY;19;19;20;20;22;23;20;22;23;24;26;22;23;25;22
BAO;49844;06NG;20;19;19;22;21;21;22;22;22;22;25;24;26;27;24
BAO;49844;27RP;30;33;34;36;41;37;36;35;40;39;42;45;46;45;42
BAO;50096;32DD;0;0;0;0;0;0;0;0;0;0;0;0;0;9;20
BAO;50129;03LK;37;42;51;52;54;30;33;33;30;32;33;34;34;32;30
BAO;50129;04XS;15;15;15;14;14;13;13;12;12;11;10;9;10;10;10
BAO;50129;04XW;19;18;18;18;16;14;14;16;14;15;17;15;14;14;14
BAO;50129;04YG;10;10;10;11;11;9;11;13;12;13;14;13;13;12;13
BAO;50129;05GL;10;13;14;15;14;14;13;15;15;16;16;17;18;17;18
BAO;50129;06HE;22;22;21;21;23;21;21;24;25;27;28;27;26;28;27
BAO;50129;06RX;11;11;11;12;12;11;11;11;10;9;12;9;12;12;10
BAO;50129;07BS;8;8;7;8;7;7;8;9;11;12;10;10;12;12;12
BAO;50129;07PM;37;37;40;36;38;34;35;39;34;36;34;28;25;29;27
BAO;50195;08OF;35;37;40;41;45;46;44;49;46;46;48;47;47;48;51
BAO;50195;09MZ;39;18;15;15;16;17;19;19;18;19;21;21;22;18;16
BAO;50195;10HM;18;17;18;18;18;19;20;25;23;22;21;21;19;13;13
BAO;50195;11LR;28;27;24;22;21;20;22;25;26;26;25;24;23;23;25
BAO;50195;30RE;0;23;20;22;25;27;26;30;30;27;30;30;26;21;21
BAO;50195;32ED;0;0;0;0;0;0;0;0;0;0;0;0;0;8;6
BAO;50299;06NR;16;16;16;16;17;16;19;19;20;18;17;16;17;18;18
BAO;50819;03HG;15;13;12;13;9;9;12;11;12;13;14;12;11;14;11
BAO;50819;03YP;10;9;9;10;8;8;7;7;7;7;7;6;8;6;6
BAO;50819;05ER;9;10;10;10;8;8;10;9;12;16;19;18;16;17;9
BAO;50819;05ES;12;11;10;10;9;9;9;9;11;10;11;10;7;10;7
BAO;50819;05JY;31;32;29;32;26;28;27;26;29;29;31;31;31;30;17
BAO;50819;06DZ;21;21;22;25;22;24;24;23;26;26;26;26;24;24;8
BAO;50819;06VY;12;12;13;11;10;10;9;10;13;10;11;14;13;10;7
BAO;50819;07DN;12;12;12;12;9;9;10;11;9;7;8;8;6;8;6
BAO;50819;07ER;12;13;10;10;9;10;10;9;9;10;12;11;9;13;9
BAO;50819;08ON;16;18;17;17;15;15;12;11;11;9;8;7;8;8;5
BAO;50819;08YR;30;26;26;28;23;22;22;21;21;24;28;29;24;27;16
BAO;50819;09AT;29;29;27;28;30;27;29;28;31;33;36;37;38;43;27
BAO;50819;09NC;58;57;58;55;52;49;47;43;40;42;44;42;36;34;21
BAO;50819;10PB;30;29;28;26;22;22;20;21;19;21;22;22;22;24;11
BAO;50844;03TA;15;14;23;24;26;29;23;28;29;26;29;29;30;56;50
BAO;50844;03TG;17;16;16;16;13;13;15;16;16;14;18;18;17;17;16
BAO;50844;03TR;28;26;27;26;27;24;21;22;20;20;27;28;27;27;28
BAO;50844;05BR;33;31;28;30;42;39;42;44;36;34;39;42;40;14;13
BAO;50844;05DK;42;38;36;35;22;20;19;19;18;16;16;14;15;15;14
BAO;50844;06HM;52;49;49;47;45;43;39;41;42;42;38;41;38;34;36
BAO;50844;07BT;7;7;6;6;7;8;9;11;12;11;12;11;13;12;12
BAO;50844;07SZ;30;28;29;27;28;28;30;31;28;27;32;31;31;29;22
BAO;50844;07WK;23;23;22;21;17;16;16;16;16;15;16;16;15;14;15
BAO;50844;10OC;24;24;23;22;18;19;18;21;22;19;23;24;22;20;31
BAO;50844;12KE;21;18;19;17;15;13;15;18;18;17;20;21;24;22;25
BAO;50844;15BY;11;11;11;13;10;9;9;10;8;10;10;10;8;9;8
BAO;50844;15BZ;31;26;24;26;17;18;18;17;18;17;21;23;24;24;23
BAO;50844;15GV;32;31;35;37;24;24;23;25;26;25;24;31;34;29;21
BAO;50844;27JK;30;29;31;29;26;25;27;29;30;29;34;39;41;41;41
BAO;50949;00GV;26;27;27;27;25;27;34;39;39;43;40;40;39;41;35
BAO;50949;00IF;12;12;14;11;12;9;10;10;10;10;11;11;11;11;10
BAO;50949;03XZ;51;52;53;49;45;41;36;40;41;40;42;45;40;40;37
BAO;50949;05DN;15;15;16;16;16;15;15;16;14;14;17;17;16;16;16
BAO;50949;06AG;15;14;16;12;11;11;13;13;13;13;14;13;10;13;13
BAO;50949;06NC;37;35;35;32;32;30;28;28;24;23;28;24;21;20;23
BAO;50949;06SB;32;30;27;25;21;23;23;22;24;22;25;26;23;21;21
BAO;50949;06YU;12;10;11;10;9;8;9;10;10;12;12;12;11;10;11
BAO;50949;08RN;35;33;33;31;31;31;28;32;30;31;32;31;30;27;29
BAO;50988;06NX;29;27;28;30;28;30;30;35;34;36;39;42;33;33;37
BAO;52131;11QB;35;35;33;31;32;31;31;31;33;30;27;28;29;30;34
BAO;52131;12AY;43;44;39;40;39;37;37;39;39;39;42;37;39;39;40
BAO;52131;12SR;14;16;16;17;18;18;18;20;18;20;17;19;17;15;20
BAO;52131;12ZG;37;35;34;34;31;30;29;28;22;24;21;27;26;22;21
BAO;53015;11DO;25;24;21;24;25;25;29;29;32;33;35;36;37;0;0
BAO;53015;11QD;27;25;22;29;27;25;29;31;31;32;30;26;27;0;0
BAO;53015;12KH;30;26;23;28;30;29;33;33;35;34;38;37;36;0;0
BAO;53015;12SU;39;38;34;36;37;42;44;50;53;54;58;58;60;0;0
BAO;53015;12ZI;23;24;22;26;26;28;29;32;31;33;31;34;31;0;0
BAO;53015;13FF;22;25;31;35;43;42;47;55;57;58;59;60;57;0;0
BAO;53015;21QZ;38;40;46;46;57;64;46;43;48;53;54;66;54;0;0
BAO;53150;07IZ;7;8;8;8;9;9;9;9;11;10;11;10;8;9;0
BAO;53150;08DC;12;11;10;9;8;8;9;8;6;7;8;9;9;10;0
BAO;53150;09DN;9;8;9;10;10;9;10;9;11;11;6;6;*;*;0
BAO;53197;04YQ;38;38;41;41;39;41;39;39;39;40;42;45;43;44;44
BAO;53210;04YR;35;36;39;37;40;40;45;43;39;42;40;38;35;36;36
BAO;53262;04YT;28;26;27;27;27;31;34;32;36;39;42;41;33;28;28
BAO;53444;05GJ;26;24;25;25;25;27;27;26;29;30;25;23;21;20;18
BAO;53730;04YY;50;40;41;47;44;45;49;55;49;48;51;48;44;40;39
BAO;53860;18FV;17;15;15;20;24;31;34;38;32;37;44;42;23;19;18
BAO;53860;18LM;18;19;18;17;20;16;19;21;25;27;29;30;29;24;21
BAO;53860;32BU;0;0;0;0;0;0;0;0;0;0;0;0;0;23;22
BAO;54417;32FE;0;0;0;0;0;0;0;0;0;0;0;0;0;5;6
BAO;55238;03VV;9;8;9;8;9;10;9;9;10;10;11;0;9;9;8
BAO;55238;04BD;15;15;16;14;18;20;19;19;18;19;21;0;27;22;24
BAO;55238;04UC;26;25;22;21;23;21;21;21;20;24;22;0;28;26;24
BAO;55238;05JK;22;21;17;17;20;22;20;22;22;24;25;0;26;28;25
BAO;55238;07QQ;32;28;27;28;27;28;26;28;24;22;25;0;24;22;21
BAO;55238;07TE;18;18;17;19;17;16;15;13;17;19;21;0;24;22;21
BAO;55238;07VO;20;20;19;21;22;18;16;18;22;20;22;0;21;19;19
BAO;55238;08YA;11;11;11;11;13;14;14;16;16;15;19;0;17;13;13
BAO;55238;08YT;23;20;19;20;20;21;16;15;17;18;21;0;24;23;24
BAO;55238;08ZD;20;19;18;20;23;19;17;19;20;21;25;0;22;23;20
BAO;55238;09AO;36;34;34;35;35;33;32;33;32;32;30;0;28;29;28
BAO;55238;10PA;35;31;27;26;28;28;27;25;26;27;30;0;30;28;29
BAO;55238;10PX;25;21;21;23;25;26;25;25;26;28;33;0;35;36;37
BAO;55238;11QG;21;16;15;15;15;14;11;12;16;15;17;0;20;19;19
BAO;55238;12KJ;35;30;29;31;27;27;23;19;23;20;23;0;23;24;26
BAO;55238;15BX;38;37;34;36;34;25;25;25;26;26;26;0;27;25;24
BAO;55238;15CY;38;34;33;33;32;29;28;29;31;29;31;10;33;28;28
BAO;55238;15IX;19;18;16;17;18;19;13;15;15;15;18;0;18;17;20
BAO;55238;16BC;15;13;13;15;14;15;14;15;16;18;18;0;18;17;19
BAO;55303;08YB;54;53;58;59;59;71;63;62;38;40;39;37;38;36;34
BAO;55303;09VO;23;21;20;20;16;17;15;14;15;14;16;15;16;20;23
BAO;55303;10GE;31;31;32;34;32;29;29;30;34;35;37;38;38;37;44
BAO;55303;10PI;36;35;35;38;39;41;43;45;47;44;47;46;48;47;48
BAO;55303;10XF;26;26;27;28;29;30;30;31;29;29;27;28;30;28;29
BAO;55303;11DS;30;30;29;27;30;34;38;35;33;31;33;35;36;35;34
BAO;55303;31MA;0;0;0;0;0;0;0;0;23;21;21;21;18;19;19
BAO;57266;04TD;37;37;0;39;39;40;39;43;50;46;38;37;44;43;42
BAO;57266;07NB;19;18;0;18;17;17;16;19;20;23;24;24;21;19;24
BAO;57266;09AW;44;38;8;38;37;38;38;37;36;40;39;39;39;33;35
BAO;57266;09UI;22;22;0;22;23;23;20;21;26;22;20;23;21;18;22
BAO;57266;17MJ;46;44;53;47;48;49;43;47;47;52;47;54;57;63;64
BAO;57266;17MY;21;22;19;19;18;17;17;18;18;16;14;6;0;0;0
BAO;57266;17NV;26;26;31;28;29;26;27;27;27;26;24;26;26;24;21
BAO;57266;17QS;37;34;25;21;14;16;15;16;19;21;22;19;22;22;20
BAO;57266;20UL;41;40;18;41;41;43;37;43;45;42;34;31;31;27;27
BAO;57266;20UW;33;31;0;27;29;26;25;26;27;28;26;28;26;24;25
BAO;57266;20VB;96;98;0;104;114;114;117;119;75;70;80;87;80;82;73
BAO;57266;20VD;15;12;0;16;18;16;17;18;18;16;12;15;15;20;15
BAO;57266;20VF;18;19;0;17;17;18;21;22;23;23;23;23;28;28;29
BAO;57969;06OS;27;27;26;29;31;30;29;28;31;28;29;38;36;35;42
BAO;58761;05NT;28;28;24;23;29;47;51;54;66;75;80;90;76;64;28
BAO;58761;05RB;10;10;8;9;8;8;8;8;10;9;7;8;9;11;10
BAO;58761;06LX;17;16;14;16;16;16;20;17;15;18;20;21;19;20;18
BAO;58761;06QE;8;7;7;8;10;10;13;10;11;13;11;12;13;11;10
BAO;58761;07YR;10;11;10;8;10;10;8;11;14;13;13;14;13;14;15
BAO;58761;08UT;20;16;16;16;17;18;16;20;18;20;16;19;18;13;9
BAO;58761;10MI;62;61;63;65;70;51;47;48;50;47;50;54;55;43;44
BAO;58761;11BT;19;21;19;18;19;18;15;16;15;14;16;17;16;15;16
BAO;58761;13JX;46;46;47;50;56;58;52;51;55;56;54;61;62;43;36
BAO;58761;13TB;12;12;11;13;16;17;11;17;21;20;19;16;16;16;14
BAO;58761;19LD;29;28;30;29;28;28;28;26;26;26;32;29;29;25;25
BAO;58761;19LU;14;14;17;15;14;16;16;15;17;19;18;21;19;19;18
BAO;58761;19MF;19;21;21;22;19;19;19;19;18;18;21;20;21;20;20
BAO;58761;19MN;18;17;19;16;15;16;15;16;18;17;16;16;14;14;13
BAO;58761;19MY;29;29;26;23;19;20;18;17;17;19;21;21;20;18;19
BAO;58761;19NB;29;29;28;33;34;36;36;40;39;35;35;34;31;30;28
BAO;58761;19NE;29;29;26;27;28;29;37;36;38;39;39;47;64;76;74
BAO;58761;19NH;24;24;23;23;24;24;17;18;19;17;20;17;16;17;14
BAO;58761;19NM;38;35;34;33;33;32;31;35;38;38;34;34;34;31;35
BAO;58761;19NP;20;19;17;16;17;18;18;18;18;19;19;21;22;20;29
BAO;58761;19NS;22;24;38;36;31;22;17;14;13;15;17;18;14;14;15
BAO;58761;19NV;58;54;52;50;51;52;47;47;50;47;51;46;43;43;41
BAO;58761;19OB;28;24;22;21;24;19;19;20;21;21;20;20;20;21;21
BAO;58761;19OF;29;27;23;25;26;25;22;22;21;23;24;25;27;30;20
BAO;58761;26AH;31;32;32;33;32;35;35;30;34;36;37;36;33;36;39
BAO;58761;31BK;0;0;0;0;0;22;19;20;20;17;19;18;21;20;18
BAO;58826;07RC;25;25;23;24;22;23;23;25;24;26;25;23;0;24;23
BAO;59282;05MY;12;12;11;11;12;10;11;12;13;12;13;14;13;12;12
BAO;59282;06EJ;20;20;16;16;17;16;13;13;17;20;26;27;29;35;46
BAO;59282;10RF;49;41;33;36;36;38;42;38;43;41;45;42;44;43;47
BAO;59451;06OU;21;22;20;20;20;21;22;21;21;23;27;24;24;24;19
BAO;59555;04QM;34;32;33;32;33;29;31;29;28;27;27;24;23;25;24
BAO;59555;09NH;30;31;33;27;27;28;26;27;31;33;37;38;36;36;36
BAO;59555;27LR;33;35;37;36;39;37;36;41;39;39;40;35;36;35;34
BAO;59867;06OX;17;14;11;*;0;0;0;0;0;0;0;0;0;0;0
BAO;59919;03ZE;27;24;26;24;27;26;27;31;33;35;40;44;40;41;38
BAO;59984;06OZ;33;31;27;26;28;27;24;23;23;23;23;25;26;24;21
BAO;60061;05BO;45;45;45;43;42;42;40;40;46;45;50;47;47;43;41
BAO;60686;06PN;17;18;18;17;16;13;12;13;13;13;14;14;13;10;9
BAO;60829;06PS;17;16;15;14;14;15;13;15;14;13;15;14;15;15;14
BAO;60985;14KM;9;11;11;23;39;44;41;45;11;17;16;14;13;13;14
BAO;60985;15FM;15;16;15;18;17;17;18;18;18;19;22;24;24;25;23
BAO;60985;15IR;11;10;12;12;13;10;12;11;11;19;17;22;17;16;18
BAO;60985;15LH;10;10;43;34;34;31;27;27;31;31;32;28;28;25;25
BAO;60985;15QG;14;14;14;15;14;14;17;19;22;17;20;20;20;18;20
BAO;60985;15SQ;30;28;28;26;24;26;22;21;23;20;19;18;16;16;16
BAO;60985;15UW;53;54;18;19;18;18;17;15;14;17;15;12;13;17;16
BAO;60985;32GR;0;0;0;0;0;0;0;0;0;0;0;0;0;0;6
BAO;60997;09BC;21;15;14;11;11;12;12;13;13;15;15;14;17;21;22
BAO;60997;15OY;34;34;34;59;48;72;80;106;111;96;86;113;45;46;43
BAO;60997;15YF;58;55;54;48;50;44;44;43;48;48;50;52;59;56;62
BAO;60997;16BU;30;29;28;23;22;22;21;22;23;26;23;24;25;27;26
BAO;60997;16DG;30;32;29;30;30;29;30;33;33;31;29;29;27;29;33
BAO;60997;16EQ;47;46;40;40;35;37;46;47;46;41;45;42;48;58;55
BAO;60997;16FW;29;27;25;26;29;24;26;28;29;28;27;35;30;27;24
BAO;60997;16JV;45;44;43;41;33;31;32;33;34;33;30;27;28;26;26
BAO;60997;16KW;21;21;21;22;20;21;19;20;24;23;23;23;25;27;24
BAO;60997;16MX;46;50;53;49;52;49;23;24;27;26;20;22;26;22;19
BAO;60997;22JV;23;24;22;22;20;21;18;19;18;20;21;20;18;19;16
BAO;60997;31ET;0;0;0;0;0;0;28;29;26;26;26;26;26;26;26
BAO;60998;06PX;24;22;20;7;0;0;0;0;0;0;0;0;0;0;0
BAO;61661;08OZ;13;12;12;13;13;14;16;17;17;16;15;17;17;17;14
BAO;61751;04PO;18;15;13;13;14;27;32;34;32;43;40;39;38;52;46
BAO;61751;09QR;25;22;23;21;24;22;21;24;22;23;22;22;21;20;18
BAO;61751;09UG;25;27;28;26;25;30;29;31;32;32;33;35;29;26;21
BAO;61751;10KP;17;16;16;16;14;14;14;17;17;18;19;19;17;17;16
BAO;61751;12KM;19;18;19;18;17;17;15;16;15;13;12;14;13;12;15
BAO;61751;12TB;11;11;13;11;9;8;8;9;9;11;11;12;12;12;11
BAO;61751;12ZN;21;21;23;24;24;24;23;23;24;24;27;28;28;24;25
BAO;61751;13FI;16;11;12;10;12;12;12;13;12;13;12;11;13;13;14
BAO;61751;13PK;12;12;11;9;10;10;9;10;10;10;11;12;13;12;12
BAO;61751;13TK;8;8;9;8;8;10;8;8;10;10;9;10;11;11;11
BAO;61751;22LL;36;35;37;35;34;34;34;35;33;30;30;29;27;27;22
BAO;61829;05CH;35;34;32;41;52;59;44;48;52;50;52;64;57;52;48
BAO;61960;06RE;24;23;23;23;23;35;41;40;35;37;35;32;35;27;22
BAO;61960;06UQ;12;9;12;15;16;15;14;20;19;20;21;23;22;22;23
BAO;61960;06XQ;20;19;20;21;22;20;20;23;26;26;35;34;36;38;37
BAO;61960;08CM;39;32;28;25;25;28;32;35;42;36;44;42;39;42;40
BAO;61960;09DH;29;24;26;26;33;35;44;48;51;56;61;59;24;23;22
BAO;61960;24RU;21;25;22;23;24;29;28;31;28;26;27;27;24;22;20
BAO;61960;32BN;0;0;0;0;0;0;0;0;0;0;0;0;34;40;37
BAO;62584;06RM;15;16;23;22;26;29;37;39;46;51;56;58;44;46;46
BAO;62584;32AK;0;0;0;0;0;0;0;0;0;0;0;0;17;19;25
BAO;62662;04NN;19;19;22;23;23;21;20;20;19;20;22;24;27;25;27
BAO;62662;06PC;16;16;15;18;19;21;24;23;25;27;29;32;34;38;37
BAO;62662;09QA;25;23;24;24;25;28;24;25;22;19;20;21;24;23;23
BAO;62662;17PA;36;35;33;30;31;28;24;22;22;23;29;25;29;24;23
BAO;62662;17QE;26;25;26;25;27;26;26;28;27;27;28;30;30;32;34
BAO;62662;17ST;19;16;17;17;16;19;20;23;19;18;20;22;22;20;19
BAO;62662;17TC;27;29;28;25;26;27;25;27;27;23;29;29;27;31;27
BAO;62662;17TX;18;17;15;19;20;17;20;21;21;22;23;25;26;25;23
BAO;62662;17UC;29;29;28;30;34;30;33;32;34;39;37;41;34;32;25
BAO;62662;17XB;43;47;45;45;46;44;42;43;41;45;47;49;51;56;49
BAO;62662;17XZ;20;17;19;19;21;21;21;20;20;19;21;19;22;20;21
BAO;62662;17YN;20;19;18;16;17;16;17;15;19;17;18;18;18;18;21
BAO;62662;17YX;24;29;28;26;30;29;29;30;29;29;30;31;26;24;28
BAO;62662;17ZG;18;20;20;22;26;24;25;26;24;24;26;28;29;29;28
BAO;62662;17ZR;127;134;102;106;110;117;108;107;106;96;95;121;128;128;146
BAO;62662;17ZY;13;11;11;11;12;14;14;16;16;20;17;15;19;18;18
BAO;62662;18AC;21;21;20;20;21;22;21;22;21;21;21;23;25;25;27
BAO;62662;27CN;52;56;52;55;54;55;55;54;56;51;63;60;59;59;64
BAO;62662;27CR;36;34;34;32;33;31;31;31;32;35;38;37;34;34;32
BAO;62662;28AE;34;32;29;31;31;29;31;31;35;34;36;36;37;33;31
BAO;62662;28AF;53;53;55;49;55;52;49;50;50;43;43;38;41;38;40
BAO;62662;30GY;12;18;22;30;40;40;43;52;55;60;60;59;60;48;54
BAO;62662;30VB;0;0;26;31;32;30;30;32;33;35;39;35;33;37;31
BAO;62662;31JN;0;0;0;0;0;0;0;*;*;6;13;17;30;31;34
BAO;62778;15CP;21;22;22;22;21;20;23;26;26;25;29;28;25;27;28
BAO;62818;04AA;28;23;23;23;23;25;28;27;27;26;25;26;25;26;22
BAO;63039;06RR;25;22;22;21;24;24;24;23;25;25;24;23;23;21;21
BAO;63091;06RT;11;10;11;12;11;11;12;12;12;13;13;16;13;15;15
BAO;64169;15CQ;15;14;13;12;13;14;15;14;16;17;23;24;17;19;19
BAO;65287;15JC;25;25;24;27;83;73;54;57;42;16;17;19;18;15;17
BAO;65287;15XP;39;42;37;38;38;34;32;29;26;23;25;16;44;38;35
BAO;65287;15ZP;17;17;18;18;27;27;22;10;9;*;14;16;15;14;16
BAO;65287;16BH;31;28;26;28;23;23;17;18;14;14;30;31;29;28;33
BAO;65287;16IE;37;36;30;34;32;30;29;30;32;36;19;21;18;18;17
BAO;65287;17LE;44;43;42;51;48;49;54;55;51;46;42;41;46;46;48
BAO;65287;17LY;35;35;36;38;35;37;52;51;61;98;115;139;168;155;139
BAO;65287;17OC;18;17;16;18;15;15;16;14;15;14;12;12;13;13;15
BAO;65287;17PI;61;60;60;60;62;63;66;63;63;66;31;33;35;33;35
BAO;65287;17QN;25;23;23;22;24;21;19;18;21;22;21;21;26;28;31
BAO;65287;17RC;28;26;28;27;28;26;26;31;28;27;25;30;28;30;31
BAO;65287;17SZ;34;36;39;38;42;42;39;43;40;37;35;35;32;33;31
BAO;65287;17TI;56;56;41;40;44;40;37;37;36;28;28;30;29;29;28
BAO;65287;23RW;73;66;66;66;63;58;51;51;50;46;61;82;39;38;39
BAO;65287;23RX;91;79;58;61;37;37;32;30;30;28;32;34;37;35;37
BAO;65287;30VC;0;0;25;25;27;24;25;27;26;26;30;30;29;34;35
BAO;65768;16VV;18;18;17;16;16;16;15;14;13;14;17;15;14;14;11
BAO;68329;03YS;23;23;24;23;23;24;19;23;23;25;29;26;30;34;25
BAO;68329;05EO;19;17;17;17;18;19;19;20;22;18;21;22;28;22;22
BAO;68329;06OQ;20;20;19;18;18;19;17;20;21;22;23;27;29;31;28
BAO;68836;03LS;18;18;18;18;17;17;18;19;21;23;26;24;40;38;38
BAO;68836;03NP;14;14;14;15;16;16;17;18;17;17;21;21;21;17;15
BAO;68836;03RC;13;13;13;11;13;12;11;12;12;11;12;13;13;12;13
BAO;68836;03UJ;22;20;19;20;22;22;21;24;27;30;29;31;32;32;32
BAO;68836;06JC;28;28;28;27;32;35;30;32;35;31;32;30;27;27;27
BAO;68836;06RP;20;20;20;21;20;21;21;22;23;21;21;23;24;23;21
BAO;68836;06TR;12;12;14;12;16;13;11;12;12;15;13;14;12;14;12
BAO;68836;07RM;17;17;17;17;17;18;19;19;18;16;16;16;15;13;13
BAO;68836;08ZB;16;17;16;16;20;20;16;17;15;16;17;17;14;14;13
BAO;68836;09LC;12;12;13;13;16;15;15;15;16;17;15;14;14;13;13
BAO;68836;09WN;29;27;27;26;27;32;31;33;36;32;35;37;39;35;38
BAO;68836;10GD;22;23;25;24;25;22;23;25;23;23;27;26;26;25;26
BAO;68836;10HT;43;43;41;43;47;49;45;48;42;43;43;43;37;34;34
BAO;69447;03IX;26;29;24;21;19;20;19;15;15;13;13;13;14;13;12
BAO;69447;03SN;13;11;12;16;18;19;20;18;21;21;20;22;23;18;17
BAO;69447;07CL;21;18;17;18;18;18;19;16;18;16;18;20;22;19;17
BAO;69447;09LT;27;17;16;13;13;13;10;5;0;0;0;0;0;0;0
BAO;69447;17WX;23;21;23;22;23;22;25;26;25;27;29;29;26;25;20
BAO;69447;17XV;17;16;17;18;20;22;23;24;25;25;23;23;26;23;24
BAO;69447;20IN;47;42;44;47;46;54;52;52;49;52;53;51;50;42;42
BAO;69447;20IR;28;27;28;30;31;32;29;26;22;21;19;18;21;19;19
BAO;69447;20IZ;22;23;30;23;20;21;22;23;25;25;24;27;28;23;18
BAO;69643;06SJ;14;14;15;16;16;18;17;19;19;17;17;18;19;20;19
BAO;69669;09MS;31;31;25;27;24;25;24;23;21;20;25;23;25;30;30
BAO;69669;18BA;34;33;34;34;36;35;39;39;38;39;39;47;44;45;41
BAO;69669;18BM;23;22;23;22;24;26;23;22;22;19;21;29;22;18;20
BAO;69669;18CF;28;24;29;28;29;33;28;32;33;35;40;46;40;42;39
BAO;69669;18HL;51;23;27;26;29;31;29;29;30;32;33;31;30;25;28
BAO;69669;18LB;13;15;14;18;19;23;25;25;30;37;39;37;33;35;36
BAO;69669;18NS;28;25;25;22;22;28;24;22;27;24;25;24;23;27;31
BAO;69669;18PC;24;21;21;20;22;25;27;29;25;25;28;29;26;28;25
BAO;69669;18QF;28;25;26;29;28;36;39;39;44;45;45;44;43;39;33
BAO;69669;30PF;0;*;*;6;8;12;17;19;27;32;35;41;37;38;37
BAO;69669;30RH;0;35;36;42;43;47;54;54;48;50;53;55;30;35;40
BAO;69669;32BX;0;0;0;0;0;0;0;0;0;0;0;0;*;26;30
BAO;69799;06SO;17;18;21;20;19;20;22;21;22;21;22;20;20;21;21
BAO;69877;04PP;19;19;20;19;18;16;17;20;23;20;19;22;21;19;19
BAO;69877;04PY;12;11;11;11;11;10;9;12;16;16;15;14;16;12;13
BAO;69877;06RS;11;11;13;9;9;8;8;9;10;9;8;9;10;12;11
BAO;69877;10IY;17;16;17;17;15;14;15;15;15;17;15;13;13;15;13
BAO;69877;15XE;29;26;28;28;29;30;27;30;32;32;31;31;30;26;25
BAO;69877;15ZF;18;17;15;15;15;17;20;19;22;18;18;20;21;16;15
BAO;69877;16AZ;37;40;34;35;35;38;39;38;42;40;39;36;35;37;33
BAO;69877;16CN;37;34;34;37;35;36;33;35;33;33;34;32;29;31;25
BAO;69877;16DX;15;15;12;12;10;11;13;15;15;15;15;14;15;15;13
BAO;69877;16FI;24;23;22;22;24;26;26;30;30;33;35;38;43;38;30
BAO;69877;16GQ;24;22;22;26;25;24;23;25;21;21;16;15;16;16;15
BAO;69877;22KL;17;18;16;18;17;15;17;18;20;20;20;21;22;21;22
BAO;69877;30KF;6;7;11;13;13;13;15;18;20;20;23;22;19;14;14
BAO;70002;03SY;24;22;24;23;23;21;20;22;22;21;19;19;19;19;18
BAO;70002;03TP;16;16;16;15;16;15;17;19;22;18;22;18;21;20;18
BAO;70002;03UB;31;36;37;36;35;35;31;32;31;34;38;35;34;31;25
BAO;70002;03YM;16;15;15;17;17;19;20;20;23;24;22;23;22;21;20
BAO;70002;05BK;21;19;19;19;18;18;16;16;19;16;18;19;18;19;16
BAO;70002;06LL;22;20;21;21;20;19;21;23;21;25;25;23;25;22;23
BAO;70002;07RK;25;23;24;25;24;22;25;25;26;25;24;25;22;22;22
BAO;70002;08XT;34;29;30;30;31;27;24;27;24;25;27;23;24;21;20
BAO;70002;10OE;20;17;17;17;19;18;18;19;23;22;25;24;23;22;19
BAO;70002;10QE;39;41;43;42;39;43;40;41;36;36;39;31;28;28;17
BAO;70002;11EW;21;20;21;20;23;21;18;19;18;17;20;18;14;11;11
BAO;70002;11QY;34;30;33;35;35;32;31;37;39;43;43;41;40;38;38
BAO;70002;24ZB;58;55;58;56;58;54;49;51;53;52;49;47;40;35;31
BAO;70085;13CY;72;72;74;70;72;77;81;86;89;98;98;96;0;49;50
BAO;70085;13NI;20;20;19;19;17;16;15;17;14;17;14;15;12;14;12
BAO;70085;13RU;39;34;32;31;31;31;31;29;30;30;32;28;30;30;26
BAO;70085;32BR;0;0;0;0;0;0;0;0;0;0;0;0;47;48;50
BAO;70176;05OL;19;20;20;21;21;20;22;19;19;20;22;21;19;18;16
BAO;70176;07YO;16;17;17;19;18;18;19;19;19;21;21;23;25;20;20
BAO;70176;16WH;19;18;19;16;19;18;19;19;25;34;37;44;48;53;54
BAO;70176;16XN;36;36;40;37;36;37;37;39;36;38;38;39;49;48;44
BAO;70176;16ZP;22;22;22;22;22;22;24;25;26;29;28;33;33;29;21
BAO;70176;17PB;30;32;34;34;32;32;29;30;28;26;27;34;36;39;39
BAO;70176;17PQ;26;24;24;22;22;20;19;19;19;20;20;21;20;21;19
BAO;70176;17QF;22;23;23;22;21;22;14;15;14;15;14;16;18;19;22
BAO;70176;17RI;21;18;17;19;20;20;21;26;27;29;30;31;32;30;28
BAO;70176;17RV;47;48;47;49;49;35;36;40;41;38;42;40;42;40;37
BAO;70176;17SI;22;20;17;19;19;19;16;14;14;14;13;16;16;19;17
BAO;70176;17SU;24;25;24;28;25;24;21;23;22;23;22;21;22;21;23
BAO;70176;17TD;47;45;43;45;46;46;40;39;41;41;38;41;42;45;45
BAO;70176;17TN;40;40;46;43;42;44;42;39;34;36;44;45;49;47;50
BAO;70176;17TT;29;29;32;27;28;26;25;17;24;21;24;30;31;30;32
BAO;70176;17TY;44;45;46;47;44;44;35;35;34;41;46;45;50;48;41
BAO;70176;17UD;35;33;32;33;31;32;31;33;33;33;36;39;42;45;38
BAO;70176;17VA;32;32;33;34;34;33;34;37;39;40;40;42;42;38;42
BAO;70176;17XC;26;26;26;29;28;28;25;26;24;25;26;29;27;27;24
BAO;70176;17YA;33;33;36;31;31;29;27;22;23;25;29;27;27;27;25
BAO;70176;17YO;20;19;20;21;22;22;23;21;23;23;24;28;26;29;27
BAO;70176;17YY;27;29;27;26;26;25;27;26;27;32;33;39;36;29;31
BAO;70176;17ZH;35;33;29;28;27;28;28;24;24;23;26;26;16;21;26
BAO;70176;17ZM;21;19;24;16;15;16;15;16;16;17;20;13;10;14;13
BAO;70176;17ZS;25;22;21;21;19;20;17;15;17;15;19;21;22;21;23
BAO;70176;17ZZ;31;30;30;29;29;31;31;29;29;31;37;38;39;42;37
BAO;70176;19TA;21;21;21;23;21;20;19;19;17;20;20;20;20;21;22
BAO;70176;19VH;21;19;20;21;23;38;38;41;44;45;52;47;43;41;43
BAO;70176;26AZ;63;60;61;67;65;66;60;65;68;76;36;36;32;35;37
BAO;70176;31RW;0;0;0;0;0;0;0;0;0;0;38;40;40;40;41
BAO;70358;04AM;12;13;13;14;14;15;15;18;19;20;20;23;17;15;15
BAO;71242;06TU;22;19;21;23;22;20;22;21;23;21;22;22;22;21;19
BAO;71488;03TB;90;86;87;87;21;20;20;22;25;24;24;27;28;27;30
BAO;71488;04WU;36;36;35;36;36;38;37;39;43;42;44;47;45;44;42
BAO;71488;06KF;13;14;16;14;14;14;17;17;19;19;27;27;29;27;28
BAO;71488;06LM;31;30;26;25;19;17;18;17;16;15;17;17;18;21;20
BAO;71488;06ZN;33;30;30;32;31;33;36;36;37;35;38;41;37;39;39
BAO;71488;15CZ;26;25;26;27;27;27;26;30;27;29;33;34;37;37;34
BAO;71488;15HB;33;30;30;27;27;28;30;29;28;28;31;29;31;32;36
BAO;71488;15ML;35;30;29;27;28;27;29;30;30;34;38;39;41;42;45
BAO;71488;15OZ;16;15;13;14;11;12;13;29;24;23;21;19;18;19;20
BAO;71488;15TT;27;30;31;30;28;30;28;24;27;27;30;30;30;30;30
BAO;71488;15YG;39;35;40;40;40;40;40;23;26;22;21;21;19;22;21
BAO;71488;17KD;21;17;17;19;20;21;20;20;22;25;24;29;28;33;28
BAO;71488;20IM;30;28;26;32;28;27;25;24;23;22;22;24;21;21;20
BAO;71488;20IQ;23;22;20;21;22;23;22;23;22;21;22;26;27;28;25
BAO;71488;20IT;20;21;21;22;22;20;18;20;20;20;24;30;23;22;23
BAO;71488;20IY;22;23;23;24;23;26;24;22;25;24;25;28;24;24;26
BAO;71488;20JB;21;19;18;17;16;17;15;16;15;18;21;22;22;23;19
BAO;71488;21RT;23;22;22;21;20;19;17;13;14;14;16;16;16;14;14
BAO;71488;23PG;29;29;29;29;27;29;25;27;24;22;21;20;18;17;20
BAO;71488;27LV;0;0;0;0;60;57;56;54;53;50;50;47;49;44;42
BAO;71488;27NR;61;54;56;54;54;52;57;58;59;61;58;69;67;68;65
BAO;71488;29XW;20;20;26;25;24;21;22;22;21;17;22;18;22;22;22
BAO;71502;06UD;22;19;19;19;19;21;19;22;22;23;23;24;26;24;24
BAO;71956;03TZ;21;18;16;13;13;12;11;10;14;14;17;14;15;13;14
BAO;71956;04UD;23;23;22;18;20;18;17;17;17;18;19;17;19;20;21
BAO;71956;04YJ;34;31;27;27;30;26;26;28;25;29;29;29;30;31;29
BAO;71956;06YO;43;38;34;31;29;29;29;31;32;20;16;15;17;17;19
BAO;71956;07TP;28;32;29;26;26;20;19;23;22;21;19;16;17;14;14
BAO;71956;08MX;12;14;11;9;9;9;10;9;9;12;11;12;0;0;0
BAO;71956;08ZI;35;38;33;27;32;28;30;30;29;32;31;27;32;27;23
BAO;71956;14ZV;14;13;15;12;12;12;11;12;10;12;14;13;12;10;12
BAO;72087;04BK;29;29;31;34;37;44;50;59;70;53;55;51;46;50;50
BAO;72087;31PP;0;0;0;0;0;0;0;0;0;22;27;23;23;23;24
BAO;72100;06UW;36;39;38;39;42;39;42;42;43;44;43;45;47;42;44
BAO;72242;15DA;19;19;19;19;19;16;17;16;17;17;18;17;19;20;20
BAO;72386;06VD;22;22;24;23;21;22;20;18;20;19;18;18;16;16;18
BAO;72853;11QQ;43;39;38;37;35;38;42;42;42;39;39;42;42;38;40
BAO;72853;12TD;56;58;57;57;60;58;52;49;47;40;36;34;34;27;30
BAO;72853;13FK;16;14;16;17;18;18;20;22;21;18;18;20;22;23;27
BAO;72853;13KQ;15;17;17;15;16;15;16;17;16;16;16;17;17;17;17
BAO;72853;13PL;42;40;43;40;39;36;39;38;37;39;42;41;43;40;38
BAO;72853;27PK;19;20;18;19;18;18;19;21;20;18;19;21;19;18;19
BAO;73191;06XP;14;12;11;10;10;7;6;6;8;7;6;8;8;9;10
BAO;73191;09VI;35;39;30;29;29;28;30;34;33;34;39;42;44;43;46
BAO;73191;14ZO;10;12;11;11;11;10;10;6;6;7;9;*;0;0;0
BAO;73191;19LE;41;44;38;40;36;39;35;29;28;27;28;24;27;25;23
BAO;73191;19LV;16;14;16;14;12;12;11;11;10;11;11;8;9;9;9
BAO;73191;19MG;33;36;33;32;35;32;32;33;34;37;38;38;37;38;37
BAO;73283;09PD;41;37;38;40;38;37;39;39;40;40;41;42;46;46;43
BAO;73556;06WB;45;44;43;42;40;40;40;43;39;37;36;34;35;30;32
BAO;73712;03MH;10;11;8;6;9;9;7;5;8;9;10;8;7;8;7
BAO;73712;03QN;15;14;12;11;10;9;10;10;12;12;12;12;11;12;10
BAO;73712;03VI;10;10;9;8;6;5;6;7;6;7;10;8;8;10;9
BAO;73712;06HU;11;10;10;7;8;8;9;9;9;8;8;8;6;7;5
BAO;73712;06LT;18;17;17;16;17;18;60;59;44;54;48;105;137;114;111
BAO;73712;06MI;24;22;22;17;18;13;14;14;14;15;17;16;14;16;15
BAO;73712;09PM;17;17;17;17;16;17;14;16;18;19;19;17;11;18;17
BAO;73712;09UH;19;17;17;17;13;15;16;18;19;20;22;17;16;15;14
BAO;73712;10JO;48;43;43;44;42;46;21;22;22;23;22;21;21;22;20
BAO;73712;10NK;12;12;10;10;10;11;11;11;12;13;14;11;8;9;7
BAO;73712;11CS;23;23;24;22;23;25;26;25;25;25;24;18;17;21;19
BAO;73712;12AL;26;25;27;28;26;25;26;27;25;26;27;23;22;23;18
BAO;73712;12HC;24;24;24;21;18;20;19;19;19;21;22;27;25;31;27
BAO;73712;12JS;13;10;10;9;10;10;10;9;11;13;14;8;8;8;7
BAO;73712;12SE;20;20;20;18;17;18;18;18;17;17;17;13;12;14;12
BAO;73712;12XE;17;17;16;15;15;12;11;9;10;10;9;9;9;10;9
BAO;73712;15CR;14;14;13;13;13;13;14;14;14;15;18;12;10;14;13
BAO;73712;21ON;22;21;21;18;16;13;8;10;11;12;13;11;11;11;12
BAO;73712;25GK;31;27;27;26;24;24;21;25;26;24;25;25;25;23;22
BAO;73724;07UQ;24;24;24;28;26;29;31;33;36;34;38;35;33;29;32
BAO;73919;03TM;41;37;38;37;35;32;33;35;38;25;22;22;20;21;21
BAO;73919;04TM;13;13;13;11;10;11;12;13;9;9;10;10;9;10;14
BAO;73919;04VH;10;7;7;6;7;7;5;7;9;8;8;8;7;0;0
BAO;73919;05BH;35;32;31;30;29;30;31;34;32;33;35;32;33;29;28
BAO;73919;05BI;23;23;24;22;20;20;20;21;24;24;21;23;24;24;25
BAO;73919;05DH;29;24;26;24;23;23;23;20;21;21;22;20;18;20;19
BAO;73919;05FM;30;25;26;22;20;19;18;20;17;17;19;19;21;20;23
BAO;73919;05JF;26;30;31;21;22;19;23;18;14;15;14;14;12;14;17
BAO;73919;06TD;19;16;15;15;14;12;13;15;14;14;11;11;11;12;16
BAO;73919;07RL;35;35;36;36;38;37;36;31;37;38;37;35;35;36;35
BAO;73919;08NP;57;46;48;49;44;43;43;44;48;46;43;41;46;39;44
BAO;73919;08ZX;29;26;27;26;30;28;30;33;34;35;37;35;35;31;36
BAO;73919;09QG;32;29;29;26;24;26;24;24;24;26;27;24;22;25;26
BAO;73919;09XB;21;19;22;20;24;23;20;21;23;20;23;23;20;18;19
BAO;73919;10OU;28;25;28;30;33;37;41;45;45;48;50;52;51;47;50
BAO;73919;10PN;15;14;15;13;15;13;14;16;17;19;19;18;18;17;20
BAO;73919;11DX;27;23;24;22;31;32;32;34;41;44;43;53;45;49;45
BAO;73919;11RG;36;32;31;31;31;36;36;39;36;38;45;40;37;34;33
BAO;73919;12BF;17;18;18;25;25;25;28;26;30;30;30;33;35;30;31
BAO;73919;12SY;29;27;28;28;26;28;26;25;25;23;24;24;31;27;29
BAO;73919;12ZL;18;16;17;18;19;19;21;19;20;20;23;25;27;25;28
BAO;73919;24MZ;27;23;21;17;16;15;13;14;13;12;14;12;12;12;13
BAO;73919;25KE;52;50;54;54;50;52;47;46;42;41;46;44;47;48;50
BAO;73919;27BN;35;33;34;34;33;33;34;33;34;35;37;42;37;39;42
BAO;73919;27LX;40;34;37;39;41;47;44;45;43;45;44;39;43;36;38
BAO;73919;27NM;31;27;30;33;33;32;34;34;36;31;28;30;28;26;27
BAO;73919;30KN;8;9;10;10;11;12;14;16;16;15;19;17;19;23;25
BAO;73919;31VN;0;0;0;0;0;0;0;0;0;0;0;8;15;24;25
BAO;74049;03JH;50;53;50;52;62;87;96;85;72;57;58;58;78;77;83
BAO;74049;05IZ;26;28;29;28;26;25;27;29;24;22;26;25;27;29;31
BAO;74049;05JA;10;9;11;12;13;11;11;12;13;15;12;13;15;16;18
BAO;74049;05KL;30;30;29;30;26;24;22;23;20;17;17;18;18;19;16
BAO;74049;06KY;12;10;11;10;10;10;9;10;9;10;12;12;12;12;11
BAO;74049;07UF;47;47;49;48;48;47;43;45;41;40;40;41;39;34;32
BAO;74049;08MV;17;14;13;13;15;14;14;19;22;20;20;19;21;20;20
BAO;74049;09PF;36;36;35;31;30;31;33;33;30;31;33;34;35;34;30
BAO;74049;12BT;35;35;32;33;33;32;33;35;37;34;38;44;46;40;36
BAO;74049;12TH;22;29;32;34;33;37;34;33;31;30;27;25;24;23;21
BAO;74049;12ZR;28;28;28;26;25;27;27;28;28;27;28;31;29;36;33
BAO;74049;13WW;67;68;62;61;64;62;58;59;51;53;52;47;50;56;44
BAO;74049;14AE;42;43;42;42;41;43;43;44;18;15;17;17;19;20;18
BAO;74049;15KA;51;53;52;55;61;56;53;54;52;52;55;59;61;65;69
BAO;74049;15MN;17;18;19;17;17;17;18;19;17;18;19;20;20;26;19
BAO;74049;15RJ;16;15;14;14;17;17;15;13;11;12;15;16;17;19;17
BAO;74049;24AZ;30;28;28;28;29;28;28;30;28;28;27;30;33;30;29
BAO;74049;27UZ;5;7;8;9;9;9;11;11;9;9;9;9;11;14;15
BAO;74049;27ZA;20;19;21;21;20;22;22;24;27;27;27;28;24;25;18
BAO;74049;31JG;0;0;0;0;0;0;0;*;5;8;16;22;22;22;20
BAO;74049;31LY;0;0;0;0;0;0;0;0;26;25;29;30;28;25;26
BAO;74154;03UM;13;13;9;9;11;9;9;10;10;10;10;10;10;12;11
BAO;74154;06WJ;8;8;10;8;8;8;8;8;9;10;10;9;7;10;11
BAO;74154;08PB;36;34;37;34;35;27;22;20;19;20;20;21;23;24;27
BAO;74154;16ZJ;23;25;25;26;24;25;22;23;21;21;23;21;24;22;22
BAO;74154;16ZZ;15;14;16;15;14;16;17;16;18;14;15;15;15;15;15
BAO;74154;17BH;16;17;16;13;14;13;11;12;12;10;12;15;14;14;15
BAO;74154;17BY;14;11;12;14;12;12;15;13;15;14;14;14;14;14;16
BAO;74154;17CI;28;28;25;22;20;21;22;22;20;20;23;21;20;20;20
BAO;74154;17CT;14;13;12;11;10;11;11;10;11;10;12;11;11;11;12
BAO;74154;17DW;38;33;37;31;31;26;29;30;27;26;27;27;26;26;25
BAO;74154;17EF;47;45;41;36;35;31;34;35;35;35;38;36;31;29;35
BAO;74154;17EP;12;11;12;12;12;11;10;9;11;9;10;11;10;11;12
BAO;74154;17EZ;26;25;24;26;21;26;32;29;28;30;28;34;35;29;26
BAO;74154;17FJ;20;20;24;27;29;29;26;27;29;25;27;25;24;26;22
BAO;74154;17FR;25;21;21;19;21;21;20;18;17;19;20;19;17;17;18
BAO;74154;21OX;25;24;25;24;25;24;24;24;26;26;28;26;26;23;22
BAO;74154;23CM;49;41;49;45;39;30;29;28;29;28;33;33;27;30;29
BAO;74426;09AE;44;47;47;43;43;43;43;47;43;40;43;43;42;40;37
BAO;74426;09XF;55;54;54;50;49;46;49;52;48;43;47;48;45;44;46
BAO;74492;11MQ;47;45;44;41;41;36;38;39;39;39;35;38;30;30;31
BAO;74609;06WX;16;16;17;16;14;15;18;20;18;24;21;22;22;23;20
BAO;74868;08JJ;14;13;13;12;11;11;12;12;10;10;8;9;9;13;18
BAO;74868;09AH;47;48;46;48;46;50;46;45;45;43;44;46;49;53;48
BAO;74973;08RC;39;37;35;35;37;39;35;38;40;40;45;44;41;39;41
BAO;75064;06XJ;29;30;31;29;30;29;30;31;37;41;42;45;49;48;49
BAO;75206;05IH;34;35;33;35;34;36;33;35;35;35;40;39;41;37;33
BAO;75219;03SC;27;25;38;51;42;37;42;57;67;70;59;78;78;86;85
BAO;75219;03XA;24;25;26;26;29;29;30;30;30;30;30;30;27;26;23
BAO;75219;04EV;14;12;12;16;15;14;14;13;14;13;15;15;14;17;17
BAO;75219;05EP;21;21;22;22;21;19;20;17;19;17;17;15;14;18;17
BAO;75219;05KK;6;6;8;7;14;13;10;10;11;11;12;13;11;10;12
BAO;75219;06PT;26;25;26;24;24;25;22;20;20;22;25;23;21;21;22
BAO;75219;07EF;17;17;17;20;20;19;19;17;17;17;18;20;17;19;21
BAO;75219;08MS;17;15;17;13;15;14;15;12;11;13;14;14;15;14;15
BAO;75219;09BB;41;39;42;38;39;40;36;33;33;31;34;33;29;32;33
BAO;75219;09LS;32;32;36;39;35;39;38;37;36;29;29;32;28;28;28
BAO;75219;09XH;20;23;23;23;24;24;23;23;23;20;21;19;17;20;21
BAO;75219;10GT;21;17;18;18;19;17;18;18;19;17;19;16;18;17;17
BAO;75219;10PS;28;28;31;34;35;33;34;34;34;30;30;25;23;25;21
BAO;75219;10XP;12;13;14;14;14;13;16;14;16;14;14;14;13;13;15
BAO;75219;11EN;37;39;41;46;42;39;39;37;38;38;35;31;29;29;24
BAO;75219;11LK;12;12;12;12;14;13;14;12;12;12;14;14;12;13;14
BAO;75219;11QT;20;19;21;21;23;25;24;25;23;25;24;25;20;19;21
BAO;75219;11WU;10;10;13;17;15;13;13;11;13;9;11;13;11;11;12
BAO;75219;12TE;31;28;26;28;30;30;28;25;28;28;26;25;20;20;19
BAO;75219;12ZQ;56;57;62;64;61;51;51;47;44;41;42;36;42;44;43
BAO;75219;13KR;26;25;27;24;28;27;28;28;29;28;28;25;25;24;24
BAO;75375;04YU;29;27;27;26;23;24;26;28;30;29;29;30;31;29;26
BAO;75375;05CS;19;18;20;18;22;20;21;24;26;26;29;27;26;28;23
BAO;75375;05CX;29;27;29;27;31;27;26;29;25;26;28;29;29;27;22
BAO;75375;05IF;46;44;40;40;38;39;37;38;37;37;40;36;37;32;30
BAO;75375;05JZ;13;13;13;13;13;13;14;12;12;12;14;14;14;15;13
BAO;75375;06LF;21;21;23;26;25;26;30;29;31;30;32;34;32;27;26
BAO;75375;06MD;21;22;20;19;20;19;18;19;18;17;20;20;20;22;21
BAO;75375;06TH;8;8;8;9;9;8;8;9;9;8;12;9;8;10;10
BAO;75375;06TM;12;11;12;11;11;10;11;9;12;14;13;13;13;13;14
BAO;75375;07AO;17;16;17;15;15;13;11;13;12;11;13;12;10;11;13
BAO;75375;07AP;10;9;10;10;11;11;14;13;15;13;15;15;15;15;15
BAO;75375;07BI;13;11;15;13;14;12;13;14;11;13;15;15;12;13;11
BAO;75375;07QF;19;19;19;19;22;19;21;22;23;25;28;30;29;28;28
BAO;75375;07RY;21;21;20;18;19;16;18;18;18;21;21;23;20;20;20
BAO;75375;07TA;39;40;40;38;38;35;34;38;39;40;44;41;41;36;34
BAO;75375;07TC;16;16;15;16;17;17;17;17;16;15;16;15;15;13;14
BAO;75375;07VI;62;60;61;55;55;49;51;49;49;53;58;54;53;49;46
BAO;75375;07WM;16;17;17;17;17;15;14;15;14;16;17;16;15;16;15
BAO;75375;08MY;22;24;24;24;22;21;20;20;17;18;21;23;22;22;23
BAO;75375;08OM;52;48;49;51;52;50;52;51;46;47;45;43;38;34;31
BAO;75375;09AK;25;23;22;22;23;20;21;20;18;20;18;19;22;19;19
BAO;75388;00DM;14;16;14;13;14;12;12;11;12;11;12;13;12;12;15
BAO;75388;03TC;23;25;22;23;22;22;21;21;21;21;20;23;23;26;22
BAO;75388;05IM;39;40;35;34;34;33;37;32;31;27;30;32;29;42;43
BAO;75388;05ZG;15;14;11;10;10;10;10;13;11;13;13;16;10;20;16
BAO;75388;06XU;21;24;21;26;30;32;32;35;35;32;30;35;26;31;31
BAO;75388;08IR;50;52;56;52;55;54;54;60;57;59;59;62;43;58;59
BAO;75388;09HI;29;30;29;23;19;16;13;15;15;15;13;18;17;21;19
BAO;75388;09IS;11;11;9;8;7;7;8;10;9;10;11;10;8;13;11
BAO;75388;09PE;19;22;21;20;16;17;17;17;15;15;15;15;9;18;18
BAO;75388;10HV;62;66;62;58;61;60;62;61;59;60;62;69;58;72;70
BAO;75388;10UP;21;19;21;17;18;17;17;20;20;18;17;24;17;21;21
BAO;75388;10YG;28;25;24;24;26;28;29;30;30;30;29;32;21;28;27
BAO;75388;10ZN;23;22;16;16;18;18;19;22;23;22;20;25;18;20;25
BAO;75388;11QU;44;43;37;33;34;32;32;32;30;30;27;29;26;29;25
BAO;75388;12KS;49;51;48;48;47;45;46;47;48;44;45;51;41;50;45
BAO;75388;18GH;16;16;12;13;11;11;12;13;12;12;14;18;15;15;16
BAO;75388;20KF;21;31;24;24;26;28;30;32;31;35;38;39;28;36;37
BAO;75388;20KR;43;43;38;36;39;34;30;33;33;31;35;42;40;38;36
BAO;75388;20KT;15;19;15;16;16;15;15;15;13;12;10;12;9;18;15
BAO;75388;23TP;12;11;11;9;13;12;11;14;14;14;15;20;15;21;21
BAO;75388;23VU;16;16;15;15;15;17;15;17;19;20;22;23;16;24;24
BAO;75388;24BR;18;16;22;15;16;14;11;12;10;11;11;14;17;17;18
BAO;75388;24NM;40;40;33;30;29;25;16;17;15;14;12;14;9;11;15
BAO;75388;27UE;16;15;14;9;12;13;13;14;13;15;19;22;21;26;23
BAO;75531;05IS;23;21;21;22;19;20;23;24;24;20;22;26;25;27;24
BAO;75531;07VK;36;35;35;34;35;34;34;33;35;37;38;43;44;43;40
BAO;75531;09AM;24;23;23;23;22;19;18;18;19;22;25;25;26;21;23
BAO;75531;26AT;48;44;42;43;44;35;37;30;24;25;23;23;26;19;17
BAO;75531;29XP;12;13;16;18;26;30;31;43;47;51;54;52;55;51;49
BAO;75597;03IV;28;27;26;24;24;25;25;26;27;27;26;23;24;24;23
BAO;75597;03SO;20;19;17;15;15;12;11;12;12;13;11;13;14;14;13
BAO;75597;03VH;25;20;18;19;16;16;14;16;14;14;17;18;16;15;15
BAO;75597;03XO;23;24;26;24;26;26;24;27;24;24;21;23;24;27;24
BAO;75597;06LB;52;51;51;51;48;49;47;48;44;45;44;44;44;42;36
BAO;75597;07BU;22;22;20;20;19;18;20;19;21;20;19;23;22;25;27
BAO;75597;07TO;39;38;35;34;30;29;31;30;32;32;34;44;40;38;35
BAO;75597;10YF;37;37;35;35;33;32;32;30;30;28;28;30;29;30;28
BAO;75597;10ZK;32;30;30;32;24;28;28;29;30;32;31;36;37;36;38
BAO;75597;11MR;45;42;44;42;47;50;46;43;36;34;31;37;38;39;39
BAO;75597;11YA;17;17;16;16;13;15;16;14;15;16;17;21;21;19;11
BAO;75597;12PV;37;35;32;33;29;29;28;28;26;25;24;29;28;31;31
BAO;75597;12PY;33;31;27;27;25;24;26;26;23;23;21;29;35;32;32
BAO;75597;12XG;33;32;31;30;28;27;28;27;27;26;24;20;20;21;20
BAO;75597;15CS;47;48;43;42;40;30;29;27;25;23;22;26;21;23;23
BAO;75688;06XW;17;17;16;17;19;19;19;21;24;28;28;28;28;29;30
BAO;75753;05PO;14;10;13;14;13;13;11;13;12;10;11;14;11;9;9
BAO;75753;06NN;56;57;58;62;61;60;62;63;58;67;65;67;62;36;38
BAO;75753;06PA;7;7;8;12;10;9;0;0;0;0;0;0;0;0;0
BAO;75753;08KP;12;11;11;12;11;12;10;8;11;10;9;14;13;12;10
BAO;75753;08NL;41;34;38;48;30;26;30;21;17;17;17;17;19;18;18
BAO;75753;08PE;16;18;20;18;18;18;19;29;25;22;24;26;22;22;23
BAO;75753;08SQ;40;38;35;36;32;31;33;31;29;27;29;32;33;34;34
BAO;75753;09CO;19;20;24;22;21;19;20;21;19;19;19;18;18;17;18
BAO;75753;09MY;15;14;14;16;15;20;24;24;27;18;19;33;34;31;29
BAO;75753;15NU;31;33;36;36;33;31;32;36;37;39;42;43;38;36;36
BAO;75753;15VA;18;16;17;16;16;12;12;12;12;11;13;12;9;9;10
BAO;75753;15ZH;16;16;18;20;22;18;15;17;17;16;17;18;15;17;19
BAO;75753;16CP;113;121;124;120;102;97;101;93;92;87;79;80;43;41;41
BAO;75753;32BT;0;0;0;0;0;0;0;0;0;0;0;0;*;27;30
BAO;75974;08RK;24;21;24;22;23;23;23;25;26;26;30;32;32;34;39
BAO;76585;06YJ;19;21;23;20;19;22;23;25;24;22;25;25;19;21;19
BAO;76663;06YM;21;23;22;22;23;22;21;24;26;26;27;30;30;29;28
BAO;76715;03HC;12;11;13;12;12;12;12;10;14;13;15;17;17;14;15
BAO;76715;08RM;36;34;34;36;36;38;48;48;48;47;48;53;53;60;60
BAO;76740;05JN;59;54;54;51;51;52;54;57;58;58;59;62;62;52;57
BAO;76793;08RO;23;26;25;25;28;28;30;31;34;36;39;36;35;36;38
BAO;76819;13ZF;17;16;17;16;15;17;18;16;17;18;20;23;15;19;19
BAO;76819;14CM;17;17;17;18;16;17;16;16;20;17;15;17;20;20;19
BAO;76819;14FH;25;28;32;31;33;34;35;36;38;41;43;37;35;27;24
BAO;76819;14HZ;17;17;19;18;19;18;17;16;17;17;19;20;20;20;19
BAO;76819;14KQ;18;16;16;15;14;14;13;13;13;13;16;16;10;12;0
BAO;76819;14PZ;22;20;18;16;14;17;16;17;19;21;24;24;21;21;23
BAO;76910;06YP;21;18;20;19;19;20;17;17;20;16;16;14;15;14;16
BAO;77052;05JQ;30;32;29;25;25;25;23;21;22;24;27;28;27;26;21
BAO;77052;07VW;26;23;22;21;21;22;27;26;25;26;28;28;26;29;26
BAO;77052;10PY;21;21;20;19;20;19;20;20;21;21;23;24;25;26;25
BAO;77091;05JR;9;8;8;8;6;6;8;8;10;0;12;12;9;9;13
BAO;77195;06GN;43;58;57;54;54;51;52;54;55;55;55;56;53;43;44
BAO;77195;06OY;44;42;47;47;51;50;51;63;59;56;60;57;53;53;50
BAO;77195;08KK;25;23;21;21;20;18;17;17;14;18;18;23;25;24;21
BAO;77195;09VY;19;18;18;15;16;15;16;15;18;18;18;18;14;18;17
BAO;77195;13RS;26;24;22;22;22;19;23;25;25;27;27;29;34;26;24
BAO;77195;14ZJ;35;33;34;33;33;32;38;40;41;35;39;38;35;33;35
BAO;77195;15DK;24;23;22;22;21;20;20;22;20;19;19;20;21;20;19
BAO;77195;15MP;43;42;42;40;41;40;43;44;45;44;44;51;53;54;36
BAO;77195;15PD;35;34;32;30;26;24;24;24;23;22;23;20;24;23;22
BAO;77195;15RL;46;39;39;38;40;40;41;38;38;40;46;43;42;39;36
BAO;77195;15WG;30;53;55;60;59;59;60;67;72;64;68;75;71;70;43
BAO;77195;16AF;34;28;28;28;33;31;32;34;37;33;34;33;32;31;31
BAO;77195;16DH;16;14;14;15;17;16;16;18;16;17;17;21;20;20;21
BAO;77195;16UO;18;36;36;38;41;36;34;29;28;26;25;23;22;20;18
BAO;77195;17ZL;15;13;13;12;10;10;13;12;10;11;14;20;19;18;16
BAO;77195;27CL;36;32;31;27;27;33;37;33;36;37;38;40;39;42;38
BAO;77195;28AW;41;37;38;42;40;45;58;53;54;54;58;61;66;63;61
BAO;77195;30JR;6;6;6;11;14;20;25;30;30;35;38;44;41;35;34
BAO;77195;31DH;0;0;0;0;0;5;15;29;26;32;42;48;54;57;52
BAO;77195;31VZ;0;0;0;0;0;0;0;0;0;0;0;*;7;11;12
BAO;77196;13NP;23;25;24;23;23;23;24;23;27;28;29;31;29;29;31
BAO;77196;13RZ;63;70;68;68;68;71;69;75;76;71;73;67;65;52;50
BAO;77196;13VR;23;21;19;20;21;20;21;21;21;23;23;22;21;24;22
BAO;77196;13ZG;22;21;22;22;21;22;21;21;21;23;24;25;22;25;26
BAO;77196;14FI;27;29;24;24;24;22;22;21;22;21;20;20;18;18;16
BAO;77196;14IA;20;22;22;23;20;21;23;23;24;22;23;23;22;21;20
BAO;77235;00DW;28;29;27;28;27;31;27;12;12;14;14;15;17;83;90
BAO;77235;03QQ;30;28;37;39;41;39;35;53;50;62;51;47;47;24;23
BAO;77235;03YG;11;12;12;14;14;13;12;11;11;12;14;12;12;12;10
BAO;77235;05BU;21;18;16;18;19;14;13;13;14;14;15;15;13;12;11
BAO;77235;05ZZ;20;18;17;17;22;20;17;21;19;19;13;14;14;15;14
BAO;77235;06QF;12;12;29;27;27;27;27;14;18;17;19;23;20;16;14
BAO;77235;06TK;25;25;24;21;18;19;17;17;17;17;17;15;13;16;15
BAO;77235;06VL;20;20;21;21;20;21;22;21;20;18;17;21;23;24;22
BAO;77235;07QB;37;34;30;27;29;26;20;21;21;24;28;32;31;28;30
BAO;77235;07SI;26;24;35;28;31;28;28;43;51;46;46;49;47;16;16
BAO;77235;08FH;15;17;16;19;9;9;10;14;18;20;19;18;17;18;12
BAO;77235;08JY;59;56;54;51;51;48;49;47;44;45;47;44;42;40;40
BAO;77235;08XV;36;35;34;30;29;27;28;26;27;26;29;27;28;27;30
BAO;77235;09JU;24;22;23;25;23;20;23;25;22;23;25;27;27;24;25
BAO;77235;09VH;16;17;19;18;19;18;20;22;20;19;19;20;19;19;19
BAO;77235;11DN;13;15;13;13;15;12;13;13;11;11;16;15;14;13;12
BAO;77235;11MW;32;29;30;30;30;25;26;24;24;24;23;26;22;23;20
BAO;77235;12NF;28;28;23;24;19;20;19;21;21;24;24;25;33;32;32
BAO;77235;13BF;26;28;21;23;22;21;20;22;24;25;28;26;24;22;19
BAO;77235;23HE;17;18;16;16;14;14;15;15;15;16;18;16;16;16;13
BAO;77235;24CN;23;20;21;23;22;23;21;24;24;24;27;31;29;26;27
BAO;77235;24MK;26;26;22;21;19;20;17;19;22;22;22;15;13;14;13
BAO;77235;30FM;6;8;14;18;21;28;32;37;42;40;45;42;40;39;37
BAO;77235;30UX;0;0;8;8;11;8;10;12;17;14;17;14;15;18;18
BAO;77313;06ZG;9;9;0;0;0;0;0;0;0;0;0;0;0;0;0
BAO;77338;04QT;34;32;30;31;29;36;33;33;32;32;31;30;27;26;24
BAO;77338;05DX;25;22;25;18;19;17;17;21;21;20;21;22;21;19;18
BAO;77338;06BV;17;18;17;16;16;16;15;13;12;12;14;14;14;13;14
BAO;77338;06DM;29;25;25;19;20;17;18;18;20;21;23;21;22;18;18
BAO;77338;06WI;13;12;12;12;13;15;14;15;19;18;23;25;28;25;29
BAO;77338;06WS;13;12;14;13;13;15;14;12;12;12;12;14;14;12;12
BAO;77338;07BL;15;15;12;11;12;14;15;14;12;12;14;15;14;13;13
BAO;77338;07MD;21;15;15;13;10;10;10;8;8;9;11;12;19;15;17
BAO;77338;07SN;52;49;49;46;48;46;47;44;39;39;42;40;36;35;35
BAO;77338;09AY;23;22;21;15;13;15;15;15;16;20;24;27;29;35;35
BAO;77338;10HD;22;21;24;20;19;21;18;19;21;21;23;23;23;24;23
BAO;77338;10JJ;35;35;34;31;33;32;29;28;28;28;30;26;28;25;25
BAO;77338;11CM;30;29;29;28;27;23;22;21;21;18;18;17;17;15;13
BAO;77338;21PA;33;25;29;26;21;23;21;21;22;22;24;28;32;28;29
BAO;77456;00DX;16;18;14;15;14;15;16;17;18;22;24;21;21;20;21
BAO;77456;03AI;9;9;9;9;10;9;10;9;12;11;13;13;10;10;10
BAO;77456;04FT;15;12;12;12;14;14;13;14;16;16;15;14;15;16;16
BAO;77456;06AF;17;15;15;18;16;18;18;19;21;20;21;21;19;18;15
BAO;77456;06PO;18;22;22;23;20;18;16;19;20;19;20;21;17;17;19
BAO;77456;06PV;18;19;19;19;18;19;19;18;17;17;20;21;24;22;24
BAO;77456;06RF;15;16;17;17;17;19;20;24;25;36;42;44;44;46;46
BAO;77456;06RG;11;9;9;12;12;9;12;11;15;18;20;18;18;16;19
BAO;77456;06UC;12;13;14;11;12;13;10;13;17;17;14;14;14;14;13
BAO;77456;06ZK;26;25;26;26;27;27;28;31;38;38;37;35;38;38;31
BAO;77456;07CX;12;13;13;14;14;14;14;15;18;22;23;21;21;20;19
BAO;77456;08OY;20;20;21;21;20;19;20;23;24;23;24;26;25;23;21
BAO;77456;10KE;24;24;26;25;27;30;32;37;42;47;47;49;38;34;35
BAO;77456;24PE;12;10;11;12;11;11;12;15;14;14;17;15;12;12;12
BAO;77533;00FQ;12;11;12;12;9;9;10;10;9;10;12;12;14;13;13
BAO;77533;03CJ;16;15;14;13;12;11;12;13;13;15;15;13;13;11;12
BAO;77533;03KA;22;20;19;18;17;16;17;18;16;20;20;21;20;21;18
BAO;77533;03TW;19;21;19;20;20;20;20;20;22;22;20;21;16;15;17
BAO;77533;03YH;11;11;12;13;11;11;11;13;13;14;15;16;14;11;12
BAO;77533;04SC;16;16;16;18;18;18;20;20;19;19;22;22;23;18;19
BAO;77533;05FH;23;20;14;15;13;13;13;11;13;14;15;13;13;13;12
BAO;77533;05GY;25;22;23;25;26;26;27;27;28;29;28;33;29;29;27
BAO;77533;06OD;10;10;9;11;10;10;11;11;13;15;13;12;11;12;11
BAO;77533;06SK;18;18;16;15;16;15;14;14;15;16;17;19;16;16;17
BAO;77533;08ZS;29;24;24;25;26;23;21;23;32;28;27;33;30;28;28
BAO;77533;09AS;21;21;22;22;20;19;18;25;23;25;31;29;29;26;26
BAO;77533;10QA;15;13;13;14;15;15;18;20;17;20;22;26;24;21;22
BAO;77533;14ZQ;11;11;11;10;11;11;12;14;15;19;13;14;12;13;13
BAO;77533;15DF;29;28;28;29;26;28;27;30;31;29;28;25;23;21;20
BAO;77690;31FU;0;0;0;0;0;0;0;*;9;0;0;0;0;0;0
BAO;77975;03YO;37;38;36;41;38;14;13;13;11;11;12;12;14;14;14
BAO;77975;06KO;27;26;28;27;28;24;25;25;26;26;26;27;31;33;30
BAO;77975;06LI;21;22;22;22;21;22;21;21;19;18;17;21;21;23;23
BAO;77975;08EC;12;12;11;12;8;10;11;9;7;5;0;0;0;0;0
BAO;77975;08MO;11;11;13;12;13;11;14;12;16;18;20;16;11;12;13
BAO;77975;08ND;11;12;12;13;12;10;8;8;8;9;11;10;10;10;12
BAO;77975;09XS;16;16;16;25;22;23;22;19;20;16;14;13;11;14;17
BAO;77975;10QC;37;37;35;38;36;37;40;43;41;41;41;41;42;42;44
BAO;77975;11EU;16;16;17;18;18;17;18;19;19;21;23;23;24;24;26
BAO;77975;11QK;36;27;29;29;28;26;25;28;21;20;21;21;21;22;22
BAO;77975;12BG;29;29;29;28;28;26;22;22;24;16;17;17;20;20;20
BAO;77975;12KO;10;10;11;12;14;13;13;16;19;18;20;21;22;23;26
BAO;77975;12ZO;33;28;31;33;33;31;29;28;30;33;34;33;34;35;32
BAO;77975;23UH;32;32;32;34;32;33;33;35;37;34;38;40;40;46;45
BAO;77975;25KJ;67;67;69;64;53;49;45;44;44;42;42;41;41;44;42
BAO;77975;27PW;34;29;28;27;23;17;16;17;19;19;24;25;26;24;22
BAO;77975;29YD;5;10;9;9;10;9;10;10;11;13;13;14;12;16;12
BAO;78066;03NO;13;11;8;9;8;8;7;9;9;10;11;12;13;14;16
BAO;78066;17XT;47;47;40;39;39;37;33;39;41;39;39;39;5;39;42
BAO;78066;19SF;20;18;18;16;16;17;19;18;19;21;23;23;24;25;29
BAO;78066;19TL;18;19;18;17;17;17;18;19;16;17;15;16;14;13;13
BAO;78066;19UI;18;17;15;13;14;16;15;14;13;11;12;16;13;15;15
BAO;78066;19UZ;18;18;15;15;13;14;15;17;17;20;20;24;26;27;29
BAO;78184;06ZZ;23;21;18;20;23;25;30;33;37;41;41;40;39;42;42
BAO;78222;04FJ;22;21;21;24;25;23;22;28;25;29;29;36;31;31;27
BAO;78222;05ED;22;18;17;16;19;16;13;14;14;14;14;17;19;16;15
BAO;78222;05GQ;16;15;13;12;12;9;9;10;11;11;12;13;14;14;14
BAO;78222;07WF;26;23;21;25;23;23;24;26;26;27;31;32;36;30;30
BAO;78222;08GX;27;23;23;23;27;24;24;28;33;37;34;37;33;35;32
BAO;78222;09AZ;25;23;19;17;15;13;12;14;16;18;18;22;22;25;22
BAO;78222;09NW;14;11;12;14;15;16;14;15;16;17;20;18;17;15;13
BAO;78222;09PB;18;15;12;13;15;13;10;12;12;14;14;13;15;13;13
BAO;78222;10JF;25;23;20;19;17;17;19;20;20;22;20;20;17;17;17
BAO;78222;15JZ;51;40;37;35;34;32;38;43;43;44;44;45;48;46;40
BAO;78222;18GQ;28;25;23;23;26;20;22;22;22;24;23;27;24;24;22
BAO;78222;19YH;54;81;71;62;65;72;69;83;79;70;67;77;78;74;69
BAO;78457;07AD;51;45;50;43;37;37;36;30;29;35;34;36;34;32;31
BAO;78782;04ND;40;39;40;37;34;33;36;36;37;37;40;41;32;32;31
BAO;78782;04UW;27;26;30;29;29;32;34;29;28;29;26;28;27;27;25
BAO;78782;11YJ;11;13;15;16;16;18;21;21;30;32;34;36;36;33;32
BAO;78782;12HQ;12;11;12;9;9;9;10;12;17;17;21;21;23;18;16
BAO;78782;12XN;25;19;20;20;19;21;25;25;26;32;30;33;31;30;32
BAO;78782;27CF;46;46;52;52;53;51;52;52;50;44;40;41;35;34;30
BAO;78782;27CK;34;35;37;36;32;32;32;32;31;31;33;31;29;27;26
BAO;78782;27PD;40;42;47;50;52;50;46;47;47;46;40;40;35;35;31
BAO;78912;29YA;9;9;9;8;9;7;0;0;0;0;0;0;0;0;0
BAO;79016;07AM;47;41;41;42;17;21;17;19;19;21;25;26;23;22;20
BAO;79016;23RF;12;16;19;23;36;26;24;25;26;28;32;28;31;27;25
BAO;79835;07BC;18;20;19;20;18;18;18;20;21;23;26;26;26;25;26
BAO;79874;03CL;11;12;10;8;10;11;12;11;10;9;9;10;9;9;8
BAO;79874;03KX;20;17;16;15;14;14;17;17;15;16;17;22;24;23;21
BAO;79874;03TS;16;15;17;17;16;17;17;14;13;13;14;12;15;17;16
BAO;79874;04MK;20;18;17;16;14;15;15;16;14;14;14;16;16;16;20
BAO;79874;07AR;10;10;10;12;10;10;9;8;8;8;7;9;8;10;8
BAO;79874;07AZ;22;23;22;24;23;18;18;17;15;14;13;18;15;16;15
BAO;79874;08OQ;18;11;13;14;10;9;10;9;11;13;14;14;11;16;15
BAO;79874;09NG;23;24;24;17;16;16;18;17;17;20;23;25;20;23;26
BAO;79874;10FH;25;24;27;27;28;29;28;32;29;29;30;34;32;35;35
BAO;79874;10HN;25;21;22;22;20;19;18;11;12;12;11;13;13;15;13
BAO;79874;11YI;23;17;21;20;18;17;18;17;18;18;19;22;20;14;11
BAO;79874;12QF;8;10;9;10;11;10;10;13;10;10;9;12;14;10;8
BAO;79874;12XM;9;11;9;9;9;9;10;9;10;11;9;9;13;12;13
BAO;79874;15FR;29;23;23;21;16;74;62;79;72;68;60;65;66;43;17
BAO;79874;15QL;62;41;35;34;32;31;30;31;33;30;31;34;34;33;34
BAO;79874;15VE;29;28;27;27;20;21;22;21;24;18;21;20;22;25;28
BAO;79874;15XJ;19;24;23;24;21;18;20;20;19;17;21;24;22;26;27
BAO;79874;15ZK;22;23;22;20;21;20;20;19;19;21;25;25;28;27;26
BAO;79874;18RR;31;28;24;23;21;17;16;16;13;12;11;13;13;9;9
BAO;79874;18SO;11;10;11;12;10;11;13;11;10;7;8;9;9;7;7
BAO;79874;18US;17;17;6;5;12;11;11;11;8;7;7;11;12;15;19
BAO;79874;18VC;14;16;17;13;13;12;10;10;10;10;10;11;13;9;11
BAO;79874;23FE;18;13;16;17;16;12;12;13;12;10;7;10;9;*;*
BAO;79952;07BF;14;14;14;14;16;16;19;17;20;16;16;16;17;19;18
BAO;80095;13IV;21;21;20;19;19;17;21;21;20;20;23;20;20;20;20
BAO;80095;13NV;23;22;22;21;20;19;20;19;20;21;20;19;19;18;17
BAO;80095;13SF;41;40;42;43;42;38;35;37;38;36;38;42;40;38;39
BAO;80095;13ZJ;18;16;18;19;20;19;19;18;21;21;21;20;23;24;21
BAO;80095;14CR;18;18;16;18;19;19;16;18;18;20;20;18;23;20;19
BAO;80433;04KC;20;21;20;21;19;20;21;22;25;25;29;25;26;25;23
BAO;80433;08UU;38;41;39;40;41;40;34;33;35;35;37;41;36;39;38
BAO;80433;12GN;22;20;18;17;17;16;14;15;15;14;14;13;15;17;21
BAO;80433;12PH;19;19;18;19;19;19;16;16;17;16;19;19;22;21;23
BAO;80433;15NZ;33;30;31;17;18;18;16;16;18;32;30;29;25;26;26
BAO;80433;15SZ;39;38;36;36;38;37;38;40;40;40;23;20;18;19;26
BAO;80433;15VH;40;37;38;22;21;23;24;23;21;22;21;24;24;26;27
BAO;80433;16EC;16;18;16;34;33;34;34;36;37;41;20;23;21;17;18
BAO;80433;22LK;50;45;51;62;62;75;79;77;80;100;106;110;71;79;52
BAO;80433;27XA;28;32;36;35;36;34;33;36;35;36;37;40;40;36;37
BAO;81030;07WZ;7;7;7;8;8;7;7;7;7;7;7;8;10;11;10
BAO;81316;04FD;29;29;30;29;30;32;31;30;30;31;35;33;33;33;38
BAO;81316;04LA;49;46;40;39;37;34;36;32;35;39;47;45;30;26;24
BAO;81316;06GK;26;22;21;22;22;20;14;13;40;40;33;28;27;23;20
BAO;81316;07HQ;22;23;21;24;20;19;17;17;13;27;18;23;24;20;16
BAO;81316;11LY;69;58;50;42;42;39;36;39;35;40;40;34;29;28;34
BAO;81316;12LG;58;53;46;49;39;40;43;39;37;34;24;26;26;29;27
BAO;81316;12ON;63;46;58;57;53;54;52;50;31;35;33;24;23;27;25
BAO;81316;12TM;26;28;28;29;29;30;29;29;30;31;32;31;29;30;28
BAO;81316;12ZS;44;39;38;23;20;20;18;21;16;17;20;18;18;14;13
BAO;81316;13CD;68;60;58;65;54;50;50;50;25;23;21;22;21;24;25
BAO;81316;13FM;19;18;17;15;15;16;24;22;22;23;24;22;27;25;26
BAO;81316;13KX;22;24;23;28;26;27;28;34;37;35;32;30;29;31;34
BAO;81316;13MS;51;50;53;55;55;59;55;57;61;42;39;40;40;41;38
BAO;81316;13PR;40;37;30;31;30;29;31;30;31;31;33;34;34;31;30
BAO;81316;13TM;39;35;38;40;42;37;41;48;53;56;55;53;53;53;48
BAO;81316;13VH;35;34;40;42;43;43;39;50;48;60;58;58;59;59;60
BAO;81316;13WX;27;27;25;23;18;21;21;21;23;21;20;23;27;35;37
BAO;81316;14AI;36;36;42;42;38;26;27;29;31;16;16;17;16;18;19
BAO;81316;14DP;22;19;22;22;22;21;23;16;17;18;20;17;15;16;21
BAO;81316;14GL;24;21;19;16;19;22;24;23;25;26;22;22;22;22;18
BAO;81316;14JC;41;40;41;43;44;43;45;39;45;44;44;49;51;51;49
BAO;81316;14LP;57;56;40;39;43;45;41;42;45;44;43;46;45;45;45
BAO;81316;28AJ;35;33;34;38;32;35;37;36;38;37;40;36;33;39;47
BAO;81316;30BB;33;43;53;61;64;67;64;64;66;67;69;65;62;57;56
BAO;81810;07XC;23;24;21;23;23;19;24;23;24;22;24;26;24;23;25
BAO;81902;07CN;26;24;23;20;21;20;22;24;26;27;26;29;29;24;25
BAO;81967;07CO;17;18;17;16;18;17;15;18;18;20;19;21;19;23;25
BAO;81979;05ME;25;25;26;26;25;26;26;30;29;29;31;30;30;29;28
BAO;82526;05MG;10;9;9;9;8;9;10;10;10;11;12;13;13;13;12
BAO;82526;15KD;29;26;25;27;24;27;26;31;31;32;31;29;29;31;28
BAO;82526;17CJ;17;13;12;12;11;9;11;13;12;13;13;13;14;14;13
BAO;82526;17CU;19;18;18;18;20;22;22;25;24;24;27;24;26;24;25
BAO;82526;17DC;22;20;18;19;16;19;18;18;18;19;18;20;22;23;23
BAO;82526;17DX;27;25;24;25;25;28;28;30;31;28;27;24;25;25;27
BAO;82526;17EG;20;15;15;13;10;11;10;10;10;11;0;0;0;0;0
BAO;82526;17EQ;31;28;27;27;24;23;20;20;20;21;20;21;21;20;23
BAO;82526;17FA;19;19;16;17;15;18;18;21;19;20;20;20;19;19;21
BAO;82526;17FK;13;13;13;17;14;18;18;17;19;17;15;17;16;22;22
BAO;82526;17GU;37;27;30;29;25;22;21;22;22;22;18;19;20;20;21
BAO;82526;17KW;28;21;19;19;17;17;19;26;26;23;22;27;32;23;23
BAO;82526;17LT;22;17;18;22;19;17;17;17;14;13;15;16;17;16;19
BAO;82526;17MK;26;19;18;16;15;15;16;21;23;19;20;22;20;24;21
BAO;82526;17MZ;16;12;13;12;12;15;17;21;18;19;21;22;22;24;26
BAO;82526;17NM;16;14;14;13;11;11;12;15;16;16;15;19;21;19;20
BAO;82526;17NW;27;21;16;14;14;14;12;16;14;15;14;16;19;18;15
BAO;82526;17OM;10;9;9;7;6;7;8;11;11;11;12;14;14;15;14
BAO;82526;17PC;8;9;7;7;6;6;6;6;7;8;8;8;8;10;8
BAO;82526;17PR;25;24;23;22;21;20;19;21;19;19;19;20;19;18;16
BAO;82526;17QV;45;35;36;32;32;32;32;32;30;29;30;24;25;24;25
BAO;82526;17RJ;31;28;28;25;22;24;24;26;28;30;34;33;32;32;34
BAO;82526;17SJ;27;23;28;27;26;29;29;33;32;32;30;31;36;33;31
BAO;82526;24BF;48;35;31;27;24;22;21;19;19;20;20;20;20;20;20
BAO;82526;27NW;32;29;33;36;29;27;25;28;26;26;22;22;20;17;19
BAO;82526;30AR;14;11;14;14;15;19;20;21;25;25;24;26;29;29;28
BAO;82591;07DG;24;19;20;17;15;15;15;15;15;19;20;22;19;20;20
BAO;82747;07DI;29;30;25;30;22;19;17;18;20;19;21;20;19;18;16
BAO;82785;09YG;20;18;19;22;21;20;23;20;19;16;16;19;0;0;0
BAO;82786;07DK;14;14;14;12;12;11;12;13;14;13;11;11;11;11;10
BAO;82838;07DM;13;13;13;14;13;12;13;15;14;16;16;18;20;19;20
BAO;82981;05WV;36;31;32;33;28;32;32;33;32;36;40;39;45;34;31
BAO;82981;07AL;22;24;20;23;20;21;27;23;24;24;26;26;25;25;26
BAO;82981;07DQ;27;25;27;28;28;28;29;28;32;31;31;32;30;35;34
BAO;82981;21OM;36;21;22;20;25;28;29;38;50;52;52;59;46;45;47
BAO;83019;07XS;12;13;11;10;10;10;10;13;11;13;14;16;17;16;15
BAO;83228;04LP;26;27;42;44;43;44;24;27;29;31;36;42;37;30;33
BAO;83228;06WU;18;16;16;16;14;14;16;15;14;14;14;12;8;11;10
BAO;83228;14FM;28;27;29;30;29;28;31;33;33;35;40;38;41;37;36
BAO;83228;14KW;27;30;34;35;37;38;41;38;36;37;41;40;38;42;39
BAO;83228;15AL;54;56;54;46;36;36;42;41;49;51;57;69;64;75;67
BAO;83228;15FT;35;33;35;35;35;34;28;29;17;20;21;19;22;22;22
BAO;83228;15LQ;24;24;25;25;22;22;22;22;31;30;30;30;30;37;36
BAO;83267;07DZ;14;14;11;13;12;12;14;13;15;15;17;18;19;17;18
BAO;83280;03BR;18;13;13;13;22;19;14;17;14;14;12;13;13;11;11
BAO;83280;03GW;16;17;17;24;24;21;19;21;14;11;13;13;12;14;12
BAO;83280;03TY;19;15;15;15;16;16;15;17;17;16;15;15;14;16;15
BAO;83280;03WD;40;31;31;34;26;25;21;23;23;23;23;21;21;21;22
BAO;83280;04TI;14;12;11;12;0;0;0;0;0;0;0;0;0;0;0
BAO;83280;04XL;65;61;57;57;51;56;47;47;46;41;44;45;41;39;41
BAO;83280;05FU;28;26;22;24;21;24;23;24;23;25;27;28;28;25;25
BAO;83280;05JP;22;24;25;21;15;14;13;13;11;10;13;14;14;10;11
BAO;83280;06BA;31;30;29;29;31;33;33;34;40;46;35;38;33;29;28
BAO;83280;06CQ;29;24;25;25;25;28;32;31;39;36;36;40;38;37;36
BAO;83280;06FK;35;37;32;28;23;22;19;20;21;23;24;25;24;23;23
BAO;83280;06MC;25;22;22;20;21;22;20;20;23;22;21;22;22;23;28
BAO;83280;06VS;21;14;13;11;10;11;12;14;*;0;0;0;0;0;0
BAO;83280;07BV;15;15;15;14;13;11;12;12;13;13;11;13;12;8;7
BAO;83280;07NA;39;37;39;32;31;37;35;35;38;39;40;37;36;32;36
BAO;83280;07VS;18;17;20;19;20;19;23;31;32;34;37;38;35;34;31
BAO;83280;08QN;24;19;19;18;17;18;19;21;20;21;23;24;20;20;20
BAO;83280;08QS;26;21;19;22;21;21;21;23;24;22;22;23;21;23;22
BAO;83280;08QW;21;13;14;15;18;19;21;19;23;23;23;30;31;32;31
BAO;83280;09FY;29;27;25;28;27;28;29;30;31;31;30;30;33;30;34
BAO;83280;09OF;21;20;20;20;19;18;19;17;17;18;16;18;15;16;17
BAO;83280;10HU;18;19;16;15;15;14;14;15;15;15;13;13;12;11;11
BAO;83280;11DY;13;12;11;*;0;0;0;0;0;0;0;0;0;0;0
BAO;83280;15FU;20;18;18;16;18;21;19;17;18;20;23;27;24;28;28
BAO;83280;15JA;15;15;9;0;0;0;0;0;0;0;0;0;0;0;0
BAO;83280;15LR;16;12;9;0;0;0;0;0;0;0;0;0;0;0;0
BAO;83280;15OB;18;16;13;14;*;0;0;0;0;0;0;0;0;0;0
BAO;83280;15XN;45;37;37;36;33;33;31;32;41;33;34;38;33;29;31
BAO;83280;17LH;25;23;21;20;18;18;19;20;25;23;21;22;21;19;19
BAO;83280;18ES;77;64;69;69;66;62;68;78;61;65;70;82;84;80;74
BAO;83280;22JO;26;22;23;22;23;20;23;21;21;21;22;24;24;22;22
BAO;83280;23CJ;31;28;25;25;25;27;25;27;29;28;26;28;28;29;31
BAO;83280;24DB;64;27;27;27;27;27;25;26;28;26;24;23;23;20;19
BAO;83280;30TE;0;32;35;31;35;35;33;32;32;32;31;31;29;29;35
BAO;83579;05NP;33;37;34;35;33;36;34;32;28;25;27;24;24;20;20
BAO;83579;07EK;14;13;12;10;10;11;12;12;13;15;17;17;19;20;18
BAO;83579;07YC;26;29;27;26;29;26;27;26;31;32;31;33;29;30;28
BAO;83579;09BT;20;23;18;18;18;18;19;23;23;22;22;23;23;24;26
BAO;83579;11FI;16;15;14;15;16;15;16;19;20;21;22;20;20;18;19
BAO;83579;12QO;32;21;19;18;20;17;18;21;23;26;30;31;32;32;32
BAO;83579;13JA;43;26;23;23;22;22;19;20;19;23;21;26;23;20;21
BAO;83579;24RN;21;20;20;21;22;23;22;23;21;22;24;33;21;24;21
BAO;83579;30RJ;9;32;35;36;37;39;40;47;53;58;57;56;65;55;50
BAO;83656;07XX;27;29;24;23;24;26;28;32;32;31;33;31;29;29;26
BAO;83696;10KQ;33;29;30;32;32;31;32;35;34;33;33;32;32;29;27
BAO;83786;05NI;24;22;22;22;21;22;21;20;20;20;25;24;23;24;24
BAO;83864;16WG;20;22;23;27;26;28;28;27;26;28;28;26;17;17;17
BAO;83864;16XM;27;28;27;24;25;28;28;23;26;27;26;28;29;28;27
BAO;83864;16YG;40;34;30;29;30;31;28;28;30;32;34;34;33;36;35
BAO;83864;23PE;59;56;56;53;51;46;42;42;37;36;34;36;35;32;29
BAO;84046;05NS;22;20;20;19;20;19;22;21;24;27;28;24;27;23;21
BAO;84046;07YE;12;11;11;14;13;11;11;12;11;10;13;13;16;12;12
BAO;84215;05NW;12;11;11;10;11;12;11;11;14;16;18;16;17;17;18
BAO;84332;03XI;30;30;29;34;34;35;35;37;37;39;43;39;35;33;32
BAO;84332;05LZ;13;13;14;14;13;14;13;14;14;14;15;15;18;15;15
BAO;84332;05NY;9;7;10;9;8;8;7;8;0;7;10;10;10;10;10
BAO;84332;05WL;25;23;22;22;18;21;20;24;19;21;22;21;18;17;17
BAO;84332;06IU;23;25;22;24;24;26;27;30;27;26;28;26;25;21;20
BAO;84423;09YJ;24;26;25;26;26;28;28;28;27;25;26;30;31;32;33
BAO;84423;10QQ;19;18;17;17;17;16;17;17;17;17;20;20;18;19;19
BAO;84423;11FD;13;13;14;13;13;13;13;14;14;15;17;16;15;16;17
BAO;84489;07ET;17;15;15;15;15;18;17;18;16;17;18;18;18;17;16
BAO;84579;10QR;37;34;36;35;36;38;36;40;47;47;45;50;35;30;28
BAO;84579;11FE;13;16;17;18;18;20;21;24;24;24;19;24;32;29;24
BAO;84787;05OK;9;9;8;10;11;10;14;15;18;19;20;20;17;21;18
BAO;84827;04FF;30;29;29;28;22;26;24;25;29;27;28;31;32;34;36
BAO;85048;04FM;23;23;24;21;20;19;20;19;20;21;22;25;22;20;21
BAO;85255;04OH;27;31;39;39;39;45;50;53;71;82;19;19;23;19;19
BAO;85255;05BC;17;17;15;18;15;15;14;16;20;23;25;25;22;22;22
BAO;85255;05MD;15;19;20;20;21;21;19;20;23;23;26;27;27;24;24
BAO;85255;07XG;15;14;14;15;17;18;19;19;18;22;22;23;22;21;20
BAO;85255;08QH;21;20;20;19;21;21;16;20;23;19;20;19;17;16;15
BAO;85255;11CF;46;45;46;43;47;46;42;47;51;50;51;49;55;50;49
BAO;85255;11OX;24;28;29;33;33;33;32;33;36;35;34;36;45;40;39
BAO;85255;12BV;36;39;43;44;47;48;54;50;48;47;47;43;32;31;33
BAO;85255;12KZ;22;20;22;23;22;31;30;29;31;32;33;33;41;40;38
BAO;85255;13KT;36;35;36;39;45;46;59;75;76;82;82;82;83;76;77
BAO;85255;13TP;51;52;57;57;64;66;69;81;83;82;84;77;84;75;77
BAO;85255;14AG;27;30;30;32;24;22;22;24;27;23;24;23;22;21;23
BAO;85255;14DO;37;35;38;37;38;40;39;40;44;47;50;50;50;43;45
BAO;85255;14GK;33;34;36;36;42;41;41;47;48;52;52;52;59;57;52
BAO;85255;14YU;38;33;30;30;31;32;32;35;36;37;36;37;37;38;39
BAO;85255;16GV;24;24;25;26;27;24;24;25;28;30;33;35;36;34;32
BAO;85255;16IC;20;33;34;38;46;56;57;58;62;66;70;82;94;91;81
BAO;85255;16LQ;34;36;40;36;32;31;28;32;34;35;39;37;40;39;39
BAO;85255;16MO;43;27;29;27;27;28;30;32;33;35;39;37;44;43;41
BAO;85255;16XC;34;31;31;33;34;25;24;23;26;28;27;26;25;25;22
BAO;85255;19RK;55;0;50;51;48;47;46;47;44;42;40;36;38;37;40
BAO;85255;19UF;43;0;41;45;47;47;51;51;48;46;46;34;37;36;29
BAO;85476;09CE;23;22;21;22;21;16;17;16;16;15;17;20;19;18;21
BAO;85476;20GY;19;18;16;17;16;15;15;15;17;17;17;17;18;18;17
BAO;85476;20HF;28;31;30;31;26;29;29;29;27;30;31;30;29;28;26
BAO;85476;20HH;16;17;17;17;17;18;23;19;18;19;20;19;17;14;12
BAO;85476;20HJ;28;27;30;28;25;27;27;26;25;25;24;24;22;21;18
BAO;85476;20HK;18;18;18;22;23;26;26;28;28;30;16;13;13;16;18
BAO;85476;20HL;15;15;16;16;11;14;14;15;17;21;21;21;20;19;18
BAO;85476;20HM;27;27;28;29;27;27;30;39;42;40;40;43;47;57;59
BAO;85476;23CH;35;33;33;31;35;35;37;39;39;43;40;42;40;37;36
BAO;85476;25GJ;26;27;26;28;30;32;36;37;41;39;57;57;55;53;49
BAO;85476;27XG;29;30;35;35;31;33;33;35;34;36;41;39;37;39;39
BAO;85600;00IJ;25;26;28;26;22;31;40;39;44;45;41;50;52;45;39
BAO;85600;04OF;22;20;21;20;17;18;17;15;12;14;14;15;13;12;15
BAO;85600;04US;13;13;13;14;11;11;14;11;10;11;13;14;15;13;12
BAO;85600;06RZ;18;17;17;17;17;17;17;15;15;17;19;20;17;19;17
BAO;85600;07YZ;33;26;29;24;20;20;19;19;19;18;18;20;20;20;20
BAO;85600;10RD;22;22;23;20;20;20;19;19;19;19;20;21;18;22;23
BAO;85600;11FO;30;30;26;22;21;18;16;18;16;17;16;16;18;18;21
BAO;85600;11RL;28;23;23;18;20;23;19;21;22;23;24;26;22;21;22
BAO;85600;12TK;13;13;13;14;11;13;14;14;12;15;17;17;17;17;17
BAO;86802;07ZH;18;16;16;15;15;14;14;15;14;14;16;15;14;15;15
BAO;87205;05TW;13;13;12;10;11;15;13;13;18;21;20;21;21;20;16
BAO;87205;06SZ;19;17;16;18;15;17;17;15;16;17;17;16;19;21;18
BAO;87205;06UE;21;21;20;17;18;17;17;15;14;15;15;16;16;17;18
BAO;87205;07ZL;16;15;15;15;16;15;14;14;16;16;17;16;17;17;16
BAO;87205;09UW;18;17;15;14;14;14;15;15;14;15;16;17;19;18;17
BAO;87920;07ZT;13;11;13;12;12;12;14;14;15;14;16;16;14;18;16
BAO;87920;09YR;26;22;23;24;24;27;29;34;36;35;38;41;40;39;33
BAO;87920;10QZ;21;19;19;19;20;19;18;19;20;23;23;22;24;26;23
BAO;87998;07ZU;21;21;21;21;21;21;19;20;21;18;19;18;20;22;20
BAO;88674;07ZX;13;14;13;14;13;15;16;17;21;19;23;20;22;19;21
BAO;89012;05RL;18;19;17;18;16;15;15;15;16;17;19;20;25;24;25
BAO;89155;07EP;9;10;9;12;11;13;12;14;16;14;13;11;*;10;9
BAO;89155;08AD;29;28;29;28;28;27;27;21;23;23;21;27;18;26;27
BAO;89155;10RC;37;37;35;32;34;37;37;40;40;42;45;45;20;34;34
BAO;89155;11RK;20;20;19;19;22;22;22;26;30;31;30;31;17;26;26
BAO;89155;23UC;30;35;37;43;44;54;59;66;72;75;76;75;49;29;26
BAO;89155;31WJ;0;0;0;0;0;0;0;0;0;0;0;0;*;37;33
BAO;90169;05SJ;22;22;21;25;26;24;25;26;25;25;24;23;21;20;19
BAO;90169;09CU;23;23;20;22;19;20;20;24;23;21;22;25;25;26;25
BAO;90169;09ZA;14;14;15;15;16;14;13;15;13;14;10;11;8;9;9
BAO;90637;08AP;22;24;21;22;24;26;25;27;33;31;32;34;35;33;30
BAO;91079;05TF;9;9;10;10;10;10;10;9;9;10;9;9;8;9;9
BAO;91118;05TG;49;52;54;60;60;61;61;64;64;68;72;76;75;72;75
BAO;92067;08BF;55;47;57;58;61;62;57;59;60;65;63;68;74;80;74
BAO;92626;05UE;30;29;26;28;29;26;27;28;26;25;28;21;22;22;21
BAO;92626;08BJ;10;9;10;12;12;13;14;18;21;21;22;22;21;22;17
BAO;92899;04QN;10;8;9;8;10;8;9;9;12;12;14;15;17;14;13
BAO;92899;05UM;6;8;10;9;10;10;11;12;14;15;16;15;16;14;12
BAO;92951;04UR;8;9;9;8;9;19;22;21;27;31;21;19;20;20;23
BAO;92951;05VC;6;6;6;6;7;8;7;8;10;11;12;11;11;13;11
BAO;92951;07KG;17;13;15;15;13;13;15;16;18;17;20;20;20;20;18
BAO;92951;09ZD;24;18;18;19;20;20;27;29;29;28;30;28;26;28;23
BAO;92951;10RH;12;11;11;11;11;11;13;11;13;12;13;12;11;12;10
BAO;92951;11FR;18;16;16;14;12;14;16;19;21;25;24;22;22;21;19
BAO;94251;08BZ;29;30;28;30;30;31;33;32;33;33;36;37;33;34;35
BAO;94433;06QY;27;24;22;23;29;30;33;35;33;36;39;38;24;30;31
BAO;94433;08CB;29;28;27;30;34;39;38;44;44;46;47;52;39;44;45
BAO;94433;09DD;26;26;25;26;29;38;39;45;47;61;68;76;43;54;58
BAO;94433;32BG;0;0;0;0;0;0;0;0;0;0;0;0;19;21;22
BAO;94459;05VP;21;22;22;21;23;21;19;23;24;23;26;27;29;29;26
BAO;94771;08CD;25;0;25;26;24;24;24;27;27;28;28;30;28;29;29
BAO;94797;08CE;24;23;23;23;24;25;25;22;22;23;22;21;0;17;20
BAO;95135;08CF;38;40;41;41;41;41;40;40;35;36;40;39;42;37;37
BAO;95421;05VT;20;21;21;21;23;24;23;27;25;23;23;24;23;0;0
BAO;95655;05VU;30;31;31;32;29;35;34;36;38;36;42;44;42;41;43
BAO;95681;05VV;42;42;41;40;40;41;40;43;41;41;40;40;40;41;43
BAO;95694;05VW;86;95;98;105;112;114;115;136;147;147;154;149;150;146;135
BAO;95694;14DG;22;22;25;25;29;32;34;31;35;34;36;34;36;32;30
BAO;95746;05VY;34;33;34;35;31;31;35;29;33;34;33;33;33;29;29
BAO;95785;05WB;46;50;46;47;48;48;51;55;57;53;63;62;59;63;63
BAO;95785;06MQ;17;21;15;17;19;21;21;22;22;25;25;25;24;24;23
BAO;95785;06UT;30;25;21;24;24;26;29;32;35;40;43;42;36;39;36
BAO;95785;08SE;13;12;11;15;18;14;17;19;20;19;20;16;14;17;17
BAO;95785;24EK;0;0;0;0;0;0;0;0;0;0;0;0;0;0;0
BAO;95954;05WD;26;26;26;27;27;26;27;28;27;27;28;30;32;29;28
BAO;96214;05WF;21;28;24;22;0;0;0;0;0;0;0;0;0;0;0
BAO;96266;05WG;26;23;23;23;21;23;24;24;24;25;24;23;25;24;25
BAO;96292;05WI;19;20;19;19;20;19;21;21;21;21;20;19;21;21;22
BAO;96409;05WJ;23;24;22;22;22;21;23;23;22;25;26;25;24;22;22
BAO;96617;08CJ;32;29;30;29;30;26;27;30;30;30;32;34;35;33;30
BAO;97137;05WM;19;20;19;19;21;19;19;20;22;21;21;19;23;25;22
BAO;97176;08CL;26;25;26;25;23;22;23;24;25;24;23;23;22;24;20
BAO;97358;08CN;19;18;18;19;18;17;16;18;18;17;18;19;23;20;19
BAO;97358;09DI;13;15;15;17;17;18;18;20;20;22;28;25;21;21;20
BAO;97358;23TM;24;23;21;21;21;24;23;22;20;19;20;21;21;23;19
BAO;98190;08CQ;22;20;21;22;20;22;21;21;23;24;25;27;24;25;26
BAO;98255;05WS;17;15;15;15;15;16;16;15;15;16;15;14;16;12;14
BAO;98398;05WT;11;11;12;11;10;10;9;11;11;10;11;10;11;10;*
BAO;98463;05WU;24;25;22;22;22;22;23;21;23;21;22;22;22;22;22
BAO;99594;16WL;20;20;22;20;19;17;17;18;15;15;16;16;16;13;13
BAO;99594;16XP;15;16;16;17;19;18;21;24;23;26;25;24;26;21;21
BAO;99594;16YZ;16;17;18;18;20;19;18;18;19;18;18;19;18;17;16
BAO;99672;08CW;12;11;12;10;10;10;11;11;12;12;12;13;13;14;14
BAO;99711;08CX;13;12;11;10;12;13;13;14;16;15;15;15;15;14;15
SBAO;13622;19RS;29;41;41;34;34;37;41;47;48;48;51;40;35;27;28
SBAO;20281;18CQ;41;36;22;22;22;23;24;24;30;33;35;34;37;36;34
SBAO;20281;19HE;42;36;38;43;37;36;37;40;38;42;43;37;34;40;36
SBAO;20281;20LI;41;35;28;25;24;25;25;29;30;29;33;32;30;29;31
SBAO;20281;27ZD;31;31;32;38;35;34;33;35;34;36;41;44;46;47;44
SBAO;20671;16SQ;15;15;13;9;7;0;0;0;0;0;0;0;0;0;0
SBAO;23961;00TN;31;32;31;30;30;30;27;28;33;32;30;31;33;32;29
SBAO;24597;16SM;34;30;29;29;33;27;26;27;33;35;28;27;28;29;31
SBAO;24597;18YD;15;16;14;15;18;20;20;22;23;21;24;24;27;25;28
SBAO;24597;19HS;28;27;21;24;24;19;18;17;21;23;25;26;24;26;25
SBAO;25897;02AJ;50;51;51;54;51;51;47;44;45;41;42;43;39;40;37
SBAO;29810;00KU;35;31;25;27;25;24;23;27;33;32;35;36;32;31;28
SBAO;29810;15GW;63;65;63;59;58;59;55;55;61;62;65;65;65;67;54
SBAO;30010;14RD;19;16;11;11;7;9;15;15;12;14;13;15;21;25;25
SBAO;30117;03BI;41;34;41;40;40;39;39;33;32;31;34;36;34;30;31
SBAO;30117;24DM;21;0;0;0;0;0;0;0;0;0;0;0;0;0;0
SBAO;30240;02SG;79;76;61;57;53;55;50;55;51;38;40;42;36;33;34
SBAO;30582;04DY;45;41;37;32;26;27;27;29;33;34;35;41;45;44;44
SBAO;30742;00JY;33;34;27;32;26;27;29;29;33;32;31;34;42;39;44
SBAO;30742;18VP;9;7;5;6;6;9;9;8;8;8;8;8;0;0;0
SBAO;31384;05JT;32;33;32;27;25;21;25;23;19;24;20;21;20;23;25
SBAO;32073;23NV;25;23;22;21;21;21;20;21;24;22;24;25;0;27;28
SBAO;32177;20LC;41;42;35;34;33;26;26;24;27;19;19;16;18;17;19
SBAO;32580;02RT;32;32;35;29;30;28;67;73;76;93;99;97;85;74;70
SBAO;37663;02RU;20;20;20;20;19;20;19;21;24;25;25;23;21;24;21
SBAO;38001;20NV;24;23;26;27;28;25;23;25;33;33;28;30;32;33;30
SBAO;40114;24FT;54;54;54;54;52;47;43;38;0;48;51;53;58;66;57
SBAO;40278;12XR;47;46;43;43;45;43;43;44;46;45;42;46;48;50;49
SBAO;40342;14WQ;48;41;38;34;32;35;35;36;38;35;32;29;26;25;27
SBAO;40377;13HO;30;30;31;33;35;30;31;33;31;25;28;31;29;32;31
SBAO;40378;14VJ;53;50;45;42;45;45;0;41;40;37;39;43;45;43;41
SBAO;40378;19QB;46;44;38;38;34;35;0;31;26;28;29;32;32;35;31
SBAO;40517;02RC;53;46;41;36;34;28;32;33;35;36;40;43;39;34;35
SBAO;40557;05GT;27;27;27;28;29;36;38;27;25;27;36;40;42;42;32
SBAO;40631;01FN;63;65;69;55;32;22;19;0;18;17;20;16;18;17;15
SBAO;40631;19PA;35;31;31;39;26;30;27;0;23;26;33;27;27;28;24
SBAO;40636;02BJ;51;44;48;52;51;52;55;59;61;66;65;59;52;52;45
SBAO;40662;16TH;26;26;28;28;26;23;23;22;24;26;29;30;31;33;36
SBAO;40676;13IT;26;25;23;24;23;27;26;24;23;26;25;22;21;22;21
SBAO;40706;02RG;24;22;25;24;20;18;19;15;13;14;0;0;0;0;0
SBAO;40765;12FK;31;29;24;20;20;18;23;23;23;21;19;21;23;23;21
SBAO;40788;01CE;57;55;56;59;51;53;55;53;48;47;50;49;45;43;41
SBAO;40803;14VO;19;17;19;20;19;19;18;19;20;25;22;19;16;15;15
SBAO;40812;00IH;34;30;28;28;27;29;30;29;28;29;28;26;25;23;22
SBAO;40851;02WR;33;34;37;42;43;40;45;49;50;42;41;44;41;43;41
SBAO;40851;14WU;35;31;36;36;36;32;35;35;34;35;37;42;37;41;40
SBAO;40874;19RH;13;13;13;13;14;14;15;15;15;0;0;0;0;0;0
SBAO;40876;00MY;39;37;34;31;36;34;29;28;37;41;56;57;57;39;30
SBAO;40876;00NY;16;17;16;16;16;15;16;17;17;17;17;17;18;18;18
SBAO;40876;14OJ;57;51;46;43;48;41;44;55;58;61;69;66;63;63;62
SBAO;40876;16OU;56;51;48;47;43;38;37;39;44;47;57;52;51;47;43
SBAO;40888;01CX;17;16;18;16;14;16;15;16;19;18;20;19;18;18;18
SBAO;40888;20QP;25;26;30;24;25;26;24;28;33;33;32;27;26;17;18
SBAO;40894;20AH;38;37;36;33;32;31;31;35;32;33;37;36;34;33;32
SBAO;40901;00ZR;65;64;65;59;61;56;54;58;54;54;55;53;55;55;50
SBAO;40928;21GJ;39;37;37;31;29;30;29;33;30;36;36;40;47;53;49
SBAO;40934;02YE;53;47;45;42;39;32;32;28;30;32;45;38;35;38;33
SBAO;40941;02XG;17;18;15;13;12;11;13;16;19;21;22;26;0;20;18
SBAO;40945;23WK;39;39;38;38;33;33;30;31;32;33;34;35;36;35;33
SBAO;40946;00MS;25;23;25;25;24;27;27;25;32;32;33;31;30;31;30
SBAO;41008;01JQ;35;34;37;33;33;31;31;27;23;20;21;25;24;21;19
SBAO;41008;01LP;32;32;25;24;18;22;19;22;27;34;34;32;33;35;34
SBAO;41008;02EH;28;0;45;40;36;40;51;38;35;22;15;13;12;15;12
SBAO;41008;02SO;30;22;22;19;19;18;18;21;27;33;35;36;36;28;26
SBAO;41008;02TL;23;24;24;22;21;21;25;25;28;36;36;38;34;31;28
SBAO;41008;02WW;18;14;13;10;14;12;12;14;13;16;15;14;18;17;16
SBAO;41008;03CG;13;14;15;13;12;10;12;10;14;20;19;19;21;20;22
SBAO;41008;05ZN;20;21;21;21;22;22;19;21;22;25;23;15;19;23;24
SBAO;41008;14VQ;18;15;16;12;15;13;16;17;16;20;22;19;24;14;14
SBAO;41008;18GX;32;28;24;23;24;25;23;26;21;52;46;46;46;37;39
SBAO;41012;23XJ;24;23;21;20;18;18;18;18;20;23;27;24;22;23;22
SBAO;41018;16PD;19;17;19;18;18;18;18;17;19;21;23;25;24;24;23
SBAO;41047;19SC;101;88;80;65;62;58;58;64;63;63;66;67;64;66;62
SBAO;41071;03AF;33;31;29;22;19;18;17;18;17;17;22;22;27;25;21
SBAO;41071;06RV;15;16;16;19;18;14;11;9;14;15;13;18;15;16;13
SBAO;41071;09EB;19;19;20;21;17;18;17;16;16;16;18;20;17;17;17
SBAO;41154;16OH;33;36;35;30;27;26;26;26;23;29;27;31;31;32;31
SBAO;41194;04PC;44;43;43;32;31;32;31;29;25;26;24;23;24;28;30
SBAO;41202;04FP;18;17;16;15;15;15;15;14;13;14;12;11;14;15;16
SBAO;41223;06IC;48;46;39;37;37;35;38;37;34;32;33;30;37;30;33
SBAO;41248;12EP;34;31;33;31;31;35;32;27;24;26;29;32;33;32;34
SBAO;41248;20ZJ;24;25;25;26;21;32;35;33;30;28;28;23;21;23;25
SBAO;41251;00UN;36;30;26;19;21;17;19;28;27;26;28;28;32;31;31
SBAO;41274;19RE;64;59;62;67;66;73;81;88;105;126;124;127;124;132;119
SBAO;41338;16TQ;0;0;0;0;0;0;0;0;0;0;0;0;0;0;0
SBAO;41338;17IY;17;15;16;15;15;14;19;18;21;21;22;25;28;28;33
SBAO;41340;14VI;37;37;35;27;29;25;26;21;20;24;22;23;20;21;22
SBAO;41340;23XT;22;22;19;22;16;18;19;22;24;22;21;22;20;20;17
SBAO;41358;01KY;46;37;38;38;40;40;40;37;36;37;39;41;40;42;44
SBAO;41373;03LO;89;85;79;74;63;55;46;44;40;36;38;38;39;34;32
SBAO;41375;19TE;40;36;31;28;26;23;19;21;21;20;22;22;19;16;16
SBAO;41390;19KH;25;25;29;28;26;26;26;28;29;26;28;29;32;31;29
SBAO;41396;00UY;64;60;61;54;51;54;46;44;41;35;35;32;31;30;27
SBAO;41400;21GQ;36;35;37;34;35;34;35;36;35;38;39;37;39;38;40
SBAO;41407;15LO;100;97;80;72;68;66;54;57;64;61;58;61;60;60;56
SBAO;41413;19WC;38;34;33;32;31;33;34;31;36;36;38;36;38;41;37
SBAO;41414;00JH;24;25;21;20;17;18;14;9;13;9;9;9;6;10;15
SBAO;41414;07MI;34;30;28;29;28;25;22;25;33;33;33;37;36;33;35
SBAO;41414;19RA;31;27;32;26;23;21;24;24;24;27;29;34;31;45;43
SBAO;41414;19ZN;28;29;28;23;23;18;18;15;13;19;18;20;20;23;22
SBAO;41417;00UE;27;24;27;27;26;31;34;33;32;32;31;33;34;40;41
SBAO;41417;00VW;28;30;32;32;31;32;32;31;28;34;31;37;39;38;40
SBAO;41417;12UK;17;19;16;14;12;19;19;21;24;25;25;23;23;21;21
SBAO;41424;18YH;30;28;26;28;24;23;25;31;36;42;39;37;34;33;32
SBAO;41434;19UM;47;45;46;47;42;30;29;35;40;44;44;45;42;38;36
SBAO;41435;00KZ;40;33;31;27;24;29;28;33;34;33;35;37;37;40;35
SBAO;41438;11HX;30;25;22;23;20;18;19;20;20;24;26;24;21;22;23
SBAO;41441;18SG;16;17;18;21;19;18;16;19;20;19;20;20;20;21;24
SBAO;41441;19RB;27;26;34;25;33;39;0;0;0;0;0;0;0;0;0
SBAO;41443;00WK;21;20;19;18;16;17;16;17;17;21;23;22;18;25;26
SBAO;41444;16NZ;49;48;48;44;43;37;37;38;40;43;38;41;45;38;38
SBAO;41454;02FI;68;65;59;57;55;62;67;69;70;73;77;79;83;86;78
SBAO;41461;19QS;20;18;16;15;15;17;20;20;19;24;23;27;24;26;27
SBAO;41463;19SN;39;37;35;33;32;31;27;25;25;26;26;25;22;26;25
SBAO;41506;17VV;28;27;25;20;21;22;20;23;28;31;34;33;33;34;33
SBAO;41506;20KL;44;41;37;37;36;36;38;45;51;55;58;57;56;53;56
SBAO;41514;14NB;28;31;31;36;34;35;40;37;46;41;36;38;39;40;41
SBAO;41514;16KH;73;80;79;71;73;71;71;67;66;59;60;49;50;52;44
SBAO;41516;00RX;32;29;27;26;20;23;0;23;25;27;28;26;26;24;27
SBAO;41516;04TP;23;21;22;21;17;17;0;18;19;19;17;21;18;19;18
SBAO;41516;20AG;35;33;31;30;23;25;0;23;22;24;20;19;18;13;15
SBAO;41518;18AW;28;28;23;18;17;17;19;23;29;28;31;32;36;38;31
SBAO;41527;16GW;21;22;22;19;18;17;20;21;23;23;22;23;24;28;30
SBAO;41528;03UO;22;20;23;22;22;19;22;22;23;22;22;21;20;18;19
SBAO;41535;19ST;27;25;27;27;25;23;22;25;26;31;31;34;29;32;35
SBAO;41545;11HT;48;45;45;42;39;39;39;44;46;49;52;55;56;54;52
SBAO;41557;19QZ;12;12;12;12;14;16;16;17;15;14;16;17;17;17;18
SBAO;41565;19KG;80;78;80;70;74;76;71;69;72;73;73;70;68;49;46
SBAO;41566;19UG;43;42;40;38;35;33;29;28;23;20;22;21;21;20;22
SBAO;41567;19VE;38;37;30;28;29;35;32;32;36;48;48;52;54;62;58
SBAO;41570;13MH;36;33;32;26;25;27;27;29;32;29;32;33;28;29;25
SBAO;41572;20JA;0;0;0;0;0;0;0;0;0;0;0;0;0;0;0
SBAO;41572;20JC;29;29;29;27;27;27;30;38;43;47;51;51;51;47;47
SBAO;41572;20JF;25;26;24;21;22;20;23;25;21;22;22;23;22;20;21
SBAO;41572;20JJ;22;26;27;28;27;28;28;38;37;39;38;30;38;37;36
SBAO;41573;19QV;20;17;15;13;12;12;16;17;21;23;25;25;27;23;24
SBAO;41579;20XC;36;35;32;30;33;32;37;35;38;46;42;43;41;41;37
SBAO;41580;03HT;49;51;50;49;43;46;46;54;48;43;45;50;50;57;53
SBAO;41613;19SW;19;18;20;13;14;15;15;16;18;21;27;30;32;33;35
SBAO;41616;20QG;41;38;38;36;31;28;22;23;22;22;20;22;23;23;23
SBAO;41617;19QL;20;21;20;19;19;20;19;19;16;15;18;19;18;16;16
SBAO;41619;00TR;34;32;33;32;23;15;7;0;0;0;0;0;0;0;0
SBAO;41624;23VE;22;20;18;14;7;0;0;0;0;0;0;0;0;0;0
SBAO;41629;19QE;34;35;30;32;28;28;27;27;31;31;30;33;28;30;29
SBAO;41631;19QX;15;15;14;13;14;17;14;17;14;13;14;12;12;11;11
SBAO;41631;19RM;16;14;12;12;12;11;12;12;13;14;12;12;14;13;16
SBAO;41632;00BZ;26;29;24;24;24;22;24;28;26;25;25;24;22;19;14
SBAO;41639;19CM;64;58;59;50;49;49;51;53;54;54;49;45;44;41;39
SBAO;41645;02NY;60;59;45;41;34;29;27;28;28;28;30;28;28;34;30
SBAO;41645;12VW;26;26;27;29;31;29;28;23;26;25;28;26;29;27;23
SBAO;41646;00EH;28;27;26;23;22;20;19;18;17;17;15;17;20;21;23
SBAO;41671;02CX;30;30;26;24;25;22;20;18;20;21;20;23;23;33;33
SBAO;41671;02WU;44;39;40;37;37;37;33;34;40;39;46;46;47;48;46
SBAO;41671;05OX;22;23;27;23;24;21;17;19;18;15;17;17;16;18;16
SBAO;41676;15SJ;65;66;64;62;64;59;62;62;60;56;55;52;45;39;38
SBAO;41676;16CK;0;0;0;0;0;0;0;0;0;0;0;0;0;0;0
SBAO;41676;17FI;46;44;50;49;52;48;52;50;51;53;51;51;47;42;39
SBAO;41692;23HG;48;46;44;37;35;32;31;28;27;22;26;27;26;25;24
SBAO;41693;12DV;39;29;28;28;27;26;25;22;21;23;26;30;31;31;29
SBAO;41716;21DE;23;20;20;20;19;14;11;14;17;15;21;22;31;29;29
SBAO;41735;19QG;36;34;34;36;33;30;31;30;26;25;25;27;24;27;21
SBAO;41774;20WT;42;39;37;35;35;33;30;31;35;33;39;37;0;33;28
SBAO;41775;20KY;10;7;11;10;9;6;6;6;10;7;9;11;11;15;15
SBAO;41775;20RD;16;15;13;13;12;12;13;14;19;23;25;25;22;19;27
SBAO;41775;20RE;13;13;11;12;12;10;7;*;0;0;0;0;0;0;0
SBAO;41775;20RV;21;14;14;13;12;10;14;13;18;15;18;27;30;34;36
SBAO;41775;20RW;12;9;7;6;6;0;0;0;0;0;0;0;0;0;0
SBAO;41775;21HJ;15;14;20;19;16;12;11;11;12;14;15;16;14;10;10
SBAO;41780;19TV;31;29;25;23;20;19;18;25;31;36;36;40;58;56;49
SBAO;41781;20YY;0;0;0;0;0;0;0;0;0;0;0;0;0;0;0
SBAO;41782;02WZ;30;29;29;30;27;23;21;23;26;26;28;30;27;28;27
SBAO;41787;02WC;22;24;24;21;27;26;26;25;25;23;23;26;21;18;22
SBAO;41813;01AC;25;25;24;20;20;18;17;19;19;23;27;30;32;30;27
SBAO;41850;19TP;25;22;21;21;18;17;16;19;21;24;24;25;26;28;27
SBAO;41852;16LH;23;21;18;17;23;21;22;32;30;26;25;0;0;0;0
SBAO;41852;17UI;26;26;23;26;26;26;25;30;34;42;38;57;36;40;36
SBAO;41853;18QX;16;15;14;13;12;12;11;11;13;12;14;12;9;8;7
SBAO;41853;18RW;49;45;41;41;39;37;38;37;41;47;54;50;51;55;55
SBAO;41856;19RC;29;25;23;23;26;26;25;24;18;17;20;24;29;31;31
SBAO;41867;18KM;17;19;16;16;15;14;14;16;17;0;14;16;0;0;16
SBAO;41876;01ZA;48;45;46;37;38;34;35;37;38;39;41;36;35;38;37
SBAO;41879;01JW;55;58;49;38;41;71;76;71;67;75;71;70;30;30;33
SBAO;41879;09OE;20;18;17;18;15;18;21;25;25;26;22;19;19;19;16
SBAO;41879;19RT;54;56;60;60;57;48;50;48;49;53;50;51;51;51;44
SBAO;41879;23EZ;35;38;38;38;38;33;37;35;30;25;19;23;29;38;40
SBAO;42486;01GQ;21;21;20;19;15;11;12;15;15;14;15;13;13;14;15
SBAO;42510;19VC;56;52;59;56;57;59;60;62;66;0;74;80;63;53;49
SBAO;42514;19XX;27;28;23;23;24;24;25;29;31;36;35;33;35;34;29
SBAO;42552;14AK;33;36;31;30;30;28;27;27;26;23;27;27;30;31;30
SBAO;42553;20YX;36;36;28;28;29;32;39;43;28;28;33;33;27;35;39
SBAO;42587;14RX;37;34;36;35;35;27;28;36;37;38;38;38;43;40;33
SBAO;42607;22LH;31;30;23;25;26;33;34;34;33;30;31;29;31;28;32
SBAO;42623;19SP;29;24;28;31;30;25;21;22;22;26;29;26;27;41;31
SBAO;42632;02CO;19;19;20;17;18;18;20;24;20;23;23;23;23;24;27
SBAO;42635;01UR;115;113;113;97;94;91;94;92;90;90;93;95;85;80;77
SBAO;42635;03PE;58;59;66;65;58;67;67;69;68;67;69;73;72;73;74
SBAO;42687;04FL;30;27;27;26;26;24;26;26;27;29;25;26;31;34;33
SBAO;42687;08SR;34;33;36;33;33;30;29;30;31;31;29;34;33;34;34
SBAO;42687;10KT;25;22;20;17;18;17;14;16;19;16;14;18;16;19;19
SBAO;42687;19TU;63;61;62;59;57;54;53;54;57;59;43;39;35;37;33
SBAO;42719;20BX;41;40;40;42;45;44;45;45;45;47;50;44;41;38;33
SBAO;42787;21EM;73;71;71;69;71;68;62;57;52;43;46;46;47;46;47
SBAO;42788;19RN;20;19;16;17;18;19;16;47;45;46;56;56;70;62;61
SBAO;42790;00EM;35;31;35;38;42;43;50;53;55;54;53;55;53;44;48
SBAO;42790;23FV;39;37;38;39;33;35;39;41;41;38;40;45;47;51;48
SBAO;42790;24DE;25;24;24;29;26;28;35;38;39;42;49;50;48;41;39
SBAO;42818;04CV;25;22;21;16;18;22;24;29;31;24;24;23;22;22;23
SBAO;42828;14VP;21;24;24;21;22;24;27;28;26;23;20;18;15;16;14
SBAO;42830;19CO;35;32;34;36;35;39;38;36;39;35;39;36;39;15;16
SBAO;42854;19QJ;27;25;23;24;25;28;31;37;38;40;40;34;39;40;38
SBAO;43227;01XT;25;23;28;31;32;34;39;34;33;32;34;19;22;22;21
SBAO;44201;00MI;43;46;44;38;41;40;38;44;48;47;42;44;44;41;42
SBAO;44397;00SQ;25;24;20;18;24;25;22;37;37;34;30;32;31;32;28
SBAO;45000;01BO;25;26;25;23;22;22;22;22;27;26;24;28;30;33;35
SBAO;47595;05YM;19;19;18;16;17;18;19;23;21;21;23;19;19;18;20
SBAO;47595;14XB;25;24;21;22;20;18;20;20;21;24;23;26;26;27;26
SBAO;47920;00YG;28;25;24;25;23;22;24;20;19;19;21;19;18;18;20
SBAO;47959;02EG;15;10;10;12;9;8;7;7;10;9;11;11;12;14;12
SBAO;48348;14VU;63;61;54;49;45;34;34;31;30;26;25;22;24;19;27
SBAO;48348;20GB;24;24;21;20;19;18;17;18;19;18;19;19;17;16;18
SBAO;50819;00LS;32;31;27;24;22;21;23;22;24;25;25;26;22;22;11
SBAO;55303;00VD;34;32;30;30;28;28;28;32;37;36;38;36;37;36;33
SBAO;58761;15MK;47;46;52;57;57;63;67;69;66;69;72;80;107;113;145
SBAO;59282;23DC;39;28;27;24;24;15;17;21;23;23;26;21;24;21;26
SBAO;60985;14CG;20;22;21;19;16;13;16;17;16;13;16;15;8;0;0
SBAO;60997;20GF;43;34;31;19;15;20;21;25;25;24;23;22;19;21;21
SBAO;61751;01KZ;23;23;25;23;24;24;25;27;25;26;28;28;35;31;33
SBAO;62077;03TU;64;57;52;41;37;32;43;45;57;47;36;33;33;32;28
SBAO;62129;08CG;30;26;21;18;13;12;11;9;13;8;10;8;9;12;10
SBAO;62181;01AK;18;18;18;19;19;26;30;32;36;39;40;44;42;41;37
SBAO;62662;16QI;34;23;23;23;24;24;24;24;24;26;37;32;30;30;30
SBAO;65287;23FW;81;75;75;74;67;63;53;49;46;46;47;51;47;52;49
SBAO;70002;01KJ;27;26;29;28;30;33;34;36;41;44;47;43;48;41;41
SBAO;70176;16RC;24;21;20;19;17;17;19;18;17;18;19;18;17;22;18
SBAO;70176;18XS;28;27;26;26;26;29;31;25;27;33;36;40;40;38;36
SBAO;70176;19HH;25;23;23;24;19;21;20;19;19;21;23;25;24;25;23
SBAO;71488;00UI;26;28;28;26;27;27;26;27;29;33;33;33;34;36;36
SBAO;71956;02CQ;53;44;51;41;40;38;34;34;42;44;41;35;35;34;33
SBAO;72464;01FJ;55;54;48;40;39;34;34;30;31;24;25;26;26;23;24
SBAO;72853;02RQ;19;18;18;20;21;20;23;23;23;22;19;21;23;25;26
SBAO;73114;04BX;41;40;42;43;40;41;34;37;41;45;44;47;46;39;32
SBAO;73114;09PC;65;65;66;63;62;61;53;61;66;67;64;56;58;53;45
SBAO;73114;11XT;37;37;42;33;34;31;30;33;35;40;43;42;44;41;35
SBAO;74049;04VC;30;28;26;26;23;16;16;14;15;13;15;17;17;17;17
SBAO;74049;16WC;64;63;60;55;49;46;29;13;7;0;0;0;0;0;0
SBAO;74154;14CK;75;64;61;58;50;43;38;32;34;33;34;32;31;30;29
SBAO;75219;13PM;52;48;46;43;39;38;37;42;49;59;58;60;46;42;44
SBAO;75597;03SP;28;29;22;24;25;24;26;24;25;24;22;25;27;31;25
SBAO;75597;17KV;24;22;22;22;21;19;17;18;18;19;16;25;27;23;22
SBAO;77195;06UJ;36;61;61;60;60;57;61;65;70;72;75;76;74;72;63
SBAO;77196;00ZS;29;29;32;28;30;30;30;30;32;31;30;32;30;29;31
SBAO;77338;17IQ;17;16;16;15;14;19;21;20;24;22;26;28;29;29;29
SBAO;77651;04DA;51;51;51;49;56;62;59;62;60;61;62;62;54;70;75
SBAO;77690;01VF;26;28;24;34;36;34;34;35;36;41;38;42;32;32;31
SBAO;77690;06ZQ;53;55;54;49;49;44;40;37;37;31;34;31;31;27;27
SBAO;77690;18YA;73;69;59;41;40;38;37;37;37;43;45;46;47;43;38
SBAO;77690;19XM;23;21;21;21;21;23;25;25;26;26;25;24;23;22;22
SBAO;77690;20OF;14;12;12;13;15;16;20;17;20;20;21;24;25;25;26
SBAO;77975;04DR;50;51;48;48;48;46;46;48;41;30;30;27;27;30;37
SBAO;78782;19PQ;37;34;32;29;22;16;17;21;29;28;30;32;36;36;35
SBAO;80433;00MN;38;39;37;41;39;36;27;26;26;25;27;27;25;29;33
SBAO;82292;16OY;41;39;38;30;29;27;23;22;25;24;33;36;40;35;31
SBAO;83280;01DM;96;85;85;83;79;74;71;68;83;85;89;93;64;52;45
SBAO;83280;01GE;24;24;22;22;22;22;23;25;27;27;27;23;21;19;18
SBAO;84151;04EW;32;27;27;25;24;24;36;39;42;39;44;36;40;41;43
SBAO;84463;04FC;12;11;12;12;12;13;12;12;14;13;11;9;14;10;9
SBAO;84515;01ST;15;18;19;20;23;26;31;30;35;36;35;35;34;36;36
SBAO;84515;24DF;41;40;39;35;36;33;36;46;42;46;54;58;57;61;52
SBAO;85255;14WV;42;37;31;29;31;31;30;29;36;37;29;46;54;55;59
SBAO;85321;07FF;87;79;78;71;69;68;73;82;80;81;87;92;92;90;86
SBAO;85600;03ZN;20;19;20;19;21;18;16;18;20;20;20;19;16;14;18
SBAO;86971;02WY;41;40;39;24;20;29;25;22;8;7;8;5;*;*;*
SBAO;95694;00WO;31;30;34;32;39;35;34;37;34;36;33;35;38;27;26
SBAO;95785;08CH;0;0;0;0;0;0;0;0;0;0;0;0;0;0;0
WEC (so en vso);20151;02XM;62;64;63;65;66;70;65;62;58;59;60;60;64;69;72
WEC (so en vso);20233;02ZX;180;187;196;163;162;168;160;163;183;209;222;231;250;262;282
WEC (so en vso);20281;01OY;19;19;22;24;29;32;37;46;46;54;56;55;52;57;59
WEC (so en vso);20281;02DE;46;41;45;45;45;45;48;49;50;50;51;54;55;54;54
WEC (so en vso);20281;16VG;18;18;19;18;20;22;19;25;28;31;26;23;27;30;27
WEC (so en vso);21657;08ZP;419;418;413;437;426;440;466;495;502;520;514;515;508;537;547
WEC (so en vso);21679;20WR;467;418;429;412;426;456;514;558;581;584;561;529;554;563;577
WEC (so en vso);21712;02AC;68;71;68;73;66;68;70;71;61;62;63;62;64;68;68
WEC (so en vso);21712;17JJ;66;63;65;62;61;54;85;84;91;91;95;90;89;98;98
WEC (so en vso);21712;23GH;51;53;53;57;49;60;60;69;41;50;47;44;42;46;48
WEC (so en vso);25859;00KM;519;498;485;480;505;397;322;288;267;288;303;347;368;363;341
WEC (so en vso);25859;00ZN;40;37;37;30;29;45;32;28;32;34;38;42;45;54;52
WEC (so en vso);25859;02GD;187;179;185;190;198;188;167;146;128;97;110;152;173;178;170
WEC (so en vso);25859;19LZ;72;66;68;70;71;50;47;54;57;75;70;75;75;82;93
WEC (so en vso);25859;23KF;50;46;44;27;9;26;17;23;21;19;23;40;43;45;45
WEC (so en vso);26132;00KX;43;46;50;54;57;60;63;65;72;77;84;86;89;107;109
WEC (so en vso);29810;01GF;24;25;24;21;19;17;15;17;14;16;17;16;17;19;18
WEC (so en vso);30117;26NC;49;51;52;51;47;54;56;56;60;65;62;70;68;66;61
WEC (so en vso);30198;21IZ;50;49;49;48;45;48;47;46;45;46;47;47;50;47;40
WEC (so en vso);30605;02GM;61;70;72;70;71;72;79;80;84;87;86;90;88;89;90
WEC (so en vso);30742;07IT;57;55;49;48;42;45;46;49;50;54;56;61;57;48;56
WEC (so en vso);30815;23GJ;221;199;189;165;162;164;156;160;193;194;204;208;208;213;224
WEC (so en vso);30882;23HU;314;316;332;325;306;306;298;293;303;318;315;316;336;353;334
WEC (so en vso);30882;23VR;54;49;44;57;48;44;46;40;35;39;40;31;28;32;28
WEC (so en vso);30968;00NT;214;207;223;246;241;240;245;263;280;297;302;310;318;314;329
WEC (so en vso);32216;00ON;89;99;94;96;97;93;86;85;83;86;80;72;72;68;56
WEC (so en vso);36700;02EY;104;92;95;93;91;92;91;90;85;0;0;0;0;0;0
WEC (so en vso);38209;00PZ;93;90;101;104;107;104;105;105;111;117;124;126;138;140;138
WEC (so en vso);40132;01KI;85;69;69;67;60;33;26;31;31;35;32;27;24;22;21
WEC (so en vso);40132;02RM;28;32;30;33;39;37;46;47;42;42;38;23;18;14;17
WEC (so en vso);40530;04EF;71;64;60;61;56;62;66;63;69;72;69;64;67;70;90
WEC (so en vso);40631;00AO;50;52;51;48;45;51;54;52;51;55;53;51;51;47;51
WEC (so en vso);40631;00SO;70;65;0;64;49;56;57;0;0;22;19;21;22;26;28
WEC (so en vso);40631;01JE;131;95;101;98;107;98;102;106;109;104;105;102;100;93;89
WEC (so en vso);40631;01JH;130;116;113;106;105;102;95;95;96;90;91;96;107;118;120
WEC (so en vso);40631;01RE;168;148;0;153;147;161;165;0;38;43;44;40;46;53;56
WEC (so en vso);40631;03AE;84;75;0;82;86;88;79;0;56;57;60;64;68;68;68
WEC (so en vso);40631;03IJ;89;82;89;90;77;82;86;82;89;88;101;110;115;124;127
WEC (so en vso);40631;03RM;59;93;0;94;90;77;74;0;144;83;94;104;116;108;106
WEC (so en vso);40631;04AN;103;97;0;102;111;110;100;0;52;39;52;54;53;57;57
WEC (so en vso);40631;05LW;27;23;0;29;26;27;29;0;48;53;54;52;60;60;60
WEC (so en vso);40631;05MF;28;28;0;27;37;30;29;0;71;50;53;51;55;54;50
WEC (so en vso);40631;14NA;39;38;38;42;43;38;36;0;46;51;60;65;82;95;103
WEC (so en vso);40631;14PG;69;123;0;134;128;124;127;0;102;99;102;104;107;113;116
WEC (so en vso);40631;14XF;155;171;149;167;173;97;90;95;105;98;133;98;116;114;117
WEC (so en vso);40631;16QF;39;39;0;41;47;50;53;0;52;49;46;49;48;53;57
WEC (so en vso);40631;19SY;34;34;0;37;38;45;46;0;54;61;63;67;69;77;72
WEC (so en vso);40631;19TG;27;27;0;41;36;37;41;0;45;47;54;53;59;65;65
WEC (so en vso);40631;20OJ;30;29;27;26;25;22;12;0;12;27;36;41;44;42;36
WEC (so en vso);40631;22NX;40;38;0;39;38;39;35;0;35;40;46;55;58;59;67
WEC (so en vso);40631;23GK;82;87;94;96;91;88;85;77;77;74;78;85;88;93;90
WEC (so en vso);40631;24HY;141;43;0;47;52;52;56;0;152;155;162;167;178;186;187
WEC (so en vso);40837;01LB;130;0;111;121;53;92;85;102;97;100;105;98;110;97;98
WEC (so en vso);40837;01MI;301;0;291;303;315;283;262;219;215;226;228;248;260;249;264
WEC (so en vso);40837;01WX;91;0;62;75;89;107;109;138;138;133;131;124;118;126;131
WEC (so en vso);40851;14WT;36;39;38;39;39;39;39;42;41;44;49;49;48;56;56
WEC (so en vso);40876;00OJ;40;40;38;38;38;40;47;54;58;60;62;64;63;69;71
WEC (so en vso);40876;02CK;107;108;115;110;113;104;100;98;99;115;138;130;132;124;125
WEC (so en vso);40876;04EY;188;178;174;165;175;182;190;197;175;173;180;190;197;220;219
WEC (so en vso);40876;05HS;34;34;37;32;34;34;40;41;40;44;53;54;52;51;55
WEC (so en vso);40876;14PR;30;28;27;35;38;34;33;28;25;18;19;20;24;26;30
WEC (so en vso);40894;26NR;44;40;38;38;41;39;38;40;43;43;36;40;42;45;43
WEC (so en vso);41008;00RL;90;90;173;159;147;147;151;147;183;173;164;171;165;100;93
WEC (so en vso);41008;00UT;26;24;30;30;30;28;25;33;35;49;50;44;40;33;31
WEC (so en vso);41008;01UQ;47;56;57;69;67;69;65;68;70;84;77;79;77;75;90
WEC (so en vso);41008;02EJ;50;51;60;60;57;60;57;47;56;68;67;48;44;34;34
WEC (so en vso);41008;03TV;148;143;142;137;148;152;149;154;156;187;178;158;169;166;172
WEC (so en vso);41008;04YK;117;66;124;117;114;126;114;117;127;153;154;132;137;149;139
WEC (so en vso);41008;10OL;64;63;67;63;62;61;57;74;71;92;81;75;71;69;63
WEC (so en vso);41008;16QL;157;167;131;142;124;115;108;123;124;124;129;139;150;149;149
WEC (so en vso);41008;17IP;15;15;15;11;9;9;9;14;14;22;22;20;23;21;21
WEC (so en vso);41008;18CZ;57;80;137;130;111;106;91;44;56;63;72;71;86;74;77
WEC (so en vso);41008;18XY;52;44;40;42;43;40;39;45;44;55;57;57;57;63;73
WEC (so en vso);41008;19ES;49;51;54;51;54;55;54;53;52;58;56;61;62;56;57
WEC (so en vso);41008;22OB;80;76;56;62;54;49;50;59;61;69;68;70;76;71;72
WEC (so en vso);41127;26LY;44;44;44;44;46;49;47;49;48;51;42;50;54;51;49
WEC (so en vso);41148;14OP;55;56;57;57;61;63;70;62;61;71;65;67;54;55;53
WEC (so en vso);41200;02RH;289;291;301;254;273;290;265;285;294;290;308;317;341;347;342
WEC (so en vso);41200;07WD;96;91;88;79;73;80;70;68;71;72;66;66;70;74;77
WEC (so en vso);41200;23GY;80;89;78;78;72;77;80;81;88;94;94;109;124;116;114
WEC (so en vso);41208;16OJ;194;184;193;180;181;113;83;91;100;101;89;90;80;101;98
WEC (so en vso);41314;01JO;1164;1126;1120;1077;1106;1102;1216;1264;1356;1407;1449;1533;1537;1504;1445
WEC (so en vso);41358;26MU;46;42;43;46;49;56;54;51;56;52;52;47;51;54;54
WEC (so en vso);41373;00SH;141;135;143;130;116;110;96;90;84;78;72;76;49;52;52
WEC (so en vso);41373;02SP;38;35;39;31;28;17;18;15;16;17;18;21;34;33;36
WEC (so en vso);41373;17LV;62;63;62;60;59;61;53;50;41;39;42;51;70;68;66
WEC (so en vso);41388;00SL;80;80;85;81;79;73;73;72;76;80;82;83;74;84;85
WEC (so en vso);41388;02YP;164;151;151;148;134;137;125;129;141;153;156;181;174;119;110
WEC (so en vso);41388;02YT;171;166;168;170;168;142;139;137;127;135;136;144;157;170;162
WEC (so en vso);41388;03ND;24;25;28;26;26;27;30;29;27;25;31;35;33;39;38
WEC (so en vso);41396;26MR;48;47;49;47;49;55;53;50;46;47;48;48;50;48;49
WEC (so en vso);41400;00PQ;89;80;65;56;59;66;73;74;71;87;84;91;99;115;137
WEC (so en vso);41400;26LF;55;54;49;46;26;25;27;28;28;31;34;35;44;51;55
WEC (so en vso);41407;02RK;159;167;145;152;165;151;138;160;165;166;173;178;186;184;175
WEC (so en vso);41407;21RO;184;199;184;170;148;145;142;144;136;119;133;127;128;134;135
WEC (so en vso);41414;00MU;43;38;39;38;33;26;31;35;40;38;43;47;43;29;30
WEC (so en vso);41414;00ZF;56;58;60;77;83;73;89;102;138;140;148;166;127;171;171
WEC (so en vso);41414;02EP;53;52;57;57;55;52;49;45;45;45;47;49;46;53;54
WEC (so en vso);41414;02YM;21;22;22;20;56;52;52;50;56;62;57;58;46;61;61
WEC (so en vso);41414;02YR;96;86;85;84;70;65;60;61;59;64;61;64;49;64;61
WEC (so en vso);41414;06SV;55;48;52;62;53;40;36;38;49;45;49;59;58;62;74
WEC (so en vso);41414;14OR;34;30;34;41;49;48;48;47;52;50;54;61;44;58;56
WEC (so en vso);41414;16QX;58;49;47;46;39;41;38;38;39;40;45;49;43;47;47
WEC (so en vso);41414;19WF;26;24;24;22;17;23;20;31;30;34;36;42;25;35;32
WEC (so en vso);41414;23JT;130;131;129;150;110;105;94;81;87;84;84;87;71;105;101
WEC (so en vso);41417;00KK;108;98;103;105;94;109;105;104;111;118;116;124;114;108;109
WEC (so en vso);41417;00RK;52;56;54;24;24;27;28;24;26;26;30;30;33;34;35
WEC (so en vso);41417;14OH;59;64;64;61;61;66;71;73;78;74;79;82;86;83;87
WEC (so en vso);41434;01KX;26;22;28;29;27;26;24;23;23;26;21;20;20;19;27
WEC (so en vso);41434;15DZ;49;45;43;46;48;52;50;53;53;59;72;79;81;77;79
WEC (so en vso);41448;05XA;75;72;73;60;61;65;56;60;59;69;84;91;96;92;90
WEC (so en vso);41448;23FA;58;56;59;58;54;48;48;45;47;50;54;61;53;61;62
WEC (so en vso);41450;14RB;99;100;102;102;95;100;93;96;94;94;98;92;104;99;96
WEC (so en vso);41479;20WU;54;51;48;36;41;25;19;19;24;23;24;29;36;35;35
WEC (so en vso);41479;20WV;73;67;57;61;53;113;101;101;121;123;127;131;112;123;107
WEC (so en vso);41479;20WW;39;35;32;26;25;50;65;74;87;80;79;86;91;94;121
WEC (so en vso);41479;20XV;53;47;45;38;39;34;39;42;45;51;51;51;53;53;61
WEC (so en vso);41479;20YC;26;23;26;26;19;22;21;24;23;26;27;27;28;28;30
WEC (so en vso);41479;20YD;25;25;27;28;24;22;28;27;29;30;30;34;34;36;36
WEC (so en vso);41479;20YN;70;63;68;59;58;49;49;47;46;51;50;47;52;52;61
WEC (so en vso);41479;21EJ;31;26;25;21;21;21;22;26;28;32;39;34;40;44;46
WEC (so en vso);41479;21EN;82;110;138;126;131;65;56;62;51;58;51;47;54;56;55
WEC (so en vso);41496;19TJ;68;65;61;54;53;49;52;58;61;64;68;73;72;77;77
WEC (so en vso);41506;20IF;60;59;57;55;52;57;55;55;61;65;72;75;75;82;84
WEC (so en vso);41506;21SG;108;106;106;100;99;104;97;114;117;117;114;110;110;108;106
WEC (so en vso);41514;19SU;36;37;41;47;49;66;74;71;103;99;97;103;101;106;112
WEC (so en vso);41516;16PB;45;50;50;50;51;50;0;54;57;60;68;76;74;79;84
WEC (so en vso);41527;19XZ;69;63;60;60;61;60;59;56;58;62;63;61;53;50;48
WEC (so en vso);41531;00OS;158;151;156;168;158;152;123;111;102;102;146;166;84;82;78
WEC (so en vso);41531;00TO;65;64;64;68;72;73;74;77;99;113;104;105;92;91;87
WEC (so en vso);41531;01JR;134;130;132;138;138;136;123;107;105;107;103;87;82;77;76
WEC (so en vso);41531;02RO;116;112;107;106;103;104;101;98;98;95;89;92;88;83;78
WEC (so en vso);41531;02RV;67;62;66;67;64;61;55;53;60;59;60;72;71;68;65
WEC (so en vso);41531;07IC;68;63;56;52;54;60;62;62;71;76;76;74;76;81;83
WEC (so en vso);41535;19QU;50;52;53;52;57;55;56;57;61;64;67;62;71;78;80
WEC (so en vso);41570;18KC;46;43;48;52;51;55;60;67;66;62;61;58;60;61;62
WEC (so en vso);41572;20IX;21;20;18;19;17;19;25;30;33;35;37;37;37;36;37
WEC (so en vso);41572;20JE;31;29;31;34;33;33;35;32;37;35;36;37;39;35;33
WEC (so en vso);41572;20JG;76;76;71;69;58;60;61;68;65;66;69;73;79;86;89
WEC (so en vso);41572;20JM;85;67;74;67;69;70;69;69;72;72;75;81;81;82;70
WEC (so en vso);41572;20KP;96;90;85;88;92;93;107;113;105;111;111;107;101;93;98
WEC (so en vso);41613;19TZ;32;31;34;32;30;34;37;39;39;39;41;43;49;50;50
WEC (so en vso);41629;19SK;44;42;42;42;45;42;39;43;47;48;53;47;44;47;49
WEC (so en vso);41664;18EC;63;126;123;130;94;98;144;148;137;148;167;157;168;174;175
WEC (so en vso);41671;02CP;45;42;40;41;38;39;36;31;30;31;30;34;39;41;41
WEC (so en vso);41671;16TL;47;51;54;58;61;66;64;73;82;87;96;108;123;128;123
WEC (so en vso);41775;18BD;66;63;67;66;65;63;64;64;70;71;70;64;62;67;66
WEC (so en vso);41775;20RI;86;81;85;85;87;90;98;105;103;108;109;113;115;117;120
WEC (so en vso);41775;20RJ;64;63;64;65;66;68;72;74;77;75;85;96;96;100;102
WEC (so en vso);41775;20RL;31;27;35;31;27;33;30;30;32;33;30;30;35;33;32
WEC (so en vso);41775;20RT;75;71;131;133;128;113;101;92;84;75;79;79;83;84;91
WEC (so en vso);41775;20RX;183;171;158;150;153;155;151;144;144;144;137;139;160;150;144
WEC (so en vso);41775;20VT;193;182;152;164;162;183;197;198;203;197;204;226;237;247;258
WEC (so en vso);41780;26NL;45;39;38;39;35;39;36;50;51;59;58;61;25;31;29
WEC (so en vso);41805;00OQ;63;64;61;63;66;64;59;79;88;96;100;105;92;90;94
WEC (so en vso);41805;02YJ;93;95;96;93;96;106;109;108;98;94;103;106;105;97;104
WEC (so en vso);41805;03HW;65;66;70;74;73;70;78;84;91;95;102;108;110;107;110
WEC (so en vso);41805;14MY;75;81;87;81;76;66;71;72;72;74;74;75;78;81;83
WEC (so en vso);41805;15KH;62;61;60;62;64;65;56;58;66;70;72;71;68;70;78
WEC (so en vso);41805;19UQ;151;154;151;150;147;146;141;127;132;130;145;152;149;151;147
WEC (so en vso);41821;01UO;71;72;81;92;91;92;89;88;82;72;82;84;89;94;102
WEC (so en vso);41821;02KX;73;76;75;65;62;55;48;52;46;48;47;50;45;39;42
WEC (so en vso);41852;16KI;58;63;63;69;63;65;63;66;68;72;79;82;116;129;132
WEC (so en vso);41853;18IS;72;70;57;59;62;65;60;64;67;65;67;71;77;85;95
WEC (so en vso);41853;18LW;123;118;108;112;104;84;79;77;80;75;77;70;71;71;72
WEC (so en vso);41856;26MC;39;36;35;38;43;48;53;52;55;50;58;60;67;68;78
WEC (so en vso);41879;02RF;160;145;137;142;149;149;150;143;141;161;174;177;179;187;198
WEC (so en vso);41879;04AK;95;102;88;64;68;60;65;82;82;88;91;88;91;94;97
WEC (so en vso);41880;30EF;107;99;95;105;109;130;129;142;144;149;166;182;176;174;180
WEC (so en vso);42504;00SI;40;50;48;42;51;53;62;87;91;98;92;86;64;37;39
WEC (so en vso);42504;19OV;38;36;35;36;32;37;34;34;34;35;39;38;33;35;36
WEC (so en vso);42510;19SO;122;112;105;96;80;67;74;83;80;0;90;97;99;86;88
WEC (so en vso);42510;19VO;145;117;120;124;114;94;99;107;110;0;113;104;106;63;44
WEC (so en vso);42510;19WD;15;15;14;18;18;15;18;22;24;0;21;14;11;49;50
WEC (so en vso);42514;18ZJ;177;192;211;214;217;229;223;225;209;193;184;184;197;203;216
WEC (so en vso);42536;25GP;69;67;64;57;56;61;61;66;68;69;75;72;70;72;73
WEC (so en vso);42536;25HD;107;104;99;90;89;80;76;70;70;70;72;80;81;91;93
WEC (so en vso);42536;25HE;202;201;209;213;210;200;197;206;212;205;220;225;227;232;229
WEC (so en vso);42552;15MR;56;53;51;52;48;46;43;44;39;36;34;45;51;64;62
WEC (so en vso);42572;00RT;90;94;95;97;103;110;128;135;144;160;185;177;173;172;159
WEC (so en vso);42607;26MK;23;24;21;23;21;23;25;23;25;26;25;24;26;22;26
WEC (so en vso);42623;02YN;627;558;527;459;447;342;227;197;214;242;265;343;304;305;308
WEC (so en vso);42623;19QK;73;55;54;59;61;92;98;108;116;138;154;163;170;191;201
WEC (so en vso);42623;19VD;150;175;174;186;176;128;123;130;143;150;151;154;156;173;167
WEC (so en vso);42631;23GL;125;110;110;97;87;90;75;86;51;96;112;115;121;132;142
WEC (so en vso);42635;04GJ;86;91;96;96;103;106;107;107;107;118;115;106;116;117;102
WEC (so en vso);42665;00LD;124;107;108;107;102;100;99;97;106;117;111;106;110;105;104
WEC (so en vso);42665;00RS;81;68;72;74;73;85;84;80;84;87;90;80;86;86;81
WEC (so en vso);42665;02XF;101;94;92;91;92;87;90;93;91;108;113;113;118;124;124
WEC (so en vso);42665;03PB;87;80;76;69;70;61;59;57;61;63;66;68;73;72;75
WEC (so en vso);42665;08ST;46;35;32;37;36;37;36;39;42;45;48;45;48;54;57
WEC (so en vso);42665;19TX;46;43;39;39;32;34;35;32;33;42;45;41;46;49;53
WEC (so en vso);42665;26LD;69;58;54;49;49;51;51;53;57;63;72;69;74;80;88
WEC (so en vso);42687;01TQ;26;30;30;29;34;59;78;89;102;102;99;101;155;163;165
WEC (so en vso);42719;20BG;63;60;55;50;45;42;46;42;41;45;52;54;53;51;53
WEC (so en vso);42747;25GR;166;160;168;167;163;165;162;159;162;158;161;163;166;169;171
WEC (so en vso);42790;26MN;47;51;58;33;36;42;50;56;67;66;65;78;81;80;75
WEC (so en vso);42790;26NU;22;25;37;41;44;48;46;47;55;56;66;66;71;69;71
WEC (so en vso);42830;00SU;68;59;55;54;52;53;63;69;66;68;76;104;97;62;76
WEC (so en vso);43058;03RH;48;46;47;49;48;47;44;48;51;49;52;52;56;58;59
WEC (so en vso);44201;01PJ;49;52;48;46;43;52;53;54;52;58;61;59;66;56;58
WEC (so en vso);44813;01RB;37;35;33;32;36;36;34;31;33;38;43;48;49;54;59
WEC (so en vso);44813;02QV;48;50;48;47;43;43;44;45;47;49;57;62;72;80;80
WEC (so en vso);44813;17GQ;76;80;76;77;91;72;70;71;77;73;78;79;83;88;90
WEC (so en vso);44813;22OG;67;79;77;76;69;57;46;38;33;35;37;40;39;44;41
WEC (so en vso);44813;22OH;82;87;80;81;66;80;75;58;49;56;56;54;57;56;54
WEC (so en vso);46013;02YL;62;59;59;52;49;52;58;73;77;76;56;55;49;46;50
WEC (so en vso);47595;20KH;70;68;65;62;67;62;65;63;66;67;67;71;66;67;68
WEC (so en vso);50143;01OZ;68;64;61;50;48;39;40;32;33;41;44;50;50;47;51
WEC (so en vso);50143;03XK;75;73;89;81;73;55;54;49;46;52;51;55;57;75;76
WEC (so en vso);50143;21GN;0;0;125;120;117;106;87;76;61;46;45;50;61;56;65
WEC (so en vso);54679;17GW;1813;1914;1887;1897;1772;1809;1916;1997;2036;2011;1927;1914;1969;1980;2014
WEC (so en vso);62077;00AW;37;37;38;49;0;35;33;30;38;41;45;49;50;54;53
WEC (so en vso);62077;01AI;156;147;156;134;0;107;111;109;103;73;78;79;72;68;71
WEC (so en vso);62077;01BS;158;160;161;142;0;117;139;143;136;138;136;141;132;135;148
WEC (so en vso);62077;04AD;51;52;55;56;0;57;57;60;58;63;59;54;56;56;56
WEC (so en vso);62077;05YX;165;177;178;166;0;154;162;190;170;191;186;183;187;175;175
WEC (so en vso);62077;07IQ;365;302;329;318;309;340;334;346;348;344;312;328;348;332;299
WEC (so en vso);62129;01AJ;107;116;104;108;104;86;86;86;83;78;83;79;82;75;77
WEC (so en vso);62181;06RJ;68;67;66;67;67;67;68;72;76;79;82;84;95;99;103
WEC (so en vso);62662;04BF;74;76;68;69;67;72;75;85;86;95;101;95;108;117;113
WEC (so en vso);62662;14RZ;91;73;76;84;105;103;105;108;107;121;120;117;124;118;118
WEC (so en vso);70176;02GA;54;53;59;62;62;66;66;67;67;71;70;72;78;78;82
WEC (so en vso);71371;17WK;83;85;90;92;90;94;98;101;105;116;116;115;106;108;108
WEC (so en vso);72464;02VX;93;94;94;94;90;98;90;95;100;105;104;101;111;113;122
WEC (so en vso);72905;14VL;87;90;89;89;92;100;85;85;81;90;91;97;92;93;105
WEC (so en vso);72905;16SO;85;81;85;85;95;92;84;80;70;72;79;75;72;71;75
WEC (so en vso);72905;19HT;78;77;79;81;87;86;84;100;92;96;115;128;137;131;146
WEC (so en vso);73114;01FX;100;95;91;87;85;90;86;97;108;120;127;150;156;174;171
WEC (so en vso);73114;01UB;34;36;45;52;44;42;43;38;43;50;52;48;49;54;58
WEC (so en vso);73114;23JU;161;157;169;136;128;123;124;143;144;150;153;155;157;158;156
WEC (so en vso);73906;05HJ;251;240;249;256;246;239;254;261;276;291;307;303;322;326;299
WEC (so en vso);74127;02SK;113;108;105;96;99;106;108;101;102;110;111;109;110;111;122
WEC (so en vso);74154;16LO;109;103;106;105;103;96;95;101;108;107;111;112;114;114;118
WEC (so en vso);74803;14VR;159;150;145;142;140;134;129;135;133;137;132;134;117;114;111
WEC (so en vso);74803;14YY;64;56;54;56;55;55;57;60;59;63;68;65;66;60;71
WEC (so en vso);75778;02SZ;65;69;68;68;72;72;74;71;69;71;69;81;87;87;85
WEC (so en vso);77195;00VV;46;40;40;32;32;35;33;36;46;41;44;43;38;44;45
WEC (so en vso);77338;00LH;62;61;62;55;61;63;67;73;77;85;84;90;91;89;93
WEC (so en vso);77456;22ML;52;49;49;37;29;28;31;36;33;35;35;36;37;37;37
WEC (so en vso);77690;12QB;71;70;72;62;62;65;65;71;73;80;81;88;97;100;103
WEC (so en vso);77690;14UA;82;80;81;76;76;73;81;80;88;88;100;111;112;127;119
WEC (so en vso);77690;17VX;12;11;0;0;0;0;0;0;0;0;0;0;0;0;0
WEC (so en vso);82253;01PA;101;103;102;88;78;86;88;85;85;96;95;96;109;108;106
WEC (so en vso);82292;01PD;110;111;111;107;112;131;149;154;175;171;159;178;199;200;204
WEC (so en vso);82292;02SJ;135;123;123;109;103;114;124;128;139;133;148;140;137;128;128
WEC (so en vso);82292;02SW;44;43;42;41;44;48;53;55;59;59;59;63;70;73;78
WEC (so en vso);82292;14OT;48;50;52;51;53;59;53;58;65;66;67;75;79;84;86
WEC (so en vso);83189;01CN;88;80;81;88;92;87;74;78;81;88;95;98;91;95;92
WEC (so en vso);83189;01QH;239;231;237;238;235;209;235;230;245;260;273;286;298;301;278
WEC (so en vso);83189;02PQ;84;83;78;59;52;36;38;38;42;40;37;34;51;69;77
WEC (so en vso);83189;04EJ;51;55;60;60;56;53;52;60;68;75;77;92;100;105;103
WEC (so en vso);83189;08PQ;91;93;99;97;95;96;89;93;102;112;113;122;134;134;125
WEC (so en vso);83189;18QP;43;43;45;44;44;43;37;42;44;48;49;56;57;59;58
WEC (so en vso);83189;19QO;109;107;105;100;100;102;92;91;97;98;107;115;128;133;133
WEC (so en vso);83280;04EP;77;65;76;82;79;68;76;73;64;61;58;60;60;67;64
WEC (so en vso);83280;12QN;76;72;70;68;71;67;69;70;68;64;61;66;62;66;73
WEC (so en vso);84151;26NE;32;41;48;35;38;37;39;48;47;50;54;48;53;59;56
WEC (so en vso);84202;14WS;80;79;80;80;76;83;84;88;94;102;104;115;118;125;119
WEC (so en vso);84515;26MW;49;52;61;64;66;46;72;85;100;100;103;114;115;117;124
WEC (so en vso);85255;09QN;42;43;45;49;49;45;47;44;47;51;52;59;59;55;57
WEC (so en vso);85256;01UC;0;275;315;298;277;302;0;349;343;355;368;398;440;454;447
WEC (so en vso);85269;23XK;94;101;118;133;140;145;154;149;161;167;170;179;189;203;197
WEC (so en vso);85775;05PE;133;115;119;108;109;105;104;106;105;118;118;125;122;125;129
WEC (so en vso);86971;05PZ;65;62;59;53;47;52;51;57;70;77;82;84;88;93;101
WEC (so en vso);98229;02YU;44;33;21;22;23;23;19;24;27;25;18;0;0;0;0
