SOORT PRIMAIR ONDERWIJS;PROVINCIE;BEVOEGD GEZAG NUMMER;INSTELLINGSCODE;VESTIGINGSCODE;VESTIGINGSNAAM;STRAATNAAM;HUISNUMMER-TOEVOEGING;POSTCODE;PLAATSNAAM;GEMEENTENUMMER;GEMEENTENAAM;DENOMINATIE;TELEFOONNUMMER;INTERNETADRES;CLUSTER;ONDERWIJS;STRAATNAAM CORRESPONDENTIEADRES;HUISNUMMER-TOEVOEGING CORRESPONDENTIEADRES;POSTCODE CORRESPONDENTIEADRES;PLAATSNAAM CORRESPONDENTIEADRES;NODAAL GEBIED CODE;NODAAL GEBIED NAAM;RPA-GEBIED CODE;RPA-GEBIED NAAM;WGR-GEBIED CODE;WGR-GEBIED NAAM;COROPGEBIED CODE;COROPGEBIED NAAM;ONDERWIJSGEBIED CODE;ONDERWIJSGEBIED NAAM;RMC-REGIO CODE;RMC-REGIO NAAM;VAKANTIEREGIO
(V)SO;Drenthe;41414;06SV;06SV00;De Aventurijn;Witterhoofdweg;1-G;9405 HX;ASSEN;0106;ASSEN;Algemeen bijzonder;0592820394;www.renn4.nl;4;SO LZ/P + VSO LZ/P + RP-SO LZ/P + RP-VSO LZ/P;Witterhoofdweg;1-G;9405 HX;ASSEN;11;Assen;03;Centraal-Groningen;07;Noord- en Midden-Drenthe;07;Noord-Drenthe;04;Assen-Hoogeveen-Emmen;07;Noord- en Midden Drenthe;Noord
(V)SO;Drenthe;41414;06SV;06SV09;De Aventurijn;van Goghlaan;3;7901 GK;HOOGEVEEN;0118;HOOGEVEEN;Algemeen bijzonder;0528278722;www.renn4.nl;4;SO LZ/P + VSO LZ/P + RP-SO LZ/P + RP-VSO LZ/P;van Goghlaan;3;7901 GK;HOOGEVEEN;14;Hoogeveen;05;Zuid- en Midden-Drenthe;09;Zuidwest-Drenthe;09;Zuidwest-Drenthe;04;Assen-Hoogeveen-Emmen;09;Zuid-West Drenthe;Noord
(V)SO;Drenthe;41414;06SV;06SV11;De Aventurijn;Sparrenlaan;4;7822 EM;EMMEN;0114;EMMEN;Algemeen bijzonder;0591763542;www.renn4.nl;4;SO LZ/P + VSO LZ/P + RP-SO LZ/P + RP-VSO LZ/P;Sparrenlaan;4;7822 EM;EMMEN;12;Emmen;05;Zuid- en Midden-Drenthe;08;Zuidoost-Drenthe;08;Zuidoost-Drenthe;04;Assen-Hoogeveen-Emmen;08;Zuid-Oost Drenthe;Noord
(V)SO;Drenthe;41414;16QX;16QX00;G.J. van der Ploegschool;De Wielewaal;1;7905 GX;HOOGEVEEN;0118;HOOGEVEEN;Algemeen bijzonder;0528234444;www.renn4.nl;3;SO ZMLK + VSO ZMLK;van Goghlaan;3;7901 GK;HOOGEVEEN;14;Hoogeveen;05;Zuid- en Midden-Drenthe;09;Zuidwest-Drenthe;09;Zuidwest-Drenthe;04;Assen-Hoogeveen-Emmen;09;Zuid-West Drenthe;Noord
(V)SO;Drenthe;41414;16QX;16QX01;de Windroos;Voltastraat;27;7903 AA;HOOGEVEEN;0118;HOOGEVEEN;Algemeen bijzonder;0528236036;www.renn4.nl;3/4;SO ZMLK + VSO ZMLK + RP-SO ZMLK + RP-VSO ZMOK;Voltastraat;27;7903 AA;HOOGEVEEN;14;Hoogeveen;05;Zuid- en Midden-Drenthe;09;Zuidwest-Drenthe;09;Zuidwest-Drenthe;04;Assen-Hoogeveen-Emmen;09;Zuid-West Drenthe;Noord
(V)SO;Drenthe;41629;19SK;19SK00;Regionaal Expertisecentrum Mackay;Colijnstraat;4;7942 BH;MEPPEL;0119;MEPPEL;Openbaar;0522251982;www.stichtingpromes.nl;3;SO ZMLK + VSO ZMLK;Colijnstraat;4;7942 BH;MEPPEL;15;Meppel;05;Zuid- en Midden-Drenthe;09;Zuidwest-Drenthe;09;Zuidwest-Drenthe;05;Zwolle-Meppel en omstreken;09;Zuid-West Drenthe;Noord
(V)SO;Drenthe;42510;19VO;19VO03;Prins Johan Frisoschool V(S)O Emmen;Boermarkeweg;68;7824 AA;EMMEN;0114;EMMEN;Openbaar; ; ;3;SO LG,MGF + VSO LG;Boermarkeweg;68;7824 AA;EMMEN;12;Emmen;05;Zuid- en Midden-Drenthe;08;Zuidoost-Drenthe;08;Zuidoost-Drenthe;04;Assen-Hoogeveen-Emmen;08;Zuid-Oost Drenthe;Noord
(V)SO;Drenthe;42719;20BG;20BG00;W A van Lieflandschool;Witterhoofdweg;1-G;9405 HX;ASSEN;0106;ASSEN;Openbaar;0592820650;www.liefland-assen.nl;3;SO ZMLK + VSO ZMLK;Witterhoofdweg;1-G;9405 HX;ASSEN;11;Assen;03;Centraal-Groningen;07;Noord- en Midden-Drenthe;07;Noord-Drenthe;04;Assen-Hoogeveen-Emmen;07;Noord- en Midden Drenthe;Noord
(V)SO;Drenthe;42830;00SU;00SU00;Openbare School voor Zeer Moeilijk Lerende Kinderen te Emmen;Velodrome;2;7825 SH;EMMEN;0114;EMMEN;Openbaar;0591652190;www.zml-triantaschool.nl;3;SO ZMLK + VSO ZMLK;Velodrome;2;7825 SH;EMMEN;12;Emmen;05;Zuid- en Midden-Drenthe;08;Zuidoost-Drenthe;08;Zuidoost-Drenthe;04;Assen-Hoogeveen-Emmen;08;Zuid-Oost Drenthe;Noord
(V)SO;Drenthe;42830;00SU;00SU03;Mytylschool Emmen;Boermarkeweg;68;7824 AA;EMMEN;0114;EMMEN;Openbaar; ; ;3;SO ZMLK + VSO ZMLK;Boermarkeweg;68;7824 AA;EMMEN;12;Emmen;05;Zuid- en Midden-Drenthe;08;Zuidoost-Drenthe;08;Zuidoost-Drenthe;04;Assen-Hoogeveen-Emmen;08;Zuid-Oost Drenthe;Noord
(V)SO;Drenthe;46013;02YL;02YL06;Portalis;Oude Asserstraat;20;9341 BC;VEENHUIZEN;1699;NOORDENVELD;Algemeen bijzonder; ; ;4;SO ZMOK + VSO ZMOK;Oude Asserstraat;20;9341 BC;VEENHUIZEN;01;Groningen;03;Centraal-Groningen;07;Noord- en Midden-Drenthe;07;Noord-Drenthe;01;Groningen en omstreken;07;Noord- en Midden Drenthe;Noord
(V)SO;Drenthe;54679;17GW;17GW18;Kentalis Guyotschool VSO CMB/DB;Veenweg;20;9481 TJ;VRIES;1730;TYNAARLO;Algemeen bijzonder;0506331970;https://www.kentalis.nl/onze-scholen;2;SO DOBLN,DOVN,ESM,MGA,MGB,SH + VSO DOBLN,DOVN,MGA,MGB,SH;Rijksstraatweg;63-B;9752 AC;HAREN GN;01;Groningen;03;Centraal-Groningen;07;Noord- en Midden-Drenthe;07;Noord-Drenthe;01;Groningen en omstreken;07;Noord- en Midden Drenthe;Noord
(V)SO;Drenthe;54679;17GW;17GW40;Kentalis Tine Marcusschool Assen;Schoolstraat;35;9408 MB;ASSEN;0106;ASSEN;Rooms-Katholiek; ;https://www.kentalis.nl/onze-scholen;2;SO DOBLN,DOVN,ESM,MGA,MGB,SH + VSO DOBLN,DOVN,ESM,MGA,MGB,SH; ; ; ; ;11;Assen;03;Centraal-Groningen;07;Noord- en Midden-Drenthe;07;Noord-Drenthe;04;Assen-Hoogeveen-Emmen;07;Noord- en Midden Drenthe;Noord
(V)SO;Flevoland;30117;26NC;26NC02;School voor SO/VSO;Vlechttuinen;3;8322 BA;URK;0184;URK;Reformatorisch;0384226078;www.so-zwolle.nl;3;SO ZMLK + VSO ZMLK;Hasselterdijk;33;8043 PD;ZWOLLE;17;Noordoostpolder;15;Flevoland;18;Flevoland;40;Flevoland;05;Zwolle-Meppel en omstreken;18;Flevoland;Noord
(V)SO;Flevoland;30882;23HU;23HU00;Eduvierschool De Anger;Schoener 11;9;8243 TC;LELYSTAD;0995;LELYSTAD;Algemeen bijzonder;0320413549;www.eduvier.nl;4;SO ZMOK + VSO ZMOK + RP-VSO ZMOK;Postbus;2344;8203 AH;LELYSTAD;28;Harderwijk;15;Flevoland;18;Flevoland;40;Flevoland;10;Harderwijk-Amersfoort;18;Flevoland;Noord
(V)SO;Flevoland;30882;23HU;23HU01;Nautilus college - Radioweg;Radioweg;35;1324 KW;ALMERE;0034;ALMERE;Algemeen bijzonder;0365300031;www.eduvier.nl;4;SO ZMOK + VSO ZMOK + RP-VSO ZMOK;Postbus;2344;8203 AH;LELYSTAD;28;Harderwijk;15;Flevoland;18;Flevoland;40;Flevoland;10;Harderwijk-Amersfoort;18;Flevoland;Noord
(V)SO;Flevoland;30882;23HU;23HU02;Eduvierschool De Stedenschool;Bosvalkweg;1;8239 AC;LELYSTAD;0995;LELYSTAD;Algemeen bijzonder;0885477607;www.eduvier.nl;4;SO ZMOK + VSO ZMOK + RP-SO ZMOK + RP-VSO ZMOK;Postbus;2344;8203 AH;LELYSTAD;28;Harderwijk;15;Flevoland;18;Flevoland;40;Flevoland;10;Harderwijk-Amersfoort;18;Flevoland;Noord
(V)SO;Flevoland;30882;23HU;23HU03;Casteleijn College;Hoefbladstraat;1-A;8302 VM;EMMELOORD;0171;NOORDOOSTPOLDER;Algemeen bijzonder;0527623577;www.eduvier.nl;4;SO ZMOK + VSO ZMOK;Postbus;2344;8203 AH;LELYSTAD;17;Noordoostpolder;15;Flevoland;18;Flevoland;40;Flevoland;05;Zwolle-Meppel en omstreken;18;Flevoland;Noord
(V)SO;Flevoland;30882;23HU;23HU10;Nautilus college - Paul Kleestraat;Paul Kleestraat;35;1328 HC;ALMERE;0034;ALMERE;Algemeen bijzonder;0365368233;www.eduvier.nl;4;SO ZMOK + VSO ZMOK + RP-SO ZMOK + RP-VSO ZMOK;Postbus;2344;8203 AH;LELYSTAD;28;Harderwijk;15;Flevoland;18;Flevoland;40;Flevoland;10;Harderwijk-Amersfoort;18;Flevoland;Noord
(V)SO;Flevoland;30882;23HU;23HU11;Nautilus college - Lierstraat;Lierstraat;17;1312 JZ;ALMERE;0034;ALMERE;Algemeen bijzonder;0365368233;www.eduvier.nl;4;SO ZMOK + VSO ZMOK + RP-SO ZMOK + RP-VSO ZMOK;Postbus;2344;8203 AH;LELYSTAD;28;Harderwijk;15;Flevoland;18;Flevoland;40;Flevoland;10;Harderwijk-Amersfoort;18;Flevoland;Noord
(V)SO;Flevoland;30882;23HU;23HU12;Nautilus SO;El Grecostraat;171;1328 ST;ALMERE;0034;ALMERE;Algemeen bijzonder;0368200446;www.eduvier.nl;4;SO ZMOK + VSO ZMOK;Postbus;2344;8203 AH;LELYSTAD;28;Harderwijk;15;Flevoland;18;Flevoland;40;Flevoland;10;Harderwijk-Amersfoort;18;Flevoland;Noord
(V)SO;Flevoland;30882;23HU;23HU13;De Optimist SO;Jhr Opperdoes Alewijnstr;4;8302 AP;EMMELOORD;0171;NOORDOOSTPOLDER;Algemeen bijzonder;0527611381;www.eduvier.nl;4;SO ZMOK + VSO ZMOK;Postbus;2344;8203 AH;LELYSTAD;17;Noordoostpolder;15;Flevoland;18;Flevoland;40;Flevoland;05;Zwolle-Meppel en omstreken;18;Flevoland;Noord
(V)SO;Flevoland;30882;23HU;23HU14;De Rede;Zuigerplasdreef;204;8223 EX;LELYSTAD;0995;LELYSTAD;Algemeen bijzonder;0320252378;www.eduvier.nl;4;SO ZMOK + VSO ZMOK;Postbus;2344;8203 AH;LELYSTAD;28;Harderwijk;15;Flevoland;18;Flevoland;40;Flevoland;10;Harderwijk-Amersfoort;18;Flevoland;Noord
(V)SO;Flevoland;30882;23HU;23HU15;Aurum College;Zuigerplasdreef;198;8223 EX;LELYSTAD;0995;LELYSTAD;Algemeen bijzonder;0320252378;www.eduvier.nl;4;SO ZMOK + VSO ZMOK;Postbus;2344;8203 AH;LELYSTAD;28;Harderwijk;15;Flevoland;18;Flevoland;40;Flevoland;10;Harderwijk-Amersfoort;18;Flevoland;Noord
(V)SO;Flevoland;41880;30EF;30EF00;Olivijn;Marathonlaan;7;1318 ED;ALMERE;0034;ALMERE;Algemeen bijzonder;0365491919;www.almere-speciaal.nl;3/4;SO LG + VSO LG + RP-SO LZ/P,ZMOK + RP-VSO LZ/P,ZMOK;Marathonlaan;7;1318 ED;ALMERE;28;Harderwijk;15;Flevoland;18;Flevoland;40;Flevoland;10;Harderwijk-Amersfoort;18;Flevoland;Noord
(V)SO;Flevoland;41880;30EF;30EF02;Aventurijn;Marathonlaan;13;1318 ED;ALMERE;0034;ALMERE;Algemeen bijzonder; ; ;3;SO LG + VSO LG; ; ; ; ;28;Harderwijk;15;Flevoland;18;Flevoland;40;Flevoland;10;Harderwijk-Amersfoort;18;Flevoland;Noord
(V)SO;Flevoland;41880;30EF;30EF03;De Bongerd;Boomgaardweg;10;1326 AD;ALMERE;0034;ALMERE;Algemeen bijzonder; ; ;3;SO LG + VSO LG; ; ; ; ;28;Harderwijk;15;Flevoland;18;Flevoland;40;Flevoland;10;Harderwijk-Amersfoort;18;Flevoland;Noord
(V)SO;Flevoland;42552;15MR;15MR00;De Zevenster;De Doelen;1011;8233 GR;LELYSTAD;0995;LELYSTAD;Openbaar;0320258757;www.de-zevenster.nl;3;SO ZMLK + VSO ZMLK;Postbus;512;8200 AM;LELYSTAD;28;Harderwijk;15;Flevoland;18;Flevoland;40;Flevoland;10;Harderwijk-Amersfoort;18;Flevoland;Noord
(V)SO;Flevoland;62129;01AJ;01AJ03;Dr A Verschoor School;Kortsteel;5;3892 BP;ZEEWOLDE;0050;ZEEWOLDE;Algemeen bijzonder; ; ;4;SO LZ/P + VSO LZ/P;Postbus;425;8070 AK;NUNSPEET;28;Harderwijk;15;Flevoland;18;Flevoland;40;Flevoland;10;Harderwijk-Amersfoort;17;Noordwest-Veluwe;Midden
(V)SO;Flevoland;84202;14WS;14WS00;Zonnebloemschool;Europalaan;148;8303 GM;EMMELOORD;0171;NOORDOOSTPOLDER;Protestants-Christelijk;0527612545;www.zonnebloemschool.nl;3;SO ZMLK + VSO ZMLK;Europalaan;148;8303 GM;EMMELOORD;17;Noordoostpolder;15;Flevoland;18;Flevoland;40;Flevoland;05;Zwolle-Meppel en omstreken;18;Flevoland;Noord
(V)SO;Flevoland;84202;14WS;14WS02;SO Zonnebloemschoo, Urk;Europalaan;148;8303 GM;EMMELOORD;0171;NOORDOOSTPOLDER;Protestants-Christelijk; ; ;3;SO ZMLK + VSO ZMLK; ; ; ; ;17;Noordoostpolder;15;Flevoland;18;Flevoland;40;Flevoland;05;Zwolle-Meppel en omstreken;18;Flevoland;Noord
(V)SO;Friesland;41414;00MU;00MU00;De Saffier;Noorderhogeweg;24;9207 DP;DRACHTEN;0090;SMALLINGERLAND;Algemeen bijzonder;0512543638;https://www.renn4.nl/school/de-saffier/;4;SO LZ/P + VSO LZ/P + RP-SO LZ/P + RP-VSO LZ/P;Noorderhogeweg;24;9207 DP;DRACHTEN;07;Smallingerland;04;Fryslân;06;Friesland-Oost;06;Zuidoost-Friesland;03;Friesland;06;Friesland-Oost ('de Friese Wouden');Noord
(V)SO;Friesland;41414;00MU;00MU10;De Lytse Wâlden;De Lanen;98;9204 WC;DRACHTEN;0090;SMALLINGERLAND;Algemeen bijzonder; ; ;3/4;SO LZ/P + VSO LZ/P + RP-SO LZ/P + RP-VSO LG;De Lanen;98;9204 WC;DRACHTEN;07;Smallingerland;04;Fryslân;06;Friesland-Oost;06;Zuidoost-Friesland;03;Friesland;06;Friesland-Oost ('de Friese Wouden');Noord
(V)SO;Friesland;41414;23JT;23JT00;De Monoliet;Cornelis Trooststraat;29;8932 BR;LEEUWARDEN;0080;LEEUWARDEN;Algemeen bijzonder;0582674363;www.renn4.nl;4;SO ZMOK + VSO ZMOK + RP-SO LZ/P,ZMOK + RP-VSO LZ/P,ZMOK;Postbus;7597;8903 JN;LEEUWARDEN;10;Leeuwarden;04;Fryslân;04;Friesland-Noord;04;Noord-Friesland;03;Friesland;04;Friesland Noord;Noord
(V)SO;Friesland;41414;23JT;23JT10;De Monoliet;Holstmeerweg;1;8936 AS;LEEUWARDEN;0080;LEEUWARDEN;Algemeen bijzonder; ; ;4;SO ZMOK + VSO ZMOK + RP-SO ZMOK + RP-VSO ZMOK;Postbus;7597;8903 JN;LEEUWARDEN;10;Leeuwarden;04;Fryslân;04;Friesland-Noord;04;Noord-Friesland;03;Friesland;04;Friesland Noord;Noord
(V)SO;Friesland;41414;23JT;23JT11;VSO Sneek;Hemdijk;14;8601 JV;SNEEK;1900;SUDWEST-FRYSLAN;Algemeen bijzonder;0515745610;www.renn4.nl;4;SO ZMOK + VSO ZMOK; ; ; ; ;09;Sneek;04;Fryslân;05;Zuidwest-Friesland;05;Zuidwest-Friesland;03;Friesland;05;Zuid-West Friesland;Noord
(V)SO;Friesland;41414;23JT;23JT12;De Monoliet;Melkemastate;29;8925 AX;LEEUWARDEN;0080;LEEUWARDEN;Algemeen bijzonder; ; ;4;SO ZMOK + VSO ZMOK;Melkemastate;29;8925 AX;LEEUWARDEN;10;Leeuwarden;04;Fryslân;04;Friesland-Noord;04;Noord-Friesland;03;Friesland;04;Friesland Noord;Noord
(V)SO;Friesland;41856;26MC;26MC00;Sinne (v)so zml/mg;Simmerdyk;5;8601 ZP;SNEEK;1900;SUDWEST-FRYSLAN;Openbaar;0515859890;www.sinnesneek.nl;3;SO ZMLK + VSO ZMLK;Simmerdyk;5;8601 ZP;SNEEK;09;Sneek;04;Fryslân;05;Zuidwest-Friesland;05;Zuidwest-Friesland;03;Friesland;05;Zuid-West Friesland;Noord
(V)SO;Friesland;42665;00LD;00LD00;School Lyndensteyn;Hoofdstraat;1;9244 CL;BEETSTERZWAAG;0086;OPSTERLAND;Algemeen bijzonder;0512389800;www.schoollyndensteyn.nl;3;SO LG,MGF + VSO LG + RP-SO LG,MGF + RP-VSO LG,MGF;Hoofdstraat;1;9244 CL;BEETSTERZWAAG;07;Smallingerland;04;Fryslân;06;Friesland-Oost;06;Zuidoost-Friesland;03;Friesland;06;Friesland-Oost ('de Friese Wouden');Noord
(V)SO;Friesland;42665;02XF;02XF00;De Wingerd;De Klimmer;21;9104 JT;DAMWALD;1891;DANTUMADIEL;Protestants-Christelijk;0511421330;www.dewingerd-damwald.nl;3;SO ZMLK + VSO ZMLK;Postbus;25;9104 ZG;DAMWALD;10;Leeuwarden;04;Fryslân;04;Friesland-Noord;04;Noord-Friesland;03;Friesland;04;Friesland Noord;Noord
(V)SO;Friesland;42665;08ST;08ST00;Christelijke Piet Bakkerschool;Plevierenpad;3;8601 XC;SNEEK;1900;SUDWEST-FRYSLAN;Protestants-Christelijk;0515414487;www.pietbakkerschool.nl;3;SO ZMLK + VSO ZMLK;Plevierenpad;3;8601 XC;SNEEK;09;Sneek;04;Fryslân;05;Zuidwest-Friesland;05;Zuidwest-Friesland;03;Friesland;05;Zuid-West Friesland;Noord
(V)SO;Friesland;42665;19TX;19TX00;Duisterhoutschool;Buitenbaan;3;8441 HB;HEERENVEEN;0074;HEERENVEEN;Openbaar;0513631748;www.duisterhout.nl;3;SO ZMLK + VSO ZMLK;Buitenbaan;3;8441 HB;HEERENVEEN;08;Heerenveen;04;Fryslân;06;Friesland-Oost;06;Zuidoost-Friesland;03;Friesland;06;Friesland-Oost ('de Friese Wouden');Noord
(V)SO;Friesland;42665;19TX;19TX01;Duisterhoutschool;Boekhorsterweg;15;8431 CW;OOSTERWOLDE FR;0085;OOSTSTELLINGWERF;Openbaar;0516521165;www.duisterhout.nl;3;SO ZMLK + VSO ZMLK;Boekhorsterweg;15;8431 CW;OOSTERWOLDE FR;07;Smallingerland;04;Fryslân;06;Friesland-Oost;06;Zuidoost-Friesland;03;Friesland;06;Friesland-Oost ('de Friese Wouden');Noord
(V)SO;Friesland;42665;26LD;26LD00;Openbaar ZML-School Leeuwarden-Franeker It Twaluk;Haydnstraat;2;8915 BH;LEEUWARDEN;0080;LEEUWARDEN;Openbaar;0582122358; ;3;SO ZMLK + VSO ZMLK;Haydnstraat;2;8915 BH;LEEUWARDEN;10;Leeuwarden;04;Fryslân;04;Friesland-Noord;04;Noord-Friesland;03;Friesland;04;Friesland Noord;Noord
(V)SO;Friesland;42665;26LD;26LD01;Openbaar ZML-School Leeuwarden-Franeker It Twaluk;Harlingerweg;22;8801 PA;FRANEKER;1949;WAADHOEKE;Openbaar;0517393556; ;3;SO ZMLK + VSO ZMLK;Haydnstraat;2;8915 BH;LEEUWARDEN;10;Leeuwarden;04;Fryslân;04;Friesland-Noord;04;Noord-Friesland;03;Friesland;04;Friesland Noord;Noord
(V)SO;Friesland;46013;02YL;02YL03;Portalis;Boerestreek;24;9211 TV;KORTEHEMMEN;0090;SMALLINGERLAND;Algemeen bijzonder;0508514666;www.elker.nl/portalis;4;SO ZMOK + VSO ZMOK + RP-VSO ZMOK;Postbus;70013;9704 AA;GRONINGEN;07;Smallingerland;04;Fryslân;06;Friesland-Oost;06;Zuidoost-Friesland;03;Friesland;06;Friesland-Oost ('de Friese Wouden');Noord
(V)SO;Friesland;46013;02YL;02YL05;Portalis;Boerestreek;24;9211 TV;KORTEHEMMEN;0090;SMALLINGERLAND;Algemeen bijzonder;0508514666;www.elker/portalis;4;SO ZMOK + VSO ZMOK + RP-VSO ZMOK;Postbus;70013;9704 AA;GRONINGEN;07;Smallingerland;04;Fryslân;06;Friesland-Oost;06;Zuidoost-Friesland;03;Friesland;06;Friesland-Oost ('de Friese Wouden');Noord
(V)SO;Gelderland;30117;26NC;26NC01;School voor Voorgezet Speciaal Onderwijs;Anklaarseweg;71;7316 MB;APELDOORN;0200;APELDOORN;Reformatorisch;0384226078;www.so-zwolle.nl;3;SO ZMLK + VSO ZMLK;Hasselterdijk;33;8043 PD;ZWOLLE;27;Apeldoorn;09;Stedendriehoek;11;Stedendriehoek;13;Veluwe;07;Apeldoorn en midden-IJsselgebied;11;Stedendriehoek;Midden
(V)SO;Gelderland;30605;02GM;02GM00;Daniel de Brouwerschool;Lathmerweg;4;7384 AN;WILP;0285;VOORST;Rooms-Katholiek;0571261411;www.danieldebrouwerschool.nl;3;SO ZMLK + VSO ZMLK;Lathmerweg;4;7384 AN;WILP;20;Deventer;09;Stedendriehoek;11;Stedendriehoek;13;Veluwe;07;Apeldoorn en midden-IJsselgebied;11;Stedendriehoek;Midden
(V)SO;Gelderland;40631;00SO;00SO00;Hamalandschool;Varsseveldseweg;47;7131 BH;LICHTENVOORDE;1586;OOST GELRE;Algemeen bijzonder;0263537480;www.hamalandschool.nl;3;SO ZMLK + VSO ZMLK;Postbus;821;6800 AV;ARNHEM;24;Winterswijk;12;Achterhoek;13;Oost-Gelderland;14;Achterhoek;08;Zuidelijke Achterhoek;13;Achterhoek;Midden
(V)SO;Gelderland;40631;01JH;01JH00;Meforta College;Vluchtheuvellaan;4;6671 DN;ZETTEN;1734;OVERBETUWE;Protestants-Christelijk;0263537480;www.mefortacollege.nl;4;SO ZMOK + VSO ZMOK + RP-SO ZMOK + RP-VSO ZMOK;Postbus;821;6800 AV;ARNHEM;26;Arnhem;11;IJssel en Rijn;14;Arnhem/Nijmegen;15;Arnhem/Nijmegen;09;Arnhem en omstreken;41;Arnhem;Zuid
(V)SO;Gelderland;40631;01JH;01JH02;Floriant so;Bakenbergseweg;76;6814 MK;ARNHEM;0202;ARNHEM;Protestants-Christelijk;0268404777;www.floriant-arnhem.nl;4;SO ZMOK + VSO ZMOK + RP-SO ZMOK + RP-VSO ZMOK;Postbus;821;6800 AV;ARNHEM;26;Arnhem;11;IJssel en Rijn;14;Arnhem/Nijmegen;15;Arnhem/Nijmegen;09;Arnhem en omstreken;41;Arnhem;Zuid
(V)SO;Gelderland;40631;01JH;01JH03;De Brouwerij;Klingelbeekseweg;19;6812 DE;ARNHEM;0202;ARNHEM;Protestants-Christelijk; ;www.sgmbrouwerij.nl;4;SO ZMOK + VSO ZMOK + RP-VSO ZMOK;Postbus;821;6800 AV;ARNHEM;26;Arnhem;11;IJssel en Rijn;14;Arnhem/Nijmegen;15;Arnhem/Nijmegen;09;Arnhem en omstreken;41;Arnhem;Zuid
(V)SO;Gelderland;40631;01JH;01JH05;Sgm. so/vso De Brouwerij;Stationsweg;49;6861 EE;OOSTERBEEK;0274;RENKUM;Protestants-Christelijk;0883574522;www.sgmbrouwerij.nl;4;SO ZMOK + VSO ZMOK + RP-SO ZMOK + RP-VSO ZMOK;Postbus;821;6800 AV;ARNHEM;26;Arnhem;11;IJssel en Rijn;14;Arnhem/Nijmegen;15;Arnhem/Nijmegen;09;Arnhem en omstreken;41;Arnhem;Zuid
(V)SO;Gelderland;40631;01JH;01JH08;De Brouwerij/Olympus;Olympus;11;6832 EL;ARNHEM;0202;ARNHEM;Protestants-Christelijk;0883574522; ;4;SO ZMOK + VSO ZMOK;Postbus;821;6800 AV;ARNHEM;26;Arnhem;11;IJssel en Rijn;14;Arnhem/Nijmegen;15;Arnhem/Nijmegen;09;Arnhem en omstreken;41;Arnhem;Zuid
(V)SO;Gelderland;40631;03AE;03AE00;Het Kroonpad;Citroenvlinder;51;7323 RC;APELDOORN;0200;APELDOORN;Rooms-Katholiek;0263537480;www.kroonpad.nl;3;SO ZMLK + VSO ZMLK + RP-SO ZMLK + RP-VSO ZMLK;Postbus;821;6800 AV;ARNHEM;27;Apeldoorn;09;Stedendriehoek;11;Stedendriehoek;13;Veluwe;07;Apeldoorn en midden-IJsselgebied;11;Stedendriehoek;Midden
(V)SO;Gelderland;40631;03IJ;03IJ00;De Vaart / Vierbeek College;Utrechtseweg;312;6862 BC;OOSTERBEEK;0274;RENKUM;Algemeen bijzonder;0263348800;www.vaart-oosterbeek.nl;4;SO ZMOK + VSO ZMOK + RP-SO ZMOK + RP-VSO ZMOK;Wijnand van Arnhemweg;1;6862 XM;OOSTERBEEK;26;Arnhem;11;IJssel en Rijn;14;Arnhem/Nijmegen;15;Arnhem/Nijmegen;09;Arnhem en omstreken;41;Arnhem;Zuid
(V)SO;Gelderland;40631;03IJ;03IJ03;Vierbeek College;Wijnand van Arnhemweg;1;6862 XM;OOSTERBEEK;0274;RENKUM;Algemeen bijzonder;0263348800;www.vierbeekcollege.nl;4;SO ZMOK + VSO ZMOK + RP-SO ZMOK + RP-VSO ZMOK;Wijnand van Arnhemweg;1;6862 XM;OOSTERBEEK;26;Arnhem;11;IJssel en Rijn;14;Arnhem/Nijmegen;15;Arnhem/Nijmegen;09;Arnhem en omstreken;41;Arnhem;Zuid
(V)SO;Gelderland;40631;04AN;04AN00;De Ziep;Marsweg;49;6941 BH;DIDAM;1955;MONTFERLAND;Algemeen bijzonder;0263537480;www.deziep.nl;3;SO ZMLK + VSO ZMLK;Postbus;821;6800 AV;ARNHEM;25;Doetinchem;12;Achterhoek;13;Oost-Gelderland;14;Achterhoek;08;Zuidelijke Achterhoek;13;Achterhoek;Zuid
(V)SO;Gelderland;40631;04AN;04AN01;De Opmaat;Nieuw Wehlseweg;14;7031 HW;WEHL;0222;DOETINCHEM;Algemeen bijzonder;0316296950; ;3;SO ZMLK + VSO ZMLK;Marsweg;49;6941 BH;DIDAM;25;Doetinchem;12;Achterhoek;13;Oost-Gelderland;14;Achterhoek;08;Zuidelijke Achterhoek;13;Achterhoek;Midden
(V)SO;Gelderland;40631;05MF;05MF00;Het Bariet;dr Ariensstraat;3-A;7131 XM;LICHTENVOORDE;1586;OOST GELRE;Protestants-Christelijk;0263537480;www.hetbariet.nl;3;SO ZMLK + VSO ZMLK;Postbus;821;6800 AV;ARNHEM;24;Winterswijk;12;Achterhoek;13;Oost-Gelderland;14;Achterhoek;08;Zuidelijke Achterhoek;13;Achterhoek;Midden
(V)SO;Gelderland;40631;14XF;14XF00;Gentiaan College;Gentiaanstraat;804;7322 CZ;APELDOORN;0200;APELDOORN;Algemeen bijzonder;0553689580;www.gentiaancollege.nl;4;SO ZMOK + VSO ZMOK + RP-SO ZMOK + RP-VSO ZMOK;Postbus;821;6800 AV;ARNHEM;27;Apeldoorn;09;Stedendriehoek;11;Stedendriehoek;13;Veluwe;07;Apeldoorn en midden-IJsselgebied;11;Stedendriehoek;Midden
(V)SO;Gelderland;40631;14XF;14XF14;Gentiaan College - Travo;Ln van de Mensenrechten;500;7331 VZ;APELDOORN;0200;APELDOORN;Algemeen bijzonder;0882836887;wwww.gentiaancollege.nl;4;SO ZMOK + VSO ZMOK + RP-SO ZMOK + RP-VSO ZMOK;Postbus;821;6800 AV;ARNHEM;27;Apeldoorn;09;Stedendriehoek;11;Stedendriehoek;13;Veluwe;07;Apeldoorn en midden-IJsselgebied;11;Stedendriehoek;Midden
(V)SO;Gelderland;40631;16QF;16QF00;Meza College;Asakkerweg;5;6718 ZE;EDE;0228;EDE;Protestants-Christelijk;0263537480;www.mezacollege.nl;3;SO ZMLK + VSO ZMLK + RP-SO ZMLK + RP-VSO ZMLK;Postbus;821;6800 AV;ARNHEM;29;Ede;10;De Vallei;16;Eem en Vallei;13;Veluwe;09;Arnhem en omstreken;16;Eem en Vallei;Midden
(V)SO;Gelderland;40631;19TG;19TG00;Anne Flokstraschool;Emmalaan;2;7204 AS;ZUTPHEN;0301;ZUTPHEN;Openbaar;0575512495;www.anneflokstraschool.nl;3;SO ZMLK + VSO ZMLK;Postbus;821;6800 AV;ARNHEM;23;Zutphen;09;Stedendriehoek;11;Stedendriehoek;14;Achterhoek;07;Apeldoorn en midden-IJsselgebied;11;Stedendriehoek;Midden
(V)SO;Gelderland;40631;19TG;19TG01;Anne Flokstraschool so;Paulus Potterstraat;8;7204 CV;ZUTPHEN;0301;ZUTPHEN;Openbaar;0575512495;www.anneflokstraschool.nl;3;SO ZMLK + VSO ZMLK;Paulus Potterstraat;8;7204 CV;ZUTPHEN;23;Zutphen;09;Stedendriehoek;11;Stedendriehoek;14;Achterhoek;07;Apeldoorn en midden-IJsselgebied;11;Stedendriehoek;Midden
(V)SO;Gelderland;40631;20OJ;20OJ00;Het Hofpark;Mr. Van Hasseltlaan;57;7316 DK;APELDOORN;0200;APELDOORN;Openbaar;0555341061;www.hethofpark.nl;3;SO ZMLK + VSO ZMLK;Postbus;821;6800 AV;ARNHEM;27;Apeldoorn;09;Stedendriehoek;11;Stedendriehoek;13;Veluwe;07;Apeldoorn en midden-IJsselgebied;11;Stedendriehoek;Midden
(V)SO;Gelderland;40631;23GK;23GK00;Briant College;Bethanienstraat;250;6826 TJ;ARNHEM;0202;ARNHEM;Algemeen bijzonder;0263537480;www.briantcollege.nl;4;SO ZMOK + VSO ZMOK + RP-VSO ZMOK;Postbus;821;6800 AV;ARNHEM;26;Arnhem;11;IJssel en Rijn;14;Arnhem/Nijmegen;15;Arnhem/Nijmegen;09;Arnhem en omstreken;41;Arnhem;Zuid
(V)SO;Gelderland;40631;23GK;23GK05;Vester College;Hendrik Stafweg;2;6712 EA;EDE;0228;EDE;Algemeen bijzonder;0263518202;www.vestercollege.nl;4;SO ZMOK + VSO ZMOK + RP-VSO ZMOK;Postbus;821;6800 AV;ARNHEM;29;Ede;10;De Vallei;16;Eem en Vallei;13;Veluwe;09;Arnhem en omstreken;16;Eem en Vallei;Midden
(V)SO;Gelderland;41450;14RB;14RB00;Jan Hein Donnerschool;Schoonderbekerweg;45;3794 NA;DE GLIND;0203;BARNEVELD;Protestants-Christelijk;0342452044;www.donnerschool.nl;4;SO ZMOK + VSO ZMOK + RP-SO ZMOK + RP-VSO ZMOK;Postbus;492;3770 AL;BARNEVELD;35;Amersfoort;10;De Vallei;16;Eem en Vallei;13;Veluwe;10;Harderwijk-Amersfoort;16;Eem en Vallei;Midden
(V)SO;Gelderland;41531;00OS;00OS00;Sint Maartenschool;Hengstdal;3;6574 NA;UBBERGEN;1945;BERG EN DAL;Rooms-Katholiek;0243243665;www.puntspeciaal.nl;3;SO LG,MGF + VSO LG + RP-SO LG,MGF + RP-VSO LG;Hengstdal;3;6574 NA;UBBERGEN;30;Nijmegen;13;Nijmegen;14;Arnhem/Nijmegen;15;Arnhem/Nijmegen;11;Oostelijk Maas-Waalgebied;40;Rijk van Nijmegen;Zuid
(V)SO;Gelderland;41531;00TO;00TO00;Talita Koemi School;Burgemeester Daleslaan;1;6532 CL;NIJMEGEN;0268;NIJMEGEN;Rooms-Katholiek;0243552076;www.talita-koemi.nl;3;SO ZMLK + VSO ZMLK;Burgemeester Daleslaan;1;6532 CL;NIJMEGEN;30;Nijmegen;13;Nijmegen;14;Arnhem/Nijmegen;15;Arnhem/Nijmegen;11;Oostelijk Maas-Waalgebied;40;Rijk van Nijmegen;Zuid
(V)SO;Gelderland;41531;00TO;00TO02;Talita Koemi;Kwakkenbergweg;33;6523 MJ;NIJMEGEN;0268;NIJMEGEN;Rooms-Katholiek; ; ;3;SO ZMLK + VSO ZMLK;Kwakkenbergweg;33;6523 MJ;NIJMEGEN;30;Nijmegen;13;Nijmegen;14;Arnhem/Nijmegen;15;Arnhem/Nijmegen;11;Oostelijk Maas-Waalgebied;40;Rijk van Nijmegen;Zuid
(V)SO;Gelderland;41531;00TO;00TO03;Foooocus Nijmegen;Hertogstraat;58;6511 SC;NIJMEGEN;0268;NIJMEGEN;Rooms-Katholiek; ; ;3;SO ZMLK + VSO ZMLK; ; ; ; ;30;Nijmegen;13;Nijmegen;14;Arnhem/Nijmegen;15;Arnhem/Nijmegen;11;Oostelijk Maas-Waalgebied;40;Rijk van Nijmegen;Zuid
(V)SO;Gelderland;41531;00TO;00TO04;Talita Koemi;Vuurdoornstraat;19;6543 TX;NIJMEGEN;0268;NIJMEGEN;Rooms-Katholiek; ; ;3;SO ZMLK + VSO ZMLK;Vuurdoornstraat;19;6543 TX;NIJMEGEN;30;Nijmegen;13;Nijmegen;14;Arnhem/Nijmegen;15;Arnhem/Nijmegen;11;Oostelijk Maas-Waalgebied;40;Rijk van Nijmegen;Zuid
(V)SO;Gelderland;41531;00TO;00TO05;Talita Koemi;Tapirstraat;2;6532 AL;NIJMEGEN;0268;NIJMEGEN;Rooms-Katholiek; ; ;3;SO ZMLK + VSO ZMLK;Tapirstraat;2;6532 AL;NIJMEGEN;30;Nijmegen;13;Nijmegen;14;Arnhem/Nijmegen;15;Arnhem/Nijmegen;11;Oostelijk Maas-Waalgebied;40;Rijk van Nijmegen;Zuid
(V)SO;Gelderland;41531;02RO;02RO00;De Kom School voor Speciaal Onderwijs Voortgezet Speciaal Onderwijs en ZMLK;Pa Hoeklaan;2;6651 TG;DRUTEN;0225;DRUTEN;Rooms-Katholiek;0487581600;www.de-kom.nl;3;SO MGF,ZMLK + VSO ZMLK;Pa Hoeklaan;2;6651 TG;DRUTEN;30;Nijmegen;13;Nijmegen;15;Rivierenland;15;Arnhem/Nijmegen;11;Oostelijk Maas-Waalgebied;40;Rijk van Nijmegen;Zuid
(V)SO;Gelderland;41531;02RO;02RO02;De Kom-Linawijs;Veerweg;96;4101 AL;CULEMBORG;0216;CULEMBORG;Rooms-Katholiek; ; ;3;SO MGF,ZMLK + VSO ZMLK;Veerweg;96;4101 AL;CULEMBORG;33;Culemborg;14;Rivierenland;15;Rivierenland;16;Zuidwest-Gelderland;13;Utrecht en omstreken;15;Rivierenland;Midden
(V)SO;Gelderland;41531;02RO;02RO04;De Kom Wamel;Lakenstraat;35-A;6659 BE;WAMEL;0668;WEST MAAS EN WAAL;Rooms-Katholiek; ; ;3;SO MGF,ZMLK + VSO ZMLK; ; ; ; ;31;Tiel;13;Nijmegen;15;Rivierenland;16;Zuidwest-Gelderland;11;Oostelijk Maas-Waalgebied;15;Rivierenland;Zuid
(V)SO;Gelderland;41531;02RO;02RO05;Foooocus Beuningen;Julianaplein;21;6641 CS;BEUNINGEN GLD;0209;BEUNINGEN;Rooms-Katholiek; ; ;3;SO MGF,ZMLK + VSO ZMLK;Julianaplein;21;6641 CS;BEUNINGEN GLD;30;Nijmegen;13;Nijmegen;14;Arnhem/Nijmegen;15;Arnhem/Nijmegen;11;Oostelijk Maas-Waalgebied;40;Rijk van Nijmegen;Zuid
(V)SO;Gelderland;41531;07IC;07IC00;Bredezorgschool De Cambier;Marga Klompestraat;2;4003 ZR;TIEL;0281;TIEL;Algemeen bijzonder;0344620042;www.decambier.nl;3;SO ZMLK + VSO ZMLK;Marga Klompestraat;2;4003 ZR;TIEL;31;Tiel;14;Rivierenland;15;Rivierenland;16;Zuidwest-Gelderland;11;Oostelijk Maas-Waalgebied;15;Rivierenland;Midden
(V)SO;Gelderland;41531;07IC;07IC03;Hoge Hof;Hoge Hof;2-A;4013 NL;KAPEL AVEZAATH;0281;TIEL;Algemeen bijzonder; ; ;3;SO ZMLK + VSO ZMLK;Hoge Hof;2-A;4013 NL;KAPEL AVEZAATH;31;Tiel;14;Rivierenland;15;Rivierenland;16;Zuidwest-Gelderland;11;Oostelijk Maas-Waalgebied;15;Rivierenland;Midden
(V)SO;Gelderland;41671;02CP;02CP00;De Wingerd;Oosterlaan;147;8072 BW;NUNSPEET;0302;NUNSPEET;Protestants-Christelijk;0341253211;www.dewingerdnunspeet.nl;3;SO ZMLK + VSO ZMLK;Oosterlaan;147;8072 BW;NUNSPEET;28;Harderwijk;08;Noordwest-Veluwe;17;Noordwest-Veluwe;13;Veluwe;10;Harderwijk-Amersfoort;17;Noordwest-Veluwe;Midden
(V)SO;Gelderland;41671;16TL;16TL00;Protestants Christelijke Zeer Moeilijk Lerende Kinderen School De Lelie;Anne Franklaan;7;3842 GV;HARDERWIJK;0243;HARDERWIJK;Protestants-Christelijk;0341416246;www.delelie.net;3;SO ZMLK + VSO ZMLK + RP-SO ZMLK + RP-VSO ZMLK;Postbus;1215;3840 BE;HARDERWIJK;28;Harderwijk;08;Noordwest-Veluwe;17;Noordwest-Veluwe;13;Veluwe;10;Harderwijk-Amersfoort;17;Noordwest-Veluwe;Midden
(V)SO;Gelderland;41671;16TL;16TL01;Protestants Christelijke Zeer Moeilijk Lerende Kinderen School De Lelie;Enckerkamp;16;3853 HL;ERMELO;0233;ERMELO;Protestants-Christelijk;0341551358;www.delelie.net;3;SO ZMLK + VSO ZMLK + RP-SO ZMLK + RP-VSO ZMLK;Postbus;1215;3840 BE;HARDERWIJK;28;Harderwijk;08;Noordwest-Veluwe;17;Noordwest-Veluwe;13;Veluwe;10;Harderwijk-Amersfoort;17;Noordwest-Veluwe;Midden
(V)SO;Gelderland;41671;16TL;16TL02;Protestants Christelijke Zeer Moeilijk Lerende Kinderen School De Lelie;Scherpencamp;42;3861 LT;NIJKERK;0267;NIJKERK;Protestants-Christelijk;0332451371; ;3;SO ZMLK + VSO ZMLK;Scherpencamp;42;3861 LT;NIJKERK;35;Amersfoort;10;De Vallei;16;Eem en Vallei;13;Veluwe;10;Harderwijk-Amersfoort;16;Eem en Vallei;Midden
(V)SO;Gelderland;42572;00RT;00RT01;Sonnewijser onderbouw Tiel, route arbeid en vervolgonderwijs;Jacob Cremerstraat;1;4001 XM;TIEL;0281;TIEL;Algemeen bijzonder;0412827979;www.sonnewijser.nl;4;SO ZMOK + VSO ZMOK;Wethouder van Eschstraat;58;5342 AT;OSS;31;Tiel;14;Rivierenland;15;Rivierenland;16;Zuidwest-Gelderland;11;Oostelijk Maas-Waalgebied;15;Rivierenland;Midden
(V)SO;Gelderland;42572;00RT;00RT07;Sonnewijser bovenbouw Tiel, route arbeid en vervolgonderwijs;Adamshof;14;4001 DB;TIEL;0281;TIEL;Algemeen bijzonder; ; ;4;SO ZMOK + VSO ZMOK;Adamshof;14;4001 DB;TIEL;31;Tiel;14;Rivierenland;15;Rivierenland;16;Zuidwest-Gelderland;11;Oostelijk Maas-Waalgebied;15;Rivierenland;Midden
(V)SO;Gelderland;42623;02YN;02YN34;De Ambelt VSO Wapenveld;Groteweg;11;8191 JS;WAPENVELD;0246;HEERDE;Openbaar;0578692280;www.ambelt.nl;4;SO LZ/P + VSO LZ/P;Groteweg;11;8191 JS;WAPENVELD;18;Zwolle;06;IJssel en Vecht;10;IJssel-Vecht;13;Veluwe;05;Zwolle-Meppel en omstreken;10;IJssel-Vecht;Midden
(V)SO;Gelderland;42747;25GR;25GR02;Bartimeus OWI voor Visueel Gehandicapte Leerlingen;Graanweg;1-B;7242 AT;LOCHEM;0262;LOCHEM;Protestants-Christelijk; ; ;1;SO MGDV,VGK + VSO MGDV,VGK;Graanweg;1-B;7242 AT;LOCHEM;23;Zutphen;09;Stedendriehoek;11;Stedendriehoek;14;Achterhoek;07;Apeldoorn en midden-IJsselgebied;11;Stedendriehoek;Midden
(V)SO;Gelderland;43058;03RH;03RH00;St Tarcisiusschool;Pater Eijmardweg;19;6525 RL;NIJMEGEN;0268;NIJMEGEN;Rooms-Katholiek;0243557533;www.tarcisiusschool.nl;4;SO ZMOK + VSO ZMOK + RP-SO ZMOK + RP-VSO ZMOK;Pater Eijmardweg;19;6525 RL;NIJMEGEN;30;Nijmegen;13;Nijmegen;14;Arnhem/Nijmegen;15;Arnhem/Nijmegen;11;Oostelijk Maas-Waalgebied;40;Rijk van Nijmegen;Zuid
(V)SO;Gelderland;62129;01AJ;01AJ00;Dr A Verschoor School;Groenelaantje;40;8072 DD;NUNSPEET;0302;NUNSPEET;Algemeen bijzonder;0341253052; ;4;SO LZ/P + VSO LZ/P + RP-SO LZ/P + RP-VSO LZ/P;Groenelaantje;40;8072 DD;NUNSPEET;28;Harderwijk;08;Noordwest-Veluwe;17;Noordwest-Veluwe;13;Veluwe;10;Harderwijk-Amersfoort;17;Noordwest-Veluwe;Midden
(V)SO;Gelderland;62129;01AJ;01AJ01;Dr A Verschoor School;De Sypel;2;3842 AE;HARDERWIJK;0243;HARDERWIJK;Algemeen bijzonder; ; ;4;SO LZ/P + VSO LZ/P;Postbus;425;8070 AK;NUNSPEET;28;Harderwijk;08;Noordwest-Veluwe;17;Noordwest-Veluwe;13;Veluwe;10;Harderwijk-Amersfoort;17;Noordwest-Veluwe;Midden
(V)SO;Gelderland;62129;01AJ;01AJ02;Dr A Verschoor School;Prinses Marijkestraat;10;8162 BB;EPE;0232;EPE;Algemeen bijzonder; ; ;4;SO LZ/P + VSO LZ/P;Postbus;425;8070 AK;NUNSPEET;27;Apeldoorn;09;Stedendriehoek;11;Stedendriehoek;13;Veluwe;07;Apeldoorn en midden-IJsselgebied;11;Stedendriehoek;Midden
(V)SO;Gelderland;72464;02VX;02VX00;De Zonnehoek Chr Sch v Spec Ond ZMLK;Citroenvlinder;77;7323 RC;APELDOORN;0200;APELDOORN;Protestants-Christelijk;0555340741;www.cso-dezonnehoek.nl;3;SO ZMLK + VSO ZMLK;Citroenvlinder;77;7323 RC;APELDOORN;27;Apeldoorn;09;Stedendriehoek;11;Stedendriehoek;13;Veluwe;07;Apeldoorn en midden-IJsselgebied;11;Stedendriehoek;Midden
(V)SO;Gelderland;77456;22ML;22ML00;de Lans;Zutphensestraat;175;6971 JR;BRUMMEN;0213;BRUMMEN;Algemeen bijzonder;0575562650;www.schooldelans.nl;3;SO ZMLK + VSO ZMLK;Postbus;38;6970 AA;BRUMMEN;23;Zutphen;09;Stedendriehoek;11;Stedendriehoek;14;Achterhoek;07;Apeldoorn en midden-IJsselgebied;11;Stedendriehoek;Midden
(V)SO;Gelderland;83189;18QP;18QP00;De Leeuwerik;Bleekenweg;1-B;7161 AB;NEEDE;1859;BERKELLAND;Algemeen bijzonder;0545272259;www.leeuwerikschool.nl;3;SO ZMLK + VSO ZMLK;Bleekenweg;1-B;7161 AB;NEEDE;22;Enschede;12;Achterhoek;13;Oost-Gelderland;14;Achterhoek;06;Twente;13;Achterhoek;Midden
(V)SO;Gelderland;84515;26MW;26MW00;Rehoboth (v)so, Barneveld;Schoutenstraat;113;3771 CH;BARNEVELD;0203;BARNEVELD;Reformatorisch;0342200300;www.rehobothoz.nl;3;SO ZMLK + VSO ZMLK;Postbus;301;3770 AH;BARNEVELD;35;Amersfoort;10;De Vallei;16;Eem en Vallei;13;Veluwe;10;Harderwijk-Amersfoort;16;Eem en Vallei;Midden
(V)SO;Gelderland;84515;26MW;26MW01;Rehoboth SO, Ochten;Het Katsland;6;4051 KA;OCHTEN;1740;NEDER-BETUWE;Reformatorisch;0344644601;www.rehobothoz.nl;3;SO ZMLK + VSO ZMLK;Postbus;301;3770 AH;BARNEVELD;31;Tiel;14;Rivierenland;15;Rivierenland;16;Zuidwest-Gelderland;11;Oostelijk Maas-Waalgebied;15;Rivierenland;Midden
(V)SO;Groningen;40851;14WT;14WT00;De Wingerd;De Verbetering;5;9744 DZ;GRONINGEN;0014;GRONINGEN;Protestants-Christelijk;0505262576;wingerdzml.nl;3;SO ZMLK + VSO ZMLK;De Verbetering;5;9744 DZ;GRONINGEN;01;Groningen;03;Centraal-Groningen;03;Centraal en westelijk Groningen;03;Overig Groningen;01;Groningen en omstreken;03;Centraal en Westelijk Groningen;Noord
(V)SO;Groningen;41358;26MU;26MU00;SO VSO De Meidoorn;Vlaanderenlaan;7;9501 TJ;STADSKANAAL;0037;STADSKANAAL;Protestants-Christelijk;0599652022;www.sovsodemeidoornschool.nl;3;SO ZMLK + VSO ZMLK;Vlaanderenlaan;7;9501 TJ;STADSKANAAL;06;Stadskanaal;02;Oost-Groningen;01;Oost-Groningen;01;Oost-Groningen;02;Oost-Groningen;01;Oost-Groningen;Noord
(V)SO;Groningen;41613;19TZ;19TZ00;Meentsch Openb Sch v SO aan ZML kinderen;Grintweg;70;9675 HL;WINSCHOTEN;1895;OLDAMBT;Openbaar;0597208002;www.meentschool.nl;3;SO ZMLK + VSO ZMLK;Postbus;330;9670 AH;WINSCHOTEN;05;Winschoten;02;Oost-Groningen;01;Oost-Groningen;01;Oost-Groningen;02;Oost-Groningen;01;Oost-Groningen;Noord
(V)SO;Groningen;41780;26NL;26NL00;Margaretha Hardenbergschool voor Zeer Moeilijk Lerende Kinderen;Schoolstraat;11;9641 JW;VEENDAM;0047;VEENDAM;Openbaar;0598698000;www.mhschool.nl;3;SO ZMLK + VSO ZMLK;Postbus;170;9640 AD;VEENDAM;04;Veendam;02;Oost-Groningen;01;Oost-Groningen;01;Oost-Groningen;02;Oost-Groningen;01;Oost-Groningen;Noord
(V)SO;Groningen;42510;19SO;19SO00;W A V Liefland School;Paterswoldseweg;131;9727 BE;GRONINGEN;0014;GRONINGEN;Openbaar;0503210488;www.wavanlieflandschool.nl;3;SO MGF,ZMLK + VSO ZMLK;Paterswoldseweg;131;9727 BE;GRONINGEN;01;Groningen;03;Centraal-Groningen;03;Centraal en westelijk Groningen;03;Overig Groningen;01;Groningen en omstreken;03;Centraal en Westelijk Groningen;Noord
(V)SO;Groningen;42510;19SO;19SO12;W.A. van Liefland;Zuiderweg;70-3;9744 AP;GRONINGEN;0014;GRONINGEN;Openbaar;0503210488;https://wavanlieflandschool.nl;3;SO MGF,ZMLK + VSO ZMLK;Zuiderweg;70-3;9744 AP;GRONINGEN;01;Groningen;03;Centraal-Groningen;03;Centraal en westelijk Groningen;03;Overig Groningen;01;Groningen en omstreken;03;Centraal en Westelijk Groningen;Noord
(V)SO;Groningen;42510;19VO;19VO00;Prins Johan Frisoschool VSO Arbeid en Vervolgonderwijs;Dilgtplein;1-A;9751 NJ;HAREN GN;0014;GRONINGEN;Openbaar;0503210485;www.pjfharen.nl;3;SO LG,MGF + VSO LG;Dilgtplein;1-A;9751 NJ;HAREN GN;01;Groningen;03;Centraal-Groningen;03;Centraal en westelijk Groningen;03;Overig Groningen;01;Groningen en omstreken;03;Centraal en Westelijk Groningen;Noord
(V)SO;Groningen;42510;19VO;19VO01;Prins Johan Frisoschool VSO Dagbesteding;Dilgtplein;1;9751 NJ;HAREN GN;0014;GRONINGEN;Openbaar;0503210485;www.pjfharen.nl;3;SO LG,MGF + VSO LG;Dilgtplein;1;9751 NJ;HAREN GN;01;Groningen;03;Centraal-Groningen;03;Centraal en westelijk Groningen;03;Overig Groningen;01;Groningen en omstreken;03;Centraal en Westelijk Groningen;Noord
(V)SO;Groningen;42536;25GP;25GP00;Koninklijke Visio Onderwijs Haren;Rijksstraatweg;284;9752 CL;HAREN GN;0014;GRONINGEN;Algemeen bijzonder;0885857500;www.visio.org;1;SO MGDV,VGK + VSO MGDV,VGK;Postbus;54;9750 AB;HAREN GN;01;Groningen;03;Centraal-Groningen;03;Centraal en westelijk Groningen;03;Overig Groningen;01;Groningen en omstreken;03;Centraal en Westelijk Groningen;Noord
(V)SO;Groningen;42607;26MK;26MK00;De Tweemaster - (V)SO ZML;Koperstraat;4;9743 RW;GRONINGEN;0014;GRONINGEN;Gereformeerd vrijgemaakt;0505752851;https://detweemastergroningen.nl;3;SO ZMLK + VSO ZMLK;Postbus;70018;9704 AA;GRONINGEN;01;Groningen;03;Centraal-Groningen;03;Centraal en westelijk Groningen;03;Overig Groningen;01;Groningen en omstreken;03;Centraal en Westelijk Groningen;Noord
(V)SO;Groningen;46013;02YL;02YL00;Portalis;Hoogeweg;9;9746 TN;GRONINGEN;0014;GRONINGEN;Algemeen bijzonder;0505734800;www.elker.nl/portalis;4;SO ZMOK + VSO ZMOK + RP-VSO ZMOK;Hoogeweg;9;9746 TN;GRONINGEN;01;Groningen;03;Centraal-Groningen;03;Centraal en westelijk Groningen;03;Overig Groningen;01;Groningen en omstreken;03;Centraal en Westelijk Groningen;Noord
(V)SO;Groningen;46013;02YL;02YL04;Portalis;Hoogeweg;9;9746 TN;GRONINGEN;0014;GRONINGEN;Algemeen bijzonder;0508514666;www.elker/portalis;4;SO ZMOK + VSO ZMOK + RP-VSO ZMOK;Postbus;70013;9704 AA;GRONINGEN;01;Groningen;03;Centraal-Groningen;03;Centraal en westelijk Groningen;03;Overig Groningen;01;Groningen en omstreken;03;Centraal en Westelijk Groningen;Noord
(V)SO;Groningen;54679;17GW;17GW17;Kentalis Guyotschool SO CMB/DB;Rijksstraatweg;63-B;9752 AC;HAREN GN;0014;GRONINGEN;Algemeen bijzonder;0505331970;https://www.kentalis.nl/onze-scholen;2;SO DOBLN,DOVN,ESM,MGA,MGB,SH + VSO DOBLN,DOVN,MGA,MGB,SH;Rijksstraatweg;63-B;9752 AC;HAREN GN;01;Groningen;03;Centraal-Groningen;03;Centraal en westelijk Groningen;03;Overig Groningen;01;Groningen en omstreken;03;Centraal en Westelijk Groningen;Noord
(V)SO;Limburg;21657;08ZP;08ZP01;Taalbrug Junior Venlo;Vijverhofstraat;4;5913 TV;VENLO;0983;VENLO;Algemeen bijzonder;0773824230;www.taalbrugjunior.nl;2;SO DOBLN,DOVN,ESM,MGA,MGB,SH + VSO DOBLN,DOVN,MGA,MGB,SH;Toledolaan;3;5629 CC;EINDHOVEN;76;Venlo;29;Noord-Limburg;38;Noord-Limburg;37;Noord-Limburg;23;Noord-Limburg;38;Gewest Limburg-Noord;Zuid
(V)SO;Limburg;21657;08ZP;08ZP04;Mgr. Hanssen Hoensbroek;Zandbergsweg;115;6432 CC;HOENSBROEK;0917;HEERLEN;Algemeen bijzonder;0455636500;www.mgrhanssen.nl;2;SO DOBLN,DOVN,ESM,MGA,MGB,SH + VSO DOBLN,DOVN,MGA,MGB,SH;Zandbergsweg;115;6432 CC;HOENSBROEK;79;Heerlen;33;Parkstad Limburg;41;Oostelijk Zuid-Limburg;39;Zuid-Limburg;25;Zuid-Limburg;39;Gewest Zuid-Limburg;Zuid
(V)SO;Limburg;21657;08ZP;08ZP05;Mgr. Hanssen Roermond;Jagerstraat;2;6042 KA;ROERMOND;0957;ROERMOND;Algemeen bijzonder;0475854390;www.mgrhanssen.nl;2;SO DOBLN,DOVN,ESM,MGA,MGB,SH + VSO DOBLN,DOVN,MGA,MGB,SH;Zandbergsweg;115;6432 CC;HOENSBROEK;77;Roermond;31;Roermond;39;Midden-Limburg;38;Midden-Limburg;24;Roermond en omstreken;38;Gewest Limburg-Noord;Zuid
(V)SO;Limburg;21657;08ZP;08ZP08;Mgr. Hanssen Valkenburg;Onderstestraat;29;6301 KA;VALKENBURG LB;0994;VALKENBURG AAN DE GEUL;Algemeen bijzonder;0437900021;www.mgrhanssen.nl;2;SO DOBLN,DOVN,ESM,MGA,MGB,SH + VSO DOBLN,DOVN,ESM,MGA,MGB,SH;Onderstestraat;29;6301 KA;VALKENBURG LB;80;Maastricht;34;Maastricht Mergelland;42;Maastricht en Mergelland;39;Zuid-Limburg;25;Zuid-Limburg;39;Gewest Zuid-Limburg;Zuid
(V)SO;Limburg;26132;00KX;00KX00;Herman Broerenschool;Keulsebaan;508;6045 GL;ROERMOND;0957;ROERMOND;Rooms-Katholiek;0475321980;www.hermanbroeren.nl;3;SO ZMLK + VSO ZMLK;Keulsebaan;508;6045 GL;ROERMOND;77;Roermond;31;Roermond;39;Midden-Limburg;38;Midden-Limburg;24;Roermond en omstreken;38;Gewest Limburg-Noord;Zuid
(V)SO;Limburg;41008;01UQ;01UQ00;so en vso De Wijnberg Venlo;Postweg;88;5915 HB;VENLO;0983;VENLO;Algemeen bijzonder;0773217650;https://www.wijnbergvenlo.nl;4;SO LZ/P + VSO LZ/P + RP-SO LZ/P + RP-VSO LZ/P;Postbus;242;5900 AE;VENLO;76;Venlo;29;Noord-Limburg;38;Noord-Limburg;37;Noord-Limburg;23;Noord-Limburg;38;Gewest Limburg-Noord;Zuid
(V)SO;Limburg;41008;01UQ;01UQ05;so en vso De Wijnberg Roermond;Kasteel Hillenraedtstr;36-D;6043 HK;ROERMOND;0957;ROERMOND;Algemeen bijzonder;0773217650;www.wijnbergroermond.nl;4;SO LZ/P + VSO LZ/P + RP-SO LZ/P + RP-VSO LZ/P;Postbus;242;5900 AE;VENLO;77;Roermond;31;Roermond;39;Midden-Limburg;38;Midden-Limburg;24;Roermond en omstreken;38;Gewest Limburg-Noord;Zuid
(V)SO;Limburg;41008;01UQ;01UQ06;vso De Wijnberg Venray;Groenewoltsepad;2;5801 AP;VENRAY;0984;VENRAY;Algemeen bijzonder; ;www.wijnbergvenray.nl;4;SO LZ/P + VSO LZ/P + RP-SO LZ/P + RP-VSO LZ/P;Groenewoltsepad;2;5801 AP;VENRAY;76;Venlo;29;Noord-Limburg;38;Noord-Limburg;37;Noord-Limburg;23;Noord-Limburg;38;Gewest Limburg-Noord;Zuid
(V)SO;Limburg;41008;18CZ;18CZ00;Widdonckschool Heibloem;Meijelseweg;2-B;6089 ND;HEIBLOEM;1640;LEUDAL;Rooms-Katholiek;0475495091;www.aloysiusstichting.nl;4;SO ZMOK + VSO ZMOK + RP-SO ZMOK + RP-VSO ZMOK;Meijelseweg;2-B;6089 ND;HEIBLOEM;77;Roermond;31;Roermond;39;Midden-Limburg;38;Midden-Limburg;24;Roermond en omstreken;38;Gewest Limburg-Noord;Zuid
(V)SO;Limburg;41008;18CZ;18CZ01;so en vso Widdonckschool Weert;Beatrixlaan;3-B;6006 AH;WEERT;0988;WEERT;Rooms-Katholiek;0881349827;www.widdonckschoolweert.nl;4;SO ZMOK + VSO ZMOK;Beatrixlaan;3-B;6006 AH;WEERT;75;Weert;30;Weert;39;Midden-Limburg;38;Midden-Limburg;22;Zuidoost-Noord-Brabant;38;Gewest Limburg-Noord;Zuid
(V)SO;Limburg;41373;00SH;00SH00;Instituut voor Orthopedagogisch Onderwijs;Frans van de Laarplein;3;6217 NH;MAASTRICHT;0935;MAASTRICHT;Rooms-Katholiek;0433467797;www.ivoo-ds.nl;4;SO ZMOK + VSO ZMOK + RP-SO ZMOK + RP-VSO ZMOK;Frans van de Laarplein;3;6217 NH;MAASTRICHT;80;Maastricht;34;Maastricht Mergelland;42;Maastricht en Mergelland;39;Zuid-Limburg;25;Zuid-Limburg;39;Gewest Zuid-Limburg;Zuid
(V)SO;Limburg;41373;02SP;02SP00;Campus Special Needs VSO;Frans van de Laarplein;3;6217 NH;MAASTRICHT;0935;MAASTRICHT;Rooms-Katholiek;0433467730;www.csn-vso.nl;4;SO ZMOK + VSO ZMOK;Frans van de Laarplein;3;6217 NH;MAASTRICHT;80;Maastricht;34;Maastricht Mergelland;42;Maastricht en Mergelland;39;Zuid-Limburg;25;Zuid-Limburg;39;Gewest Zuid-Limburg;Zuid
(V)SO;Limburg;41373;17LV;17LV00;SO SamenWijs;Porseleinstraat;14;6216 BP;MAASTRICHT;0935;MAASTRICHT;Rooms-Katholiek;0433281333;www.samenwijs.nl;3;SO ZMLK + VSO ZMLK;Porseleinstraat;14;6216 BP;MAASTRICHT;80;Maastricht;34;Maastricht Mergelland;42;Maastricht en Mergelland;39;Zuid-Limburg;25;Zuid-Limburg;39;Gewest Zuid-Limburg;Zuid
(V)SO;Limburg;41506;20IF;20IF00;Speciaal Onderwijs Voortgezet Speciaal Onderwijs Catharina;Smidserweg;4;6419 CP;HEERLEN;0917;HEERLEN;Rooms-Katholiek;0455741409;www.so-catharina.nl;3;SO ZMLK + VSO ZMLK;Smidserweg;4;6419 CP;HEERLEN;79;Heerlen;33;Parkstad Limburg;41;Oostelijk Zuid-Limburg;39;Zuid-Limburg;25;Zuid-Limburg;39;Gewest Zuid-Limburg;Zuid
(V)SO;Limburg;41506;21SG;21SG00;SO VSO De Pyler;Meezenbroekerweg;5;6412 VK;HEERLEN;0917;HEERLEN;Rooms-Katholiek;0455725519;www.so-zonnewijzer.nl;4;SO ZMOK + VSO ZMOK + RP-SO ZMOK;Postbus;2921;6401 DK;HEERLEN;79;Heerlen;33;Parkstad Limburg;41;Oostelijk Zuid-Limburg;39;Zuid-Limburg;25;Zuid-Limburg;39;Gewest Zuid-Limburg;Zuid
(V)SO;Limburg;41516;16PB;16PB00;ZMLK School St Jan Baptist;Schoolstraat;81;6466 HV;KERKRADE;0928;KERKRADE;Algemeen bijzonder;0455411298;www.janbaptistkerkrade.nl;3;SO ZMLK + VSO ZMLK;Postbus;1210;6460 BE;KERKRADE;79;Heerlen;33;Parkstad Limburg;41;Oostelijk Zuid-Limburg;39;Zuid-Limburg;25;Zuid-Limburg;39;Gewest Zuid-Limburg;Zuid
(V)SO;Limburg;41531;02RV;02RV00;Mikado SO en VSO ZMLK School;Stiemensweg;44;6591 MD;GENNEP;0907;GENNEP;Rooms-Katholiek;0485511113;www.mikadoschool.nl;3;SO ZMLK + VSO ZMLK;Stiemensweg;44;6591 MD;GENNEP;30;Nijmegen;29;Noord-Limburg;38;Noord-Limburg;37;Noord-Limburg;11;Oostelijk Maas-Waalgebied;38;Gewest Limburg-Noord;Zuid
(V)SO;Limburg;41531;02RV;02RV04;Foooocus Venray;Hoenderstraat;4-6;5801 CK;VENRAY;0984;VENRAY;Rooms-Katholiek; ; ;3;SO ZMLK + VSO ZMLK;Hoenderstraat;4-6;5801 CK;VENRAY;76;Venlo;29;Noord-Limburg;38;Noord-Limburg;37;Noord-Limburg;23;Noord-Limburg;38;Gewest Limburg-Noord;Zuid
(V)SO;Limburg;41821;01UO;01UO00;De Buitenhof school voor speciaal en voortgezet speciaal onderwijs;Kloosterkensweg;6;6419 PJ;HEERLEN;0917;HEERLEN;Algemeen bijzonder;0455711896;www.buitenhof-school.nl;4;SO ZMOK + VSO ZMOK + RP-SO ZMOK + RP-VSO ZMOK;Kloosterkensweg;6;6419 PJ;HEERLEN;79;Heerlen;33;Parkstad Limburg;41;Oostelijk Zuid-Limburg;39;Zuid-Limburg;25;Zuid-Limburg;39;Gewest Zuid-Limburg;Zuid
(V)SO;Limburg;41821;01UO;01UO01;Buitenhof;Vijverdalseweg;1;6226 NB;MAASTRICHT;0935;MAASTRICHT;Algemeen bijzonder; ; ;4;SO ZMOK + VSO ZMOK + RP-SO ZMOK + RP-VSO ZMOK; ; ; ; ;80;Maastricht;34;Maastricht Mergelland;42;Maastricht en Mergelland;39;Zuid-Limburg;25;Zuid-Limburg;39;Gewest Zuid-Limburg;Zuid
(V)SO;Limburg;41821;02KX;02KX00;VSO-St. Jozef;Pater Kustersweg;3;6267 NL;CADIER EN KEER;1903;EIJSDEN-MARGRATEN;Rooms-Katholiek;0434072077;www.sovso-stjozef.nl/;4;SO ZMOK + VSO ZMOK + RP-SO ZMOK + RP-VSO ZMOK;Pater Kustersweg;3;6267 NL;CADIER EN KEER;80;Maastricht;34;Maastricht Mergelland;42;Maastricht en Mergelland;39;Zuid-Limburg;25;Zuid-Limburg;39;Gewest Zuid-Limburg;Zuid
(V)SO;Limburg;44813;01RB;01RB00;Maaskei vso;Herenstraat;296;6004 XL;WEERT;0988;WEERT;Algemeen bijzonder;0495229999;www.ogbuitengewoon.nl/maaskei-vso;3;SO ZMLK + VSO ZMLK;Herenstraat;296;6004 XL;WEERT;75;Weert;30;Weert;39;Midden-Limburg;38;Midden-Limburg;22;Zuidoost-Noord-Brabant;38;Gewest Limburg-Noord;Zuid
(V)SO;Limburg;44813;01RB;01RB01;Maaskei so;Beatrixlaan;3-A;6006 AH;WEERT;0988;WEERT;Algemeen bijzonder;0495230200;www.ogbuitengewoon.nl/maaskei-so;3;SO ZMLK + VSO ZMLK;Herenstraat;296;6004 XL;WEERT;75;Weert;30;Weert;39;Midden-Limburg;38;Midden-Limburg;22;Zuidoost-Noord-Brabant;38;Gewest Limburg-Noord;Zuid
(V)SO;Limburg;44813;01RB;01RB02;Heikei;Speckerweg;5;6081 NN;HAELEN;1640;LEUDAL;Algemeen bijzonder;0475591891;www.heikei.nl;3;SO ZMLK + VSO ZMLK;Herenstraat;296;6004 XL;WEERT;77;Roermond;31;Roermond;39;Midden-Limburg;38;Midden-Limburg;24;Roermond en omstreken;38;Gewest Limburg-Noord;Zuid
(V)SO;Limburg;44813;01RB;01RB04;De Maaskei SO 2;Oude Laarderweg;15;6003 ME;WEERT;0988;WEERT;Algemeen bijzonder; ; ;3;SO ZMLK + VSO ZMLK;Oude Laarderweg;15;6003 ME;WEERT;75;Weert;30;Weert;39;Midden-Limburg;38;Midden-Limburg;22;Zuidoost-Noord-Brabant;38;Gewest Limburg-Noord;Zuid
(V)SO;Limburg;44813;02QV;02QV00;Ulingshof;Ulingshofweg;26;5915 PM;VENLO;0983;VENLO;Algemeen bijzonder;0773559555;www.ogbuitengewoon.nl/ulingshof;3;SO LG,MGF + VSO LG;Ulingshofweg;26;5915 PM;VENLO;76;Venlo;29;Noord-Limburg;38;Noord-Limburg;37;Noord-Limburg;23;Noord-Limburg;38;Gewest Limburg-Noord;Zuid
(V)SO;Limburg;44813;17GQ;17GQ00;Impuls;Lingsterhofweg;1;5931 MA;TEGELEN;0983;VENLO;Algemeen bijzonder;0773542207;http://www.ogbuitengewoon.nl/impuls;3;SO ZMLK + VSO ZMLK;Lingsterhofweg;1;5931 MA;TEGELEN;76;Venlo;29;Noord-Limburg;38;Noord-Limburg;37;Noord-Limburg;23;Noord-Limburg;38;Gewest Limburg-Noord;Zuid
(V)SO;Limburg;44813;17GQ;17GQ03;Kindcentrum Kwispeldans;St. Antoniusstraat;121;5801 AR;VENRAY;0984;VENRAY;Algemeen bijzonder;0478582701;www.kwispeldans.nl;3;SO ZMLK + VSO ZMLK;St. Antoniusstraat;121;5801 AR;VENRAY;76;Venlo;29;Noord-Limburg;38;Noord-Limburg;37;Noord-Limburg;23;Noord-Limburg;38;Gewest Limburg-Noord;Zuid
(V)SO;Limburg;74803;14VR;14VR00;Adelante Onderwijs Mytylschool Encanto;Onderstestraat;29;6301 KA;VALKENBURG LB;0994;VALKENBURG AAN DE GEUL;Rooms-Katholiek;0455282600;www.adelantegroep.nl;3;SO LG,MGF + VSO LG + RP-SO LG,MGF + RP-VSO LG;Onderstestraat;29;6301 KA;VALKENBURG LB;80;Maastricht;34;Maastricht Mergelland;42;Maastricht en Mergelland;39;Zuid-Limburg;25;Zuid-Limburg;39;Gewest Zuid-Limburg;Zuid
(V)SO;Limburg;74803;14YY;14YY00;Adelante Onderwijs Tyltylschool De Maasgouw;Bemelergrubbe;5;6226 NK;MAASTRICHT;0935;MAASTRICHT;Rooms-Katholiek;0455282500;www.adelantegroep.nl;3;SO MGF + VSO MGF;Postbus;4259;6202 WC;MAASTRICHT;80;Maastricht;34;Maastricht Mergelland;42;Maastricht en Mergelland;39;Zuid-Limburg;25;Zuid-Limburg;39;Gewest Zuid-Limburg;Zuid
(V)SO;Limburg;83280;04EP;04EP00;ZMOK School Xaverius;Valkstraat;2-A;6135 GC;SITTARD;1883;SITTARD-GELEEN;Rooms-Katholiek;0464748254;www.xaverius-sittard.nl;4;SO ZMOK + VSO ZMOK + RP-SO ZMOK;Valkstraat;2-A;6135 GC;SITTARD;78;Sittard;32;Westelijke Mijnstreek;40;Westelijke Mijnstreek;39;Zuid-Limburg;25;Zuid-Limburg;39;Gewest Zuid-Limburg;Zuid
(V)SO;Limburg;83280;12QN;12QN00;De Parkschool;Onderste Sittarderweg;4;6141 AZ;LIMBRICHT;1883;SITTARD-GELEEN;Rooms-Katholiek;0464512861;www.deparkschool.nl;3;SO ZMLK + VSO ZMLK;Onderste Sittarderweg;4;6141 AZ;LIMBRICHT;78;Sittard;32;Westelijke Mijnstreek;40;Westelijke Mijnstreek;39;Zuid-Limburg;25;Zuid-Limburg;39;Gewest Zuid-Limburg;Zuid
(V)SO;Noord-Brabant;20233;02ZX;02ZX00;Onderwijscentrum Leijpark;Professor Stoltehof;1;5022 KE;TILBURG;0855;TILBURG;Rooms-Katholiek;0135398850;www.ocleijpark.nl;3;SO LG,MGF + VSO LG + RP-SO LG,MGF + RP-VSO LG;Postbus;5022;5004 EA;TILBURG;68;Tilburg;26;Midden-Brabant;35;Midden-Brabant;34;Midden-Noord-Brabant;21;Tilburg en omstreken;35;Midden-Brabant;Zuid
(V)SO;Noord-Brabant;21657;08ZP;08ZP00;Taalbrug Junior;Toledolaan;3;5629 CC;EINDHOVEN;0772;EINDHOVEN;Algemeen bijzonder;0407900090;www.vituszuid.nl;2;SO DOBLN,DOVN,ESM,MGA,MGB,SH + VSO DOBLN,DOVN,MGA,MGB,SH;Toledolaan;3;5629 CC;EINDHOVEN;70;Eindhoven;28;Zuidoost-Brabant;37;Zuidoost-Brabant;36;Zuidoost-Noord-Brabant;22;Zuidoost-Noord-Brabant;37;Zuidoost-Brabant;Zuid
(V)SO;Noord-Brabant;41008;10OL;10OL00;De Rungraaf;Avignonlaan;11;5627 GA;EINDHOVEN;0772;EINDHOVEN;Rooms-Katholiek;0402428215;www.rungraaf.nl;4;SO ZMOK + VSO ZMOK + RP-SO ZMOK + RP-VSO ZMOK;Avignonlaan;11;5627 GA;EINDHOVEN;70;Eindhoven;28;Zuidoost-Brabant;37;Zuidoost-Brabant;36;Zuidoost-Noord-Brabant;22;Zuidoost-Noord-Brabant;37;Zuidoost-Brabant;Zuid
(V)SO;Noord-Brabant;41008;10OL;10OL05;SO De Rungraaf MKD Combinatie Jeugdzorg Locatie Veldhoven;Sterrenlaan;5;5503 BG;VELDHOVEN;0861;VELDHOVEN;Rooms-Katholiek; ; ;4;SO ZMOK + VSO ZMOK + RP-SO ZMOK + RP-VSO ZMOK;Sterrenlaan;5;5503 BG;VELDHOVEN;70;Eindhoven;28;Zuidoost-Brabant;37;Zuidoost-Brabant;36;Zuidoost-Noord-Brabant;22;Zuidoost-Noord-Brabant;37;Zuidoost-Brabant;Zuid
(V)SO;Noord-Brabant;41008;10OL;10OL06;SO De Rungraaf MKD Combinatie Jeugdzorg Locatie Valkenswaard;Hert. Hendrikstraat;1;5552 KK;VALKENSWAARD;0858;VALKENSWAARD;Rooms-Katholiek; ; ;4;SO ZMOK + VSO ZMOK + RP-SO ZMOK + RP-VSO ZMOK;Hert. Hendrikstraat;1;5552 KK;VALKENSWAARD;70;Eindhoven;28;Zuidoost-Brabant;37;Zuidoost-Brabant;36;Zuidoost-Noord-Brabant;22;Zuidoost-Noord-Brabant;37;Zuidoost-Brabant;Zuid
(V)SO;Noord-Brabant;41008;19ES;19ES00;Orthopedagogisch Onderwijsinstituut De Hilt;Azalealaan;38;5701 CM;HELMOND;0794;HELMOND;Openbaar;0492525800;www.aloysiusstichting.nl;4;SO ZMOK + VSO ZMOK + RP-SO ZMOK + RP-VSO ZMOK;Azalealaan;38;5701 CM;HELMOND;74;Helmond;28;Zuidoost-Brabant;37;Zuidoost-Brabant;36;Zuidoost-Noord-Brabant;22;Zuidoost-Noord-Brabant;37;Zuidoost-Brabant;Zuid
(V)SO;Noord-Brabant;41200;01OZ;01OZ00;P.I.-school Hondsberg;Hondsberg;5;5062 JT;OISTERWIJK;0824;OISTERWIJK;Algemeen bijzonder;0135285159;www.koraal.nl;4;SO PI + VSO PI + RP-SO PI + RP-VSO PI;Postbus;350;5060 AJ;OISTERWIJK;68;Tilburg;26;Midden-Brabant;35;Midden-Brabant;34;Midden-Noord-Brabant;21;Tilburg en omstreken;35;Midden-Brabant;Zuid
(V)SO;Noord-Brabant;41200;02RH;02RH00;Het Berkenhofcollege VSO;Sibeliuslaan;13;4837 CA;BREDA;0758;BREDA;Rooms-Katholiek;0765658455;www.hetdriespan.nl;4;SO LZ/P + VSO LZ/P + RP-SO LZ/P + RP-VSO LZ/P;Sibeliuslaan;13;4837 CA;BREDA;66;Breda;25;West-Brabant;34;West-Brabant;33;West-Noord-Brabant;20;West-Noord-Brabant;34;West-Brabant;Zuid
(V)SO;Noord-Brabant;41200;02RH;02RH01;De Fakkel School voor Speciaal Onderwijs;Van Goghlaan;8;4703 JB;ROOSENDAAL;1674;ROOSENDAAL;Rooms-Katholiek;0165538151;www.hetdriespan.nl;4;SO LZ/P + VSO LZ/P + RP-SO LZ/P + RP-VSO LZ/P;Van Goghlaan;8;4703 JB;ROOSENDAAL;65;Roosendaal en Nispen;25;West-Brabant;34;West-Brabant;33;West-Noord-Brabant;20;West-Noord-Brabant;34;West-Brabant;Zuid
(V)SO;Noord-Brabant;41200;02RH;02RH02;Het Aventurijncollege;De Verlenging;10;4616 AX;BERGEN OP ZOOM;0748;BERGEN OP ZOOM;Rooms-Katholiek;0164260744;www.hetdriespan.nl;4;SO LZ/P + VSO LZ/P;De Verlenging;10;4616 AX;BERGEN OP ZOOM;64;Bergen op Zoom;25;West-Brabant;34;West-Brabant;33;West-Noord-Brabant;20;West-Noord-Brabant;34;West-Brabant;Zuid
(V)SO;Noord-Brabant;41200;02RH;02RH12;De Kei (V) SO;Poolseweg;190;4818 CG;BREDA;0758;BREDA;Rooms-Katholiek;0880165998; ;4;SO LZ/P + VSO LZ/P + RP-SO LZ/P + RP-VSO LZ/P;Poolseweg;190;4818 CG;BREDA;66;Breda;25;West-Brabant;34;West-Brabant;33;West-Noord-Brabant;20;West-Noord-Brabant;34;West-Brabant;Zuid
(V)SO;Noord-Brabant;41200;02RH;02RH13;De Singel (V) SO;Adriaan van Bergenstraat;428;4811 SZ;BREDA;0758;BREDA;Rooms-Katholiek;0765231999; ;4;SO LZ/P + VSO LZ/P + RP-SO LZ/P + RP-VSO LZ/P;Adriaan van Bergenstraat;428;4811 SZ;BREDA;66;Breda;25;West-Brabant;34;West-Brabant;33;West-Noord-Brabant;20;West-Noord-Brabant;34;West-Brabant;Zuid
(V)SO;Noord-Brabant;41200;02RH;02RH14;Het Brederocollege VMBO;Brederostraat;35;4819 HG;BREDA;0758;BREDA;Rooms-Katholiek;0765233636; ;4;SO LZ/P + VSO LZ/P + RP-SO LZ/P + RP-VSO LZ/P;Brederostraat;35;4819 HG;BREDA;66;Breda;25;West-Brabant;34;West-Brabant;33;West-Noord-Brabant;20;West-Noord-Brabant;34;West-Brabant;Zuid
(V)SO;Noord-Brabant;41200;02RH;02RH15;Het Olivijncollege;O Lv Vrouw ter Duinenln;193;4641 RM;OSSENDRECHT;0873;WOENSDRECHT;Rooms-Katholiek;0164271140; ;4;SO LZ/P + VSO LZ/P + RP-SO LZ/P + RP-VSO LZ/P;O Lv Vrouw ter Duinenln;193;4641 RM;OSSENDRECHT;64;Bergen op Zoom;25;West-Brabant;34;West-Brabant;33;West-Noord-Brabant;20;West-Noord-Brabant;34;West-Brabant;Zuid
(V)SO;Noord-Brabant;41200;02RH;02RH16;Brederocollege HAVO;Jacob Catssingel;10;4819 HC;BREDA;0758;BREDA;Rooms-Katholiek; ; ;4;SO LZ/P + VSO LZ/P;Jacob Catssingel;10;4819 HC;BREDA;66;Breda;25;West-Brabant;34;West-Brabant;33;West-Noord-Brabant;20;West-Noord-Brabant;34;West-Brabant;Zuid
(V)SO;Noord-Brabant;41200;03XK;03XK00;Het Vada College;Schijndelseweg;3;5283 AB;BOXTEL;0757;BOXTEL;Rooms-Katholiek;0411652222;www.koraal.nl;4;SO ZMOK + VSO ZMOK + RP-SO ZMOK + RP-VSO ZMOK;Schijndelseweg;3;5283 AB;BOXTEL;69;'s-Hertogenbosch;27;Noordoost-Brabant;36;Noordoost-Brabant;35;Noordoost-Noord-Brabant;12;Noord-Noord-Brabant;36;Noord-Oost-Brabant;Zuid
(V)SO;Noord-Brabant;41200;03XK;03XK02;Het Dok;Elegaststraat;1;5625 CV;EINDHOVEN;0772;EINDHOVEN;Rooms-Katholiek;0403030321;www.hetdokeindhoven.nl;4;SO ZMOK + VSO ZMOK + RP-SO ZMOK + RP-VSO ZMOK;Elegaststraat;1;5625 CV;EINDHOVEN;70;Eindhoven;28;Zuidoost-Brabant;37;Zuidoost-Brabant;36;Zuidoost-Noord-Brabant;22;Zuidoost-Noord-Brabant;37;Zuidoost-Brabant;Zuid
(V)SO;Noord-Brabant;41200;21GN;21GN00;Dieze College;Hervensebaan;5;5232 JL;'S-HERTOGENBOSCH;0796;S HERTOGENBOSCH;Rooms-Katholiek;0736103900;www.diezecollege.nl;4;SO ZMOK + VSO ZMOK + RP-SO ZMOK;Hervensebaan;5;5232 JL;'S-HERTOGENBOSCH;69;'s-Hertogenbosch;27;Noordoost-Brabant;36;Noordoost-Brabant;35;Noordoost-Noord-Brabant;12;Noord-Noord-Brabant;36;Noord-Oost-Brabant;Zuid
(V)SO;Noord-Brabant;41200;21GN;21GN03;RK School voor SOVSO ZMOK De Rietlanden;Kooikersweg;301;5223 KE;'S-HERTOGENBOSCH;0796;S HERTOGENBOSCH;Rooms-Katholiek;0736211411;www.koraal.nl;3;SO ZMLK + VSO ZMLK + RP-SO ZMLK + RP-VSO ZMLK;Kooikersweg;301;5223 KE;'S-HERTOGENBOSCH;69;'s-Hertogenbosch;27;Noordoost-Brabant;36;Noordoost-Brabant;35;Noordoost-Noord-Brabant;12;Noord-Noord-Brabant;36;Noord-Oost-Brabant;Zuid
(V)SO;Noord-Brabant;41200;23GY;23GY00;Plein³;Bredaseweg;140;4904 SC;OOSTERHOUT NB;0826;OOSTERHOUT;Algemeen bijzonder;0162453749;www.hetdriespan.nl;4;SO ZMOK + VSO ZMOK + RP-SO ZMOK + RP-VSO ZMOK;Bredaseweg;140;4904 SC;OOSTERHOUT NB;66;Breda;25;West-Brabant;34;West-Brabant;33;West-Noord-Brabant;20;West-Noord-Brabant;34;West-Brabant;Zuid
(V)SO;Noord-Brabant;41200;23GY;23GY06;De Muldersteeg;Muldersteeg;8;4901 ZG;OOSTERHOUT NB;0826;OOSTERHOUT;Algemeen bijzonder;0162420839;www.hetdriespan.nl;4;SO ZMOK + VSO ZMOK + RP-SO ZMOK + RP-VSO ZMOK;Muldersteeg;8;4901 ZG;OOSTERHOUT NB;66;Breda;25;West-Brabant;34;West-Brabant;33;West-Noord-Brabant;20;West-Noord-Brabant;34;West-Brabant;Zuid
(V)SO;Noord-Brabant;41407;02RK;02RK00;Het Kasteel;Rijnauwenstraat;201-205;4834 LD;BREDA;0758;BREDA;Rooms-Katholiek;0765608850;www.sohetkasteel.nl;3;SO LG,MGF + VSO LG;Rijnauwenstraat;201;4834 LD;BREDA;66;Breda;25;West-Brabant;34;West-Brabant;33;West-Noord-Brabant;20;West-Noord-Brabant;34;West-Brabant;Zuid
(V)SO;Noord-Brabant;41407;21RO;21RO00;Breda College;Landheining;6;4817 DM;BREDA;0758;BREDA;Rooms-Katholiek;0765223222;www.bredacollege.nl;3;SO MGF,ZMLK + VSO ZMLK;Postbus;9412;4801 LK;BREDA;66;Breda;25;West-Brabant;34;West-Brabant;33;West-Noord-Brabant;20;West-Noord-Brabant;34;West-Brabant;Zuid
(V)SO;Noord-Brabant;41531;02RV;02RV02;Foooocus Cuyk;Molenstraat;19;5431 BW;CUIJK;1982;LAND VAN CUIJK;Rooms-Katholiek; ; ;3;SO ZMLK + VSO ZMLK;Molenstraat;19;5431 BW;CUIJK;73;Boxmeer;27;Noordoost-Brabant;36;Noordoost-Brabant;35;Noordoost-Noord-Brabant;11;Oostelijk Maas-Waalgebied;36;Noord-Oost-Brabant;Zuid
(V)SO;Noord-Brabant;41531;02RV;02RV03;De Wingerd;Havikshorst;23;5431 LZ;CUIJK;1982;LAND VAN CUIJK;Rooms-Katholiek; ; ;3;SO ZMLK + VSO ZMLK;Havikshorst;23;5431 LZ;CUIJK;73;Boxmeer;27;Noordoost-Brabant;36;Noordoost-Brabant;35;Noordoost-Noord-Brabant;11;Oostelijk Maas-Waalgebied;36;Noord-Oost-Brabant;Zuid
(V)SO;Noord-Brabant;42536;25HE;25HE00;Koninklijke Visio Onderwijs Grave;Jan van Cuykdijk;1;5361 HM;GRAVE;1982;LAND VAN CUIJK;Algemeen bijzonder;0885858336;www.visio.org;1;SO MGDV,VGK + VSO MGDV,VGK;Jan van Cuykdijk;1;5361 HM;GRAVE;73;Boxmeer;27;Noordoost-Brabant;36;Noordoost-Brabant;35;Noordoost-Noord-Brabant;11;Oostelijk Maas-Waalgebied;36;Noord-Oost-Brabant;Zuid
(V)SO;Noord-Brabant;42536;25HE;25HE02;Koninklijke Visio Onderwijs Breda;Galderseweg;65;4836 AC;BREDA;0758;BREDA;Rooms-Katholiek;0885858200;www.visio.org;1;SO MGDV,VGK + VSO MGDV,VGK;Galderseweg;65;4836 AC;BREDA;66;Breda;25;West-Brabant;34;West-Brabant;33;West-Noord-Brabant;20;West-Noord-Brabant;34;West-Brabant;Zuid
(V)SO;Noord-Brabant;42572;00RT;00RT00;Sonnewijser Oss, route vervolgonderwijs;Staringstraat;4;5343 GH;OSS;0828;OSS;Algemeen bijzonder;0412827979;www.sonnewijser.nl;4;SO ZMOK + VSO ZMOK;Wethouder van Eschstraat;58;5342 AT;OSS;72;Oss;27;Noordoost-Brabant;36;Noordoost-Brabant;35;Noordoost-Noord-Brabant;12;Noord-Noord-Brabant;36;Noord-Oost-Brabant;Zuid
(V)SO;Noord-Brabant;42572;00RT;00RT03;Sterrenkijker Uden;Aldetiendstraat;17;5402 ZC;UDEN;1991;MAASHORST;Algemeen bijzonder;0412827979;www.desterrenkijker.nl;4;SO ZMOK + VSO ZMOK;Wethouder van Eschstraat;58;5342 AT;OSS;71;Uden;27;Noordoost-Brabant;36;Noordoost-Brabant;35;Noordoost-Noord-Brabant;12;Noord-Noord-Brabant;36;Noord-Oost-Brabant;Zuid
(V)SO;Noord-Brabant;42572;00RT;00RT04;Sonnewijser Oss, route arbeid;Gerrit van der Veenstr;24;5348 RD;OSS;0828;OSS;Algemeen bijzonder;0412827979;www.sonnewijser.nl;4;SO ZMOK + VSO ZMOK;Wethouder van Eschstraat;58;5342 AT;OSS;72;Oss;27;Noordoost-Brabant;36;Noordoost-Brabant;35;Noordoost-Noord-Brabant;12;Noord-Noord-Brabant;36;Noord-Oost-Brabant;Zuid
(V)SO;Noord-Brabant;42572;00RT;00RT05;Sterrenkijker Oss;Marius de Langenstraat;4;5348 AK;OSS;0828;OSS;Algemeen bijzonder;0412827979;www.desterrenkijker.nl;4;SO ZMOK + VSO ZMOK;Wethouder van Eschstraat;58;5342 AT;OSS;72;Oss;27;Noordoost-Brabant;36;Noordoost-Brabant;35;Noordoost-Noord-Brabant;12;Noord-Noord-Brabant;36;Noord-Oost-Brabant;Zuid
(V)SO;Noord-Brabant;42572;00RT;00RT06;Sonnewijser Oss route vervolgonderwijs, symbiose;Mondriaanlaan;1;5342 CN;OSS;0828;OSS;Algemeen bijzonder;0412827979;www.sonnewijser.nl;4;SO ZMOK + VSO ZMOK;Wethouder van Eschstraat;58;5342 AT;OSS;72;Oss;27;Noordoost-Brabant;36;Noordoost-Brabant;35;Noordoost-Noord-Brabant;12;Noord-Noord-Brabant;36;Noord-Oost-Brabant;Zuid
(V)SO;Noord-Brabant;44201;01PJ;01PJ00;De Groote Aard SO-VSO;Mortel;1;5521 TP;EERSEL;0770;EERSEL;Algemeen bijzonder;0497513291;www.grooteaard.nl;3;SO ZMLK + VSO ZMLK;Mortel;1;5521 TP;EERSEL;70;Eindhoven;28;Zuidoost-Brabant;37;Zuidoost-Brabant;36;Zuidoost-Noord-Brabant;22;Zuidoost-Noord-Brabant;37;Zuidoost-Brabant;Zuid
(V)SO;Noord-Brabant;54679;17GW;17GW16;Kentalis Mariëlla;Theerestraat;44;5271 GD;SINT-MICHIELSGESTEL;0845;SINT-MICHIELSGESTEL;Rooms-Katholiek;0735588651;https://www.kentalis.nl/onze-scholen;2;SO DOBLN,DOVN,ESM,MGA,MGB,SH + VSO DOBLN,DOVN,MGA,MGB,SH + RP-SO MGA;Theerestraat;44;5271 GD;SINT-MICHIELSGESTEL;69;'s-Hertogenbosch;27;Noordoost-Brabant;36;Noordoost-Brabant;35;Noordoost-Noord-Brabant;12;Noord-Noord-Brabant;36;Noord-Oost-Brabant;Zuid
(V)SO;Noord-Brabant;54679;17GW;17GW32;Kentalis Rafaël;Theerestraat;44;5271 GD;SINT-MICHIELSGESTEL;0845;SINT-MICHIELSGESTEL;Rooms-Katholiek;0735588243;https://www.kentalis.nl/onze-scholen;2;SO DOBLN,DOVN,ESM,MGA,MGB,SH + VSO DOBLN,DOVN,MGA,MGB,SH + RP-SO DOBLN;Theerestraat;44;5271 GD;SINT-MICHIELSGESTEL;69;'s-Hertogenbosch;27;Noordoost-Brabant;36;Noordoost-Brabant;35;Noordoost-Noord-Brabant;12;Noord-Noord-Brabant;36;Noord-Oost-Brabant;Zuid
(V)SO;Noord-Brabant;54679;17GW;17GW33;Kentalis Talent D/SH;Helvoirtseweg;189;5263 EE;VUGHT;0865;VUGHT;Rooms-Katholiek;0735588552;https://www.kentalis.nl/onze-scholen;2;SO DOBLN,DOVN,ESM,MGA,MGB,SH + VSO DOBLN,DOVN,MGA,MGB,SH + RP-SO DOVN + RP-VSO DOVN;Postbus;327;5260 AH;VUGHT;69;'s-Hertogenbosch;27;Noordoost-Brabant;36;Noordoost-Brabant;35;Noordoost-Noord-Brabant;12;Noord-Noord-Brabant;36;Noord-Oost-Brabant;Zuid
(V)SO;Noord-Brabant;54679;17GW;17GW38;Kentalis College Oss;Euterpehof;20;5342 CW;OSS;0828;OSS;Rooms-Katholiek; ;https://www.kentalis.nl/onze-scholen;2;SO DOBLN,DOVN,ESM,MGA,MGB,SH + VSO DOBLN,DOVN,ESM,MGA,MGB,SH;Euterpehof;20;5342 CW;OSS;72;Oss;27;Noordoost-Brabant;36;Noordoost-Brabant;35;Noordoost-Noord-Brabant;12;Noord-Noord-Brabant;36;Noord-Oost-Brabant;Zuid
(V)SO;Noord-Brabant;72905;14VL;14VL00;Expertisecentrum Antoon van Dijkschool;Berkveld;19;5709 AE;HELMOND;0794;HELMOND;Rooms-Katholiek;0492516335;www.antoonvandijkschool.nl;3;SO ZMLK + VSO ZMLK;Postbus;551;5700 AN;HELMOND;74;Helmond;28;Zuidoost-Brabant;37;Zuidoost-Brabant;36;Zuidoost-Noord-Brabant;22;Zuidoost-Noord-Brabant;37;Zuidoost-Brabant;Zuid
(V)SO;Noord-Brabant;72905;16SO;16SO00;Mytylschool;Toledolaan;4;5629 CC;EINDHOVEN;0772;EINDHOVEN;Rooms-Katholiek;0402418181;www.mytylschooleindhoven.nl;3;SO LG,MGF + VSO LG;Toledolaan;4;5629 CC;EINDHOVEN;70;Eindhoven;28;Zuidoost-Brabant;37;Zuidoost-Brabant;36;Zuidoost-Noord-Brabant;22;Zuidoost-Noord-Brabant;37;Zuidoost-Brabant;Zuid
(V)SO;Noord-Brabant;72905;19HT;19HT00;Mgr Bekkerschool;Venetiestraat;43;5632 RM;EINDHOVEN;0772;EINDHOVEN;Rooms-Katholiek;0402515859;www.mbseindhoven.nl;3;SO ZMLK + VSO ZMLK;Venetiestraat;43;5632 RM;EINDHOVEN;70;Eindhoven;28;Zuidoost-Brabant;37;Zuidoost-Brabant;36;Zuidoost-Noord-Brabant;22;Zuidoost-Noord-Brabant;37;Zuidoost-Brabant;Zuid
(V)SO;Noord-Brabant;73114;01FX;01FX00;ZML De Bodde;Karel Boddenweg;1;5044 EL;TILBURG;0855;TILBURG;Rooms-Katholiek;0134671363;www.debodde.nl;3;SO ZMLK + VSO ZMLK;Karel Boddenweg;1;5044 EL;TILBURG;68;Tilburg;26;Midden-Brabant;35;Midden-Brabant;34;Midden-Noord-Brabant;21;Tilburg en omstreken;35;Midden-Brabant;Zuid
(V)SO;Noord-Brabant;73114;23JU;23JU00;School voor Speciaal en Voortgezet Speciaal Onderwijs De Keyzer;Doctor Keyzerlaan;23;5051 PB;GOIRLE;0785;GOIRLE;Rooms-Katholiek;0135324550;www.sgdekeyzer.nl;4;SO LZ/P + VSO LZ/P + RP-SO LZ/P + RP-VSO LZ/P;Doctor Keyzerlaan;23;5051 PB;GOIRLE;68;Tilburg;26;Midden-Brabant;35;Midden-Brabant;34;Midden-Noord-Brabant;21;Tilburg en omstreken;35;Midden-Brabant;Zuid
(V)SO;Noord-Brabant;73906;05HJ;05HJ00;De Berkenschutse;Sterkselseweg;65;5591 VE;HEEZE;1658;HEEZE-LEENDE;Rooms-Katholiek;0402279300;www.berkenschutse.nl;3;SO LZ/S + VSO LZ/S + RP-SO LZ/S + RP-VSO LZ/S;Sterkselseweg;65;5591 VE;HEEZE;70;Eindhoven;28;Zuidoost-Brabant;37;Zuidoost-Brabant;36;Zuidoost-Noord-Brabant;22;Zuidoost-Noord-Brabant;37;Zuidoost-Brabant;Zuid
(V)SO;Noord-Brabant;74127;02SK;02SK00;Mytylschool Gabriel;Kooikersweg;303;5223 KE;'S-HERTOGENBOSCH;0796;S HERTOGENBOSCH;Rooms-Katholiek;0732005500;www.mytylschool-gabriel.nl;3;SO LG,MGF + VSO LG;Kooikersweg;303;5223 KE;'S-HERTOGENBOSCH;69;'s-Hertogenbosch;27;Noordoost-Brabant;36;Noordoost-Brabant;35;Noordoost-Noord-Brabant;12;Noord-Noord-Brabant;36;Noord-Oost-Brabant;Zuid
(V)SO;Noord-Brabant;74154;16LO;16LO00;KPO (V)SO De Kameleon;Gerard ter Borchstraat;51;4703 NL;ROOSENDAAL;1674;ROOSENDAAL;Rooms-Katholiek;0165570950;www.dekameleonkpo.nl;3;SO ZMLK + VSO ZMLK;Gerard ter Borchstraat;51;4703 NL;ROOSENDAAL;65;Roosendaal en Nispen;25;West-Brabant;34;West-Brabant;33;West-Noord-Brabant;20;West-Noord-Brabant;34;West-Brabant;Zuid
(V)SO;Noord-Brabant;74154;16LO;16LO04;De Kameleon;Zuiderdreef;320;4616 AJ;BERGEN OP ZOOM;0748;BERGEN OP ZOOM;Rooms-Katholiek;0164870022;www.dekameleonkpo.nl;3;SO ZMLK + VSO ZMLK;Zuiderdreef;320;4616 AJ;BERGEN OP ZOOM;64;Bergen op Zoom;25;West-Brabant;34;West-Brabant;33;West-Noord-Brabant;20;West-Noord-Brabant;34;West-Brabant;Zuid
(V)SO;Noord-Brabant;75778;02SZ;02SZ00;RK Mytylsch v BLO aan Lich Gebr Kinderen;Gezellelaan;13;4707 CC;ROOSENDAAL;1674;ROOSENDAAL;Rooms-Katholiek;0165558200;www.mytylschoolroosendaal.nl;3;SO LG,MGF + VSO LG;Gezellelaan;13;4707 CC;ROOSENDAAL;65;Roosendaal en Nispen;25;West-Brabant;34;West-Brabant;33;West-Noord-Brabant;20;West-Noord-Brabant;34;West-Brabant;Zuid
(V)SO;Noord-Brabant;77338;00LH;00LH00;Prins Willem Alexanderschool;Knegselseweg;8;5504 NC;VELDHOVEN;0861;VELDHOVEN;Rooms-Katholiek;0402534300;www.pwaveldhoven.nl;3;SO ZMLK + VSO ZMLK;Knegselseweg;8;5504 NC;VELDHOVEN;70;Eindhoven;28;Zuidoost-Brabant;37;Zuidoost-Brabant;36;Zuidoost-Noord-Brabant;22;Zuidoost-Noord-Brabant;37;Zuidoost-Brabant;Zuid
(V)SO;Noord-Brabant;82253;01PA;01PA00;Emiliusschool;Nieuwstraat;72;5691 AE;SON EN BREUGEL;0848;SON EN BREUGEL;Algemeen bijzonder;0499494242;www.emiliusschool.nl;3;SO MGF + VSO MGF + RP-SO MGF + RP-VSO MGF;Nieuwstraat;72;5691 AE;SON EN BREUGEL;70;Eindhoven;28;Zuidoost-Brabant;37;Zuidoost-Brabant;36;Zuidoost-Noord-Brabant;22;Zuidoost-Noord-Brabant;37;Zuidoost-Brabant;Zuid
(V)SO;Noord-Brabant;82292;01PD;01PD00;Hub Noord-Brabant vestiging Rosmalen;Waterleidingstraat;4;5244 PE;ROSMALEN;0796;S HERTOGENBOSCH;Algemeen bijzonder;0735212752;www.hubnoordbrabant.nl;3;SO ZMLK + VSO ZMLK;Postbus;460;5240 AL;ROSMALEN;69;'s-Hertogenbosch;27;Noordoost-Brabant;36;Noordoost-Brabant;35;Noordoost-Noord-Brabant;12;Noord-Noord-Brabant;36;Noord-Oost-Brabant;Zuid
(V)SO;Noord-Brabant;82292;02SJ;02SJ00;Hub Noord-Brabant vestiging Stedelijk VSO te Rosmalen;T.M. Kortenhorstlaan;2;5244 GD;ROSMALEN;0796;S HERTOGENBOSCH;Rooms-Katholiek;0736129713;www.hubnoordbrabant.nl;3;SO ZMLK + VSO ZMLK;Postbus;460;5240 AL;ROSMALEN;69;'s-Hertogenbosch;27;Noordoost-Brabant;36;Noordoost-Brabant;35;Noordoost-Noord-Brabant;12;Noord-Noord-Brabant;36;Noord-Oost-Brabant;Zuid
(V)SO;Noord-Brabant;82292;02SJ;02SJ01;Hub Noord-Brabant;De Tijvert;7;5282 RL;BOXTEL;0757;BOXTEL;Rooms-Katholiek;0411689356; ;3;SO ZMLK + VSO ZMLK;De Tijvert;7;5282 RL;BOXTEL;69;'s-Hertogenbosch;27;Noordoost-Brabant;36;Noordoost-Brabant;35;Noordoost-Noord-Brabant;12;Noord-Noord-Brabant;36;Noord-Oost-Brabant;Zuid
(V)SO;Noord-Brabant;82292;02SW;02SW00;Hub Noord-Brabant vestiging Oss;Ruwaardstraat;15;5342 AH;OSS;0828;OSS;Rooms-Katholiek;0412623512;www.hubnoordbrabant.nl;3;SO ZMLK + VSO ZMLK;Postbus;460;5240 AL;ROSMALEN;72;Oss;27;Noordoost-Brabant;36;Noordoost-Brabant;35;Noordoost-Noord-Brabant;12;Noord-Noord-Brabant;36;Noord-Oost-Brabant;Zuid
(V)SO;Noord-Brabant;82292;14OT;14OT00;Hub Noord-Brabant vestiging Veghel;Sweelinckstraat;4;5462 CR;VEGHEL;1948;MEIERIJSTAD;Rooms-Katholiek;0413363162;www.hubnoordbrabant.nl;3;SO ZMLK + VSO ZMLK;Postbus;460;5240 AL;ROSMALEN;71;Uden;27;Noordoost-Brabant;36;Noordoost-Brabant;35;Noordoost-Noord-Brabant;12;Noord-Noord-Brabant;36;Noord-Oost-Brabant;Zuid
(V)SO;Noord-Brabant;85269;23XK;23XK00;Zuiderbos School voor SO en VSO;Carillonlaan;3;5261 LT;VUGHT;0865;VUGHT;Algemeen bijzonder;0736847060;www.zuiderbos.nl;4;SO LZ/P + VSO LZ/P + RP-SO LZ/P + RP-VSO LZ/P;Postbus;2214;5260 CE;VUGHT;69;'s-Hertogenbosch;27;Noordoost-Brabant;36;Noordoost-Brabant;35;Noordoost-Noord-Brabant;12;Noord-Noord-Brabant;36;Noord-Oost-Brabant;Zuid
(V)SO;Noord-Brabant;85269;23XK;23XK01;Zuiderbos School voor SO en VSO;Platanenlaan;26-B;5507 MD;VELDHOVEN;0861;VELDHOVEN;Algemeen bijzonder;0402903666;www.zuiderbos.nl;4;SO LZ/P + VSO LZ/P + RP-SO LZ/P + RP-VSO LZ/P;Platanenlaan;26-B;5507 MD;VELDHOVEN;70;Eindhoven;28;Zuidoost-Brabant;37;Zuidoost-Brabant;36;Zuidoost-Noord-Brabant;22;Zuidoost-Noord-Brabant;37;Zuidoost-Brabant;Zuid
(V)SO;Noord-Brabant;85269;23XK;23XK03;Zuiderbos School voor SO en VSO;Betuwehof;10;5709 KP;HELMOND;0794;HELMOND;Algemeen bijzonder;0736847060;www.zuiderbos.nl;4;SO LZ/P + VSO LZ/P + RP-SO LZ/P + RP-VSO LZ/P;Betuwehof;10;5709 KP;HELMOND;74;Helmond;28;Zuidoost-Brabant;37;Zuidoost-Brabant;36;Zuidoost-Noord-Brabant;22;Zuidoost-Noord-Brabant;37;Zuidoost-Brabant;Zuid
(V)SO;Noord-Holland;30742;07IT;07IT00;School voor Zeer Moeilijk Lerende Kinderen De Meerpaal/Linie College;Drs. F. Bijlweg;3;1784 MC;DEN HELDER;0400;DEN HELDER;Protestants-Christelijk;0223641517;www.demeerpaaldenhelder.nl;3;SO ZMLK + VSO ZMLK;Postbus;6013;1780 KA;DEN HELDER;37;Den Helder;19;Noord-Holland-Noord;23;Kop van Noord-Holland;18;Kop van Noord-Holland;14;Noord-Noord-Holland;23;Kop van Noord-Holland;Noord
(V)SO;Noord-Holland;30742;07IT;07IT02;School voor Zeer Moeilijk Lerende Kinderen De Meerpaal;Langevliet;81;1788 BJ;DEN HELDER;0400;DEN HELDER;Protestants-Christelijk;0615312582; ;3;SO ZMLK + VSO ZMLK;Postbus;6038;1780 KA;DEN HELDER;37;Den Helder;19;Noord-Holland-Noord;23;Kop van Noord-Holland;18;Kop van Noord-Holland;14;Noord-Noord-Holland;23;Kop van Noord-Holland;Noord
(V)SO;Noord-Holland;40837;01LB;01LB00;De Ruimte;Het Schild;2-A;1704 EK;HEERHUGOWAARD;1980;DIJK EN WAARD;Algemeen bijzonder;0889206000;https://www.heliomare.nl/;3;SO LG,MGF + VSO LG;Het Schild;2-A;1704 EK;HEERHUGOWAARD;38;Alkmaar;19;Noord-Holland-Noord;24;Noord-Kennemerland;19;Alkmaar en omgeving;14;Noord-Noord-Holland;24;Noord-Kennemerland;Noord
(V)SO;Noord-Holland;40837;01MI;01MI00;Heliomare Onderwijs;De Velst;1;1963 KL;HEEMSKERK;0396;HEEMSKERK;Algemeen bijzonder;0889208000;www.heliomare.nl;3;SO LG,MGF + VSO LG;De Velst;1;1963 KL;HEEMSKERK;42;Velsen;20;Zuidelijk Noord-Holland;25;West-Kennemerland;20;IJmond;15;Zuid-Noord-Holland;25;Zuid-Kennemerland en IJmond;Noord
(V)SO;Noord-Holland;40837;01WX;01WX00;De Alk;Van Harenlaan;23;1813 KE;ALKMAAR;0361;ALKMAAR;Algemeen bijzonder;0889209000;www.heliomare.nl/hoe-kunnen-we-u-helpen/onderwijs;3;SO ZMLK + VSO ZMLK;Van Harenlaan;23;1813 KE;ALKMAAR;38;Alkmaar;19;Noord-Holland-Noord;24;Noord-Kennemerland;19;Alkmaar en omgeving;14;Noord-Noord-Holland;24;Noord-Kennemerland;Noord
(V)SO;Noord-Holland;41008;00RL;00RL00;Antoniusschool Heerhugowaard;Het Schild;2-B;1704 EK;HEERHUGOWAARD;1980;DIJK EN WAARD;Samenwerking PC, RK;0723030443;www.nexus-onderwijs.nl;4;SO LZ/P + VSO LZ/P + RP-SO LZ/P + RP-VSO LZ/P;Het Schild;2-B;1704 EK;HEERHUGOWAARD;38;Alkmaar;19;Noord-Holland-Noord;24;Noord-Kennemerland;19;Alkmaar en omgeving;14;Noord-Noord-Holland;24;Noord-Kennemerland;Noord
(V)SO;Noord-Holland;41008;00RL;00RL02;Antoniusschool Den Helder;Annie Romein-Verschoorln;15;1784 NZ;DEN HELDER;0400;DEN HELDER;Samenwerking PC, RK;0251655771;www.antoniusdenhelder.nl;4;SO LZ/P + VSO LZ/P + RP-SO LZ/P + RP-VSO LZ/P;Havinghastraat;17;1817 DA;ALKMAAR;37;Den Helder;19;Noord-Holland-Noord;23;Kop van Noord-Holland;18;Kop van Noord-Holland;14;Noord-Noord-Holland;23;Kop van Noord-Holland;Noord
(V)SO;Noord-Holland;41008;00RL;00RL10;Antoniusschool Beverwijk;de Dalen;1;1945 NC;BEVERWIJK;0375;BEVERWIJK;Samenwerking PC, RK;0251256070;www.antoniusbeverwijk.nl;4;SO LZ/P + VSO LZ/P + RP-SO LZ/P + RP-VSO LZ/P;Havinghastraat;17;1817 DA;ALKMAAR;42;Velsen;20;Zuidelijk Noord-Holland;25;West-Kennemerland;20;IJmond;15;Zuid-Noord-Holland;25;Zuid-Kennemerland en IJmond;Noord
(V)SO;Noord-Holland;41008;00RL;00RL11;Antoniusschool Schagen;Kievitlaan;25;1742 AB;SCHAGEN;0441;SCHAGEN;Samenwerking PC, RK;0251655771;www.antoniusschagen.nl;4;SO LZ/P + VSO LZ/P + RP-SO LZ/P + RP-VSO LZ/P;Havinghastraat;17;1817 DA;ALKMAAR;37;Den Helder;19;Noord-Holland-Noord;23;Kop van Noord-Holland;18;Kop van Noord-Holland;14;Noord-Noord-Holland;23;Kop van Noord-Holland;Noord
(V)SO;Noord-Holland;41008;00RL;00RL13;Antoniusschool IJmuiden;Willemsbeekweg;80;1971 GZ;IJMUIDEN;0453;VELSEN;Samenwerking PC, RK;0255511714;www.antoniusijmuiden.nl;4;SO LZ/P + VSO LZ/P + RP-SO LZ/P + RP-VSO LZ/P;Havinghastraat;17;1817 DA;ALKMAAR;42;Velsen;20;Zuidelijk Noord-Holland;25;West-Kennemerland;20;IJmond;15;Zuid-Noord-Holland;25;Zuid-Kennemerland en IJmond;Noord
(V)SO;Noord-Holland;41008;00RL;00RL14;Antoniusschool De Pionier;Drs. F. Bijlweg;234;1784 MC;DEN HELDER;0400;DEN HELDER;Samenwerking PC, RK;0251655771;www.antoniusdenhelder.nl;4;SO LZ/P + VSO LZ/P;Havinghastraat;17;1817 DA;ALKMAAR;37;Den Helder;19;Noord-Holland-Noord;23;Kop van Noord-Holland;18;Kop van Noord-Holland;14;Noord-Noord-Holland;23;Kop van Noord-Holland;Noord
(V)SO;Noord-Holland;41008;18XY;18XY00;Het Molenduin Santpoort;Dinkgrevelaan;32;2071 BP;SANTPOORT-NOORD;0453;VELSEN;Rooms-Katholiek;0235376992;www.molenduin.nl;4;SO ZMOK + VSO ZMOK + RP-SO ZMOK + RP-VSO ZMOK;Havinghastraat;17;1817 DA;ALKMAAR;42;Velsen;20;Zuidelijk Noord-Holland;25;West-Kennemerland;20;IJmond;15;Zuid-Noord-Holland;25;Zuid-Kennemerland en IJmond;Noord
(V)SO;Noord-Holland;41008;18XY;18XY04;Het Molenduin Schagen;Schar;11;1741 RR;SCHAGEN;0441;SCHAGEN;Rooms-Katholiek;0224745210;www.molenduin.nl;3/4;SO ZMOK + VSO ZMOK + RP-SO ZMLK + RP-VSO ZMOK;Havinghastraat;17;1817 DA;ALKMAAR;37;Den Helder;19;Noord-Holland-Noord;23;Kop van Noord-Holland;18;Kop van Noord-Holland;14;Noord-Noord-Holland;23;Kop van Noord-Holland;Noord
(V)SO;Noord-Holland;41008;18XY;18XY10;Het Molenduin Driehuis;Arguspad;1;1985 HX;DRIEHUIS;0453;VELSEN;Rooms-Katholiek;0255745062;www.hetmolenduin.nl;4;SO ZMOK + VSO ZMOK + RP-SO ZMOK + RP-VSO ZMOK;Havinghastraat;17;1817 DA;ALKMAAR;42;Velsen;20;Zuidelijk Noord-Holland;25;West-Kennemerland;20;IJmond;15;Zuid-Noord-Holland;25;Zuid-Kennemerland en IJmond;Noord
(V)SO;Noord-Holland;41008;18XY;18XY11;Het Molenduin Driehuis Jeugdhulp Plus;Arguspad;1;1985 HX;DRIEHUIS;0453;VELSEN;Rooms-Katholiek;0255745062; ;4;SO ZMOK + VSO ZMOK + RP-SO ZMOK + RP-VSO ZMOK;Havinghastraat;17;1817 DA;ALKMAAR;42;Velsen;20;Zuidelijk Noord-Holland;25;West-Kennemerland;20;IJmond;15;Zuid-Noord-Holland;25;Zuid-Kennemerland en IJmond;Noord
(V)SO;Noord-Holland;41008;18XY;18XY12;Molenduin Bakkum;Heereweg;114;1901 ME;CASTRICUM;0383;CASTRICUM;Rooms-Katholiek; ; ;4;SO ZMOK + VSO ZMOK + RP-SO ZMOK + RP-VSO ZMOK;Heereweg;114;1901 ME;CASTRICUM;42;Velsen;19;Noord-Holland-Noord;24;Noord-Kennemerland;20;IJmond;15;Zuid-Noord-Holland;24;Noord-Kennemerland;Noord
(V)SO;Noord-Holland;41388;00SL;00SL00;(VSO) Mozarthof;Mozartlaan;29-31;1217 CM;HILVERSUM;0402;HILVERSUM;Algemeen bijzonder;0356241932;www.mozarthof.nl;3;SO ZMLK + VSO ZMLK;Mozartlaan;29;1217 CM;HILVERSUM;45;Hilversum;16;Gooi en Vechtstreek;20;Gooi en Vechtstreek;24;Het Gooi en Vechtstreek;15;Zuid-Noord-Holland;20;Gooi en Vechtstreek;Noord
(V)SO;Noord-Holland;41388;02YP;02YP00;(College) de Trappenberg;Soestdijkerstraatweg;129-C;1213 VX;HILVERSUM;0402;HILVERSUM;Algemeen bijzonder;0356915237;www.de-trappenberg.nl;3;SO LG,MGF + VSO LG;Soestdijkerstraatweg;129-C;1213 VX;HILVERSUM;45;Hilversum;16;Gooi en Vechtstreek;20;Gooi en Vechtstreek;24;Het Gooi en Vechtstreek;15;Zuid-Noord-Holland;20;Gooi en Vechtstreek;Noord
(V)SO;Noord-Holland;41388;02YP;02YP03;Mensura College Hilversum;Achterom;152;1211 PD;HILVERSUM;0402;HILVERSUM;Algemeen bijzonder; ; ;3;SO LG,MGF + VSO LG;Achterom;152;1211 PD;HILVERSUM;45;Hilversum;16;Gooi en Vechtstreek;20;Gooi en Vechtstreek;24;Het Gooi en Vechtstreek;15;Zuid-Noord-Holland;20;Gooi en Vechtstreek;Noord
(V)SO;Noord-Holland;41434;15DZ;15DZ00;O.S.V.O. Martin Luther Kingschool;Dr. J.M. den Uyllaan;10-12;1442 VS;PURMEREND;0439;PURMEREND;Openbaar;0229748026;www.mlking-schoolso.nl;3;SO ZMLK + VSO ZMLK;Dr. J.M. den Uyllaan;10-12;1442 VS;PURMEREND;44;Amsterdam;20;Zuidelijk Noord-Holland;21;Agglomeratie Amsterdam;23;Groot-Amsterdam;15;Zuid-Noord-Holland;21;Agglomeratie Amsterdam;Noord
(V)SO;Noord-Holland;41450;14RB;14RB01;J.H.Donnerschool;Lopes Diaslaan;2;1222 BW;HILVERSUM;0402;HILVERSUM;Protestants-Christelijk;0334768488; ;4;SO ZMOK + VSO ZMOK + RP-SO ZMOK;Postbus;764;1200 AT;HILVERSUM;45;Hilversum;16;Gooi en Vechtstreek;20;Gooi en Vechtstreek;24;Het Gooi en Vechtstreek;15;Zuid-Noord-Holland;20;Gooi en Vechtstreek;Noord
(V)SO;Noord-Holland;41479;20WU;20WU00;Orion College Zuidoost;Bijlmerdreef;1289-2;1103 TV;AMSTERDAM;0363;AMSTERDAM;Openbaar;0203681071;www.drostenburg.nl;3;SO LG + VSO LG;Bijlmerdreef;1289-2;1103 TV;AMSTERDAM;44;Amsterdam;20;Zuidelijk Noord-Holland;21;Agglomeratie Amsterdam;23;Groot-Amsterdam;15;Zuid-Noord-Holland;21;Agglomeratie Amsterdam;Noord
(V)SO;Noord-Holland;41479;20WV;20WV00;Drostenburg;Drostenburg;1;1102 AM;AMSTERDAM;0363;AMSTERDAM;Openbaar;0203987755;www.drostenburg.nl;3;SO MGF + VSO MGF;Drostenburg;1;1102 AM;AMSTERDAM;44;Amsterdam;20;Zuidelijk Noord-Holland;21;Agglomeratie Amsterdam;23;Groot-Amsterdam;15;Zuid-Noord-Holland;21;Agglomeratie Amsterdam;Noord
(V)SO;Noord-Holland;41479;20WW;20WW00;Orion College Drostenburg;Drostenburg;5-B;1102 AM;AMSTERDAM;0363;AMSTERDAM;Openbaar;0206111213;www.orioncollegedrostenburg.nl;3;SO LZ/S + VSO LZ/S;Drostenburg;5-B;1102 AM;AMSTERDAM;44;Amsterdam;20;Zuidelijk Noord-Holland;21;Agglomeratie Amsterdam;23;Groot-Amsterdam;15;Zuid-Noord-Holland;21;Agglomeratie Amsterdam;Noord
(V)SO;Noord-Holland;41664;18EC;18EC00;Prof Dr Gunningschool;Planetenlaan;13;2024 EN;HAARLEM;0392;HAARLEM;Openbaar;0235411912;www.gunningschool-vso.nl;4;SO ZMOK + VSO ZMOK + RP-SO ZMOK + RP-VSO ZMOK;Postbus;4470;2003 EL;HAARLEM;43;Haarlem;20;Zuidelijk Noord-Holland;25;West-Kennemerland;21;Agglomeratie Haarlem;15;Zuid-Noord-Holland;25;Zuid-Kennemerland en IJmond;Noord
(V)SO;Noord-Holland;41664;18EC;18EC03;VSO Daaf Geluk;Plesmanplein;8;2024 HT;HAARLEM;0392;HAARLEM;Openbaar;0235261644;www.vsodaafgeluk.nl;4;SO ZMOK + VSO ZMOK;Postbus;4470;2003 EL;HAARLEM;43;Haarlem;20;Zuidelijk Noord-Holland;25;West-Kennemerland;21;Agglomeratie Haarlem;15;Zuid-Noord-Holland;25;Zuid-Kennemerland en IJmond;Noord
(V)SO;Noord-Holland;41852;16KI;16KI00;Dynamica Onderwijs;Molenwerf;1-C;1541 WR;KOOG AAN DE ZAAN;0479;ZAANSTAD;Openbaar;0887755200;www.dynamica.nu.nl;3;SO ZMLK + VSO ZMLK;Molenwerf;1-C;1541 WR;KOOG AAN DE ZAAN;41;Zaanstad;20;Zuidelijk Noord-Holland;21;Agglomeratie Amsterdam;22;Zaanstreek;15;Zuid-Noord-Holland;21;Agglomeratie Amsterdam;Noord
(V)SO;Noord-Holland;41852;16KI;16KI02;Dynamica Onderwijs;De Noordsterweg;2;1521 JS;WORMERVEER;0479;ZAANSTAD;Openbaar;0756171936; ;3;SO ZMLK + VSO ZMLK;De Noordsterweg;2;1521 JS;WORMERVEER;41;Zaanstad;20;Zuidelijk Noord-Holland;21;Agglomeratie Amsterdam;22;Zaanstreek;15;Zuid-Noord-Holland;21;Agglomeratie Amsterdam;Noord
(V)SO;Noord-Holland;41852;16KI;16KI03;Dynamica Onderwijs;Nieuwendamstraat;2-A;1507 JE;ZAANDAM;0479;ZAANSTAD;Openbaar; ; ;3;SO ZMLK + VSO ZMLK;Nieuwendamstraat;2-A;1507 JE;ZAANDAM;41;Zaanstad;20;Zuidelijk Noord-Holland;21;Agglomeratie Amsterdam;22;Zaanstreek;15;Zuid-Noord-Holland;21;Agglomeratie Amsterdam;Noord
(V)SO;Noord-Holland;41853;18IS;18IS00;Dr A V Voorthuysenschool;Professor Eijkmanlaan;1;2035 XA;HAARLEM;0392;HAARLEM;Openbaar;0235335939;www.voorthuijs.nl;3;SO ZMLK + VSO ZMLK;Professor Eijkmanlaan;1;2035 XA;HAARLEM;43;Haarlem;20;Zuidelijk Noord-Holland;25;West-Kennemerland;21;Agglomeratie Haarlem;15;Zuid-Noord-Holland;25;Zuid-Kennemerland en IJmond;Noord
(V)SO;Noord-Holland;41853;18IS;18IS01;Dr A V Voorthuysenschool;Anne Franklaan;22;2135 HA;HOOFDDORP;0394;HAARLEMMERMEER;Openbaar;0235335939;www.voorthuijs.nl;3;SO ZMLK + VSO ZMLK;Professor Eijkmanlaan;1;2035 XA;HAARLEM;44;Amsterdam;20;Zuidelijk Noord-Holland;21;Agglomeratie Amsterdam;23;Groot-Amsterdam;15;Zuid-Noord-Holland;21;Agglomeratie Amsterdam;Noord
(V)SO;Noord-Holland;41853;18LW;18LW00;De Parel voor speciaal onderwijs, revalidatie en zorg;Frederik Hendriklaan;73;2012 SG;HAARLEM;0392;HAARLEM;Openbaar;0235283722;www.deparelhaarlem.nl;3;SO LG,MGF + VSO LG;Frederik Hendriklaan;73;2012 SG;HAARLEM;43;Haarlem;20;Zuidelijk Noord-Holland;25;West-Kennemerland;21;Agglomeratie Haarlem;15;Zuid-Noord-Holland;25;Zuid-Kennemerland en IJmond;Noord
(V)SO;Noord-Holland;42514;18ZJ;18ZJ00;Openbare School voor zmok De Spinaker;Jan Ligthartstraat;7;1817 MR;ALKMAAR;0361;ALKMAAR;Openbaar;0725140244;www.despinaker.nl;4;SO ZMOK + VSO ZMOK + RP-SO ZMOK + RP-VSO ZMOK;Jan Ligthartstraat;7;1817 MR;ALKMAAR;38;Alkmaar;19;Noord-Holland-Noord;24;Noord-Kennemerland;19;Alkmaar en omgeving;14;Noord-Noord-Holland;24;Noord-Kennemerland;Noord
(V)SO;Noord-Holland;42514;18ZJ;18ZJ01;De Spinaker;Sportlaan;38;1782 ND;DEN HELDER;0400;DEN HELDER;Openbaar;0223684255;www.vsodenhelder.despinaker.nl;4;SO ZMOK + VSO ZMOK;Sportlaan;38;1782 ND;DEN HELDER;37;Den Helder;19;Noord-Holland-Noord;23;Kop van Noord-Holland;18;Kop van Noord-Holland;14;Noord-Noord-Holland;23;Kop van Noord-Holland;Noord
(V)SO;Noord-Holland;42514;18ZJ;18ZJ02;De Spinaker;Marketentster;1;1625 WB;HOORN NH;0405;HOORN;Openbaar;0229210894; ;4;SO ZMOK + VSO ZMOK;Postbus;2032;1620 EA;HOORN NH;40;Hoorn;19;Noord-Holland-Noord;22;Westfriesland;18;Kop van Noord-Holland;14;Noord-Noord-Holland;22;West-Friesland;Noord
(V)SO;Noord-Holland;42514;18ZJ;18ZJ03;VSO Dijk en Waard;Smaragd;32;1703 GB;HEERHUGOWAARD;1980;DIJK EN WAARD;Openbaar;0725721313;https://vsohetwerk.despinaker.nl/;4;SO ZMOK + VSO ZMOK + RP-VSO ZMOK;Smaragd;32;1703 GB;HEERHUGOWAARD;38;Alkmaar;19;Noord-Holland-Noord;24;Noord-Kennemerland;19;Alkmaar en omgeving;14;Noord-Noord-Holland;24;Noord-Kennemerland;Noord
(V)SO;Noord-Holland;42514;18ZJ;18ZJ11;De Stip;Slochterwaard;179;1824 KV;ALKMAAR;0361;ALKMAAR;Openbaar; ; ;4;SO ZMOK + VSO ZMOK;Slochterwaard;179;1824 KV;ALKMAAR;38;Alkmaar;19;Noord-Holland-Noord;24;Noord-Kennemerland;19;Alkmaar en omgeving;14;Noord-Noord-Holland;24;Noord-Kennemerland;Noord
(V)SO;Noord-Holland;42514;18ZJ;18ZJ14;SO Regio;Kortenaerkade;22;1813 SV;ALKMAAR;0361;ALKMAAR;Openbaar; ; ;4;SO ZMOK + VSO ZMOK;Kortenaerkade;22;1813 SV;ALKMAAR;38;Alkmaar;19;Noord-Holland-Noord;24;Noord-Kennemerland;19;Alkmaar en omgeving;14;Noord-Noord-Holland;24;Noord-Kennemerland;Noord
(V)SO;Noord-Holland;42536;25HD;25HD00;Koninklijke Visio Onderwijs Amsterdam;Burgemeester Eliasstraat;76;1063 EX;AMSTERDAM;0363;AMSTERDAM;Algemeen bijzonder;0885856000;www.visio.org;1;SO MGDV,VGK + VSO MGDV,VGK;Burgemeester Eliasstraat;76;1063 EX;AMSTERDAM;44;Amsterdam;20;Zuidelijk Noord-Holland;21;Agglomeratie Amsterdam;23;Groot-Amsterdam;15;Zuid-Noord-Holland;21;Agglomeratie Amsterdam;Noord
(V)SO;Noord-Holland;42635;04GJ;04GJ00;De Eenhoorn zmlk;Eikstraat;36;1623 LT;HOORN NH;0405;HOORN;Algemeen bijzonder;0229214545;www.ikec-hoorn.nl;3;SO ZMLK + VSO ZMLK;van Oostzanenstraat;11;1624 GJ;HOORN NH;40;Hoorn;19;Noord-Holland-Noord;22;Westfriesland;18;Kop van Noord-Holland;14;Noord-Noord-Holland;22;West-Friesland;Noord
(V)SO;Noord-Holland;42635;04GJ;04GJ03;VSO De Stormvogel;van Oostzanenstraat;11;1624 GJ;HOORN NH;0405;HOORN;Algemeen bijzonder; ; ;3;SO ZMLK + VSO ZMLK;van Oostzanenstraat;11;1624 GJ;HOORN NH;40;Hoorn;19;Noord-Holland-Noord;22;Westfriesland;18;Kop van Noord-Holland;14;Noord-Noord-Holland;22;West-Friesland;Noord
(V)SO;Noord-Holland;42687;01TQ;01TQ00;De Klimop;Hoflaan;10;1217 EA;HILVERSUM;0402;HILVERSUM;Protestants-Christelijk;0356211622;www.klimopschool.net;3;SO ZMLK + VSO ZMLK;Hoflaan;10;1217 EA;HILVERSUM;45;Hilversum;16;Gooi en Vechtstreek;20;Gooi en Vechtstreek;24;Het Gooi en Vechtstreek;15;Zuid-Noord-Holland;20;Gooi en Vechtstreek;Noord
(V)SO;Noord-Holland;42687;01TQ;01TQ02;Elan College Bussum;Lange Heul;149-C;1403 NH;BUSSUM;1942;GOOISE MEREN;Protestants-Christelijk;0358001010;www.elancollege.nl;3;SO ZMLK + VSO ZMLK;Hoflaan;10-A;1217 EA;HILVERSUM;45;Hilversum;16;Gooi en Vechtstreek;20;Gooi en Vechtstreek;24;Het Gooi en Vechtstreek;15;Zuid-Noord-Holland;20;Gooi en Vechtstreek;Noord
(V)SO;Noord-Holland;42687;01TQ;01TQ03;Elan College Huizen;IJsselmeerstraat;3-A;1271 AA;HUIZEN;0406;HUIZEN;Protestants-Christelijk;0355243939;elancollegehuizen.nl;4;SO ZMOK + VSO ZMOK;IJsselmeerstraat;3-A;1271 AA;HUIZEN;45;Hilversum;16;Gooi en Vechtstreek;20;Gooi en Vechtstreek;24;Het Gooi en Vechtstreek;15;Zuid-Noord-Holland;20;Gooi en Vechtstreek;Noord
(V)SO;Noord-Holland;42687;01TQ;01TQ04;Elan Primair;Oud Bussummerweg;76;1272 RX;HUIZEN;0406;HUIZEN;Protestants-Christelijk; ; ;3;SO ZMLK + VSO ZMLK;Oud Bussummerweg;76;1272 RX;HUIZEN;45;Hilversum;16;Gooi en Vechtstreek;20;Gooi en Vechtstreek;24;Het Gooi en Vechtstreek;15;Zuid-Noord-Holland;20;Gooi en Vechtstreek;Noord
(V)SO;Noord-Holland;54679;17GW;17GW30;Kentalis Signis D/SH;Jan Sluijtersstraat;9;1062 CJ;AMSTERDAM;0363;AMSTERDAM;Algemeen bijzonder;0206178617;https://www.kentalis.nl/onze-scholen;2;SO DOBLN,DOVN,ESM,MGA,MGB,SH + VSO DOBLN,DOVN,MGA,MGB,SH;Jan Sluijtersstraat;9;1062 CJ;AMSTERDAM;44;Amsterdam;20;Zuidelijk Noord-Holland;21;Agglomeratie Amsterdam;23;Groot-Amsterdam;15;Zuid-Noord-Holland;21;Agglomeratie Amsterdam;Noord
(V)SO;Noord-Holland;77690;12QB;12QB00;V S O  De Heldring;Burgemeester Eliasstraat;20;1063 EW;AMSTERDAM;0363;AMSTERDAM;Algemeen bijzonder;0204473583;www.deheldringschool.nl;3;SO ZMLK + VSO ZMLK;Burgemeester Eliasstraat;20;1063 EW;AMSTERDAM;44;Amsterdam;20;Zuidelijk Noord-Holland;21;Agglomeratie Amsterdam;23;Groot-Amsterdam;15;Zuid-Noord-Holland;21;Agglomeratie Amsterdam;Noord
(V)SO;Noord-Holland;77690;12QB;12QB02;SO Heldring;Bosrankstraat;1;1032 LH;AMSTERDAM;0363;AMSTERDAM;Algemeen bijzonder; ; ;3;SO ZMLK + VSO ZMLK;Zuidelijke Wandelweg;30;1079 RK;AMSTERDAM;44;Amsterdam;20;Zuidelijk Noord-Holland;21;Agglomeratie Amsterdam;23;Groot-Amsterdam;15;Zuid-Noord-Holland;21;Agglomeratie Amsterdam;Noord
(V)SO;Noord-Holland;77690;14UA;14UA00;SO Alphons Laudy;Meer en Vaart;9;1068 KV;AMSTERDAM;0363;AMSTERDAM;Rooms-Katholiek;0204106622;www.alphonslaudy.nl;3;SO ZMLK + VSO ZMLK;Postbus;96004;1006 EA;AMSTERDAM;44;Amsterdam;20;Zuidelijk Noord-Holland;21;Agglomeratie Amsterdam;23;Groot-Amsterdam;15;Zuid-Noord-Holland;21;Agglomeratie Amsterdam;Noord
(V)SO;Noord-Holland;77690;14UA;14UA02;VSO Alphons Laudy;Van Nijenrodeweg;648;1082 HZ;AMSTERDAM;0363;AMSTERDAM;Rooms-Katholiek; ; ;3;SO ZMLK + VSO ZMLK;Van Nijenrodeweg;648;1082 HZ;AMSTERDAM;44;Amsterdam;20;Zuidelijk Noord-Holland;21;Agglomeratie Amsterdam;23;Groot-Amsterdam;15;Zuid-Noord-Holland;21;Agglomeratie Amsterdam;Noord
(V)SO;Noord-Holland;77690;14UA;14UA03;SO Alphons Laudy;Peelstraat;171;1079 RN;AMSTERDAM;0363;AMSTERDAM;Rooms-Katholiek; ; ;3;SO ZMLK + VSO ZMLK;Peelstraat;171;1079 RN;AMSTERDAM;44;Amsterdam;20;Zuidelijk Noord-Holland;21;Agglomeratie Amsterdam;23;Groot-Amsterdam;15;Zuid-Noord-Holland;21;Agglomeratie Amsterdam;Noord
(V)SO;Noord-Holland;85255;09QN;09QN00;De Schelp;Nieuwe Landstraat;12;2021 DE;HAARLEM;0392;HAARLEM;Rooms-Katholiek;0235257249;www.deschelp.stichtingsintbavo.nl;3;SO ZMLK + VSO ZMLK;Nieuwe Landstraat;12;2021 DE;HAARLEM;43;Haarlem;20;Zuidelijk Noord-Holland;25;West-Kennemerland;21;Agglomeratie Haarlem;15;Zuid-Noord-Holland;25;Zuid-Kennemerland en IJmond;Noord
(V)SO;Noord-Holland;85775;05PE;05PE00;De Waterlelie Expertise Centrum voor Onderwijs en Epilepsie;Spieringweg;801;2142 ED;CRUQUIUS;0394;HAARLEMMERMEER;Protestants-Christelijk;0235483333;www.dewaterlelie.net;3;SO LZ/S + VSO LZ/S + RP-SO LZ/S + RP-VSO LZ/S;Spieringweg;801;2142 ED;CRUQUIUS;44;Amsterdam;20;Zuidelijk Noord-Holland;21;Agglomeratie Amsterdam;23;Groot-Amsterdam;15;Zuid-Noord-Holland;21;Agglomeratie Amsterdam;Noord
(V)SO;Overijssel;25859;00KM;00KM00;Twents Vakcollege 't Woolde;Bandoengstraat;51;7556 TE;HENGELO OV;0164;HENGELO;Algemeen bijzonder;0742503890;www.attendiz.nl;4;SO ZMOK + VSO ZMOK + RP-SO ZMOK + RP-VSO ZMOK;Postbus;8105;7550 KC;HENGELO OV;22;Enschede;07;Twente;12;Twente;12;Twente;06;Twente;12;Twente;Noord
(V)SO;Overijssel;25859;00KM;00KM21;Twents Vakcollege Mota;Plesmanweg;31;7602 PD;ALMELO;0141;ALMELO;Algemeen bijzonder;0546633184;www.attendiz.nl;4;SO ZMOK + VSO ZMOK;Plesmanweg;31;7602 PD;ALMELO;21;Almelo;07;Twente;12;Twente;12;Twente;06;Twente;12;Twente;Noord
(V)SO;Overijssel;25859;00KM;00KM22;Attendiz SO Het Mozaïek;Beverdamlaan;11;7602 XR;ALMELO;0141;ALMELO;Algemeen bijzonder;0546568158;so-middenbouw-en-bovenbouw.hetmozaiek-attendiz.nl;4;SO ZMOK + VSO ZMOK + RP-SO ZMOK + RP-VSO ZMOK;Beverdamlaan;11;7602 XR;ALMELO;21;Almelo;07;Twente;12;Twente;12;Twente;06;Twente;12;Twente;Noord
(V)SO;Overijssel;25859;00KM;00KM23;Omnis College;Cesar Franckstraat;3;7604 JE;ALMELO;0141;ALMELO;Algemeen bijzonder;0880203700;www.attendiz.nl;4;SO ZMOK + VSO ZMOK + RP-VSO ZMOK;Cesar Franckstraat;3;7604 JE;ALMELO;21;Almelo;07;Twente;12;Twente;12;Twente;06;Twente;12;Twente;Noord
(V)SO;Overijssel;25859;00KM;00KM32;Attendiz- De Bouwsteen;Anna Reynvaanweg;50;7555 SG;HENGELO OV;0164;HENGELO;Algemeen bijzonder;0880103600;www.attendiz.nl/scholen;3/4;SO ZMOK + VSO ZMOK + RP-SO MGF,ZMOK + RP-VSO MGF,ZMOK;Postbus;8105;7550 KC;HENGELO OV;22;Enschede;07;Twente;12;Twente;12;Twente;06;Twente;12;Twente;Noord
(V)SO;Overijssel;25859;00KM;00KM35;Erve Olde Meule;Olde Meulenweg;2;7554 RL;HENGELO OV;0164;HENGELO;Algemeen bijzonder;0880103600;www.attendiz.nl;4;SO ZMOK + VSO ZMOK;Postbus;8105;7550 KC;HENGELO OV;22;Enschede;07;Twente;12;Twente;12;Twente;06;Twente;12;Twente;Noord
(V)SO;Overijssel;25859;00KM;00KM42;De Stapsteen;Jacques Perkstraat;5-7;7552 JR;HENGELO OV;0164;HENGELO;Algemeen bijzonder;0880103600;www.destapsteen-attendiz.nl;3/4;SO ZMOK + VSO ZMOK + RP-SO ZMLK + RP-VSO ZMOK;Postbus;8105;7550 KC;HENGELO OV;22;Enschede;07;Twente;12;Twente;12;Twente;06;Twente;12;Twente;Noord
(V)SO;Overijssel;25859;00KM;00KM52;Panta Rhei College;Min De Savornin Lohmanln;58;7522 AR;ENSCHEDE;0153;ENSCHEDE;Algemeen bijzonder;0880103600;www.pantarheicollege-attendiz.nl;4;SO ZMOK + VSO ZMOK;Postbus;8105;7550 KC;HENGELO OV;22;Enschede;07;Twente;12;Twente;12;Twente;06;Twente;12;Twente;Noord
(V)SO;Overijssel;25859;00KM;00KM55;De Rietpluim;Speenkruidpad;2;7601 CT;ALMELO;0141;ALMELO;Algemeen bijzonder;0880103600;www.attendiz.nl;4;SO ZMOK + VSO ZMOK + RP-SO ZMOK + RP-VSO ZMOK;Postbus;8105;7550 KC;HENGELO OV;21;Almelo;07;Twente;12;Twente;12;Twente;06;Twente;12;Twente;Noord
(V)SO;Overijssel;25859;02GD;02GD00;Onderwijscentrum Het Roessingh;Roessinghsbleekweg;35;7522 AH;ENSCHEDE;0153;ENSCHEDE;Algemeen bijzonder;0534335512;www.ocr.nl;3/4;SO LG,MGF + VSO LG,MGF + RP-SO LG,MGF + RP-VSO LG,LZ/P,MGF;Postbus;1288;7500 BG;ENSCHEDE;22;Enschede;07;Twente;12;Twente;12;Twente;06;Twente;12;Twente;Noord
(V)SO;Overijssel;25859;02GD;02GD05;De Meander;Oldenzaalsestraat;134;7581 PW;LOSSER;0168;LOSSER;Algemeen bijzonder;0880103600;www.ocr.nl;3;SO LG,MGF + VSO LG,MGF + RP-SO LG + RP-VSO LG;Postbus;1288;7500 BG;ENSCHEDE;22;Enschede;07;Twente;12;Twente;12;Twente;06;Twente;12;Twente;Noord
(V)SO;Overijssel;25859;19LZ;19LZ00;SO De Huifkar;Roessinghsbleekweg;35;7522 AH;ENSCHEDE;0153;ENSCHEDE;Algemeen bijzonder;0534312148;www.dehuifkar-attendiz.nl;3;SO ZMLK + VSO ZMLK;Roessinghsbleekweg;35;7522 AH;ENSCHEDE;22;Enschede;07;Twente;12;Twente;12;Twente;06;Twente;12;Twente;Noord
(V)SO;Overijssel;25859;19LZ;19LZ02;Het Meerik VSO;Lijsterstraat;117;7523 ES;ENSCHEDE;0153;ENSCHEDE;Algemeen bijzonder;0880103600;www.hetmeerik-attendiz.nl;3;SO ZMLK + VSO ZMLK;Lijsterstraat;117;7523 ES;ENSCHEDE;22;Enschede;07;Twente;12;Twente;12;Twente;06;Twente;12;Twente;Noord
(V)SO;Overijssel;30117;26NC;26NC00;School voor SO/VSO;Willem Barentszstraat;72;8023 WS;ZWOLLE;0193;ZWOLLE;Reformatorisch;0384540642;www.so-zwolle.nl;3;SO ZMLK + VSO ZMLK;Willem Barentszstraat;72;8023 WS;ZWOLLE;18;Zwolle;06;IJssel en Vecht;10;IJssel-Vecht;10;Noord-Overijssel;05;Zwolle-Meppel en omstreken;10;IJssel-Vecht;Noord
(V)SO;Overijssel;40631;19SY;19SY00;De Linde so;Groenewold;188;7414 CK;DEVENTER;0150;DEVENTER;Openbaar;0570624700;Linde-deventer.nl;3;SO ZMLK + VSO ZMLK;Postbus;821;6800 AV;ARNHEM;20;Deventer;09;Stedendriehoek;11;Stedendriehoek;11;Zuidwest-Overijssel;07;Apeldoorn en midden-IJsselgebied;11;Stedendriehoek;Noord
(V)SO;Overijssel;40631;19SY;19SY01;De Linde VSO;Rubensstraat;6;7412 GZ;DEVENTER;0150;DEVENTER;Openbaar;0570672179;https://vso.linde-deventer.nl/;3;SO ZMLK + VSO ZMLK;Rubensstraat;6;7412 GZ;DEVENTER;20;Deventer;09;Stedendriehoek;11;Stedendriehoek;11;Zuidwest-Overijssel;07;Apeldoorn en midden-IJsselgebied;11;Stedendriehoek;Noord
(V)SO;Overijssel;40894;26NR;26NR00;SO de Zonnehof / VSO Hofplein;Hartkampweg;6;8101 ZW;RAALTE;0177;RAALTE;Rooms-Katholiek;0572362822;www.dezonnehof.net;3;SO ZMLK + VSO ZMLK;Hartkampweg;6;8101 ZW;RAALTE;20;Deventer;06;IJssel en Vecht;10;IJssel-Vecht;11;Zuidwest-Overijssel;07;Apeldoorn en midden-IJsselgebied;10;IJssel-Vecht;Noord
(V)SO;Overijssel;42623;02YN;02YN00;de Ambelt;Herfterlaan;39;8026 RC;ZWOLLE;0193;ZWOLLE;Openbaar;0384542223;www.ambelt.nl;4;SO LZ/P + VSO LZ/P + RP-SO LZ/P + RP-VSO LZ/P;Postbus;55;8000 AB;ZWOLLE;18;Zwolle;06;IJssel en Vecht;10;IJssel-Vecht;10;Noord-Overijssel;05;Zwolle-Meppel en omstreken;10;IJssel-Vecht;Noord
(V)SO;Overijssel;42623;02YN;02YN21;de Ambelt;Dokter Hengeveldweg;6;8025 AK;ZWOLLE;0193;ZWOLLE;Algemeen bijzonder;0384542223;www.ambelt.nl;4;SO LZ/P + VSO LZ/P + RP-VSO LZ/P;Postbus;55;8000 AB;ZWOLLE;18;Zwolle;06;IJssel en Vecht;10;IJssel-Vecht;10;Noord-Overijssel;05;Zwolle-Meppel en omstreken;10;IJssel-Vecht;Noord
(V)SO;Overijssel;42623;02YN;02YN23;de Ambelt;Bagijnesingel;6;8021 AE;ZWOLLE;0193;ZWOLLE;Algemeen bijzonder;0388503900;www.ambelt.nl;4;SO LZ/P + VSO LZ/P + RP-VSO LZ/P;Postbus;55;8000 AB;ZWOLLE;18;Zwolle;06;IJssel en Vecht;10;IJssel-Vecht;10;Noord-Overijssel;05;Zwolle-Meppel en omstreken;10;IJssel-Vecht;Noord
(V)SO;Overijssel;42623;02YN;02YN29;de Ambelt;Dokter Hengeveldweg;9;8025 AK;ZWOLLE;0193;ZWOLLE;Algemeen bijzonder;0384542223;www.ambelt.nl;4;SO LZ/P + VSO LZ/P + RP-VSO LZ/P;Postbus;55;8000 AB;ZWOLLE;18;Zwolle;06;IJssel en Vecht;10;IJssel-Vecht;10;Noord-Overijssel;05;Zwolle-Meppel en omstreken;10;IJssel-Vecht;Noord
(V)SO;Overijssel;42623;02YN;02YN32;de Ambelt;Piet Heinstraat;3;7772 ZJ;HARDENBERG;0160;HARDENBERG;Algemeen bijzonder;0523216282;www.ambelt.nl;4;SO LZ/P + VSO LZ/P;Postbus;55;8000 AB;ZWOLLE;19;Hardenberg/Gramsbergen;06;IJssel en Vecht;10;IJssel-Vecht;10;Noord-Overijssel;04;Assen-Hoogeveen-Emmen;10;IJssel-Vecht;Noord
(V)SO;Overijssel;42623;02YN;02YN33;Ambelt VSO AMG;Herfterlaan;39-F;8026 RC;ZWOLLE;0193;ZWOLLE;Algemeen bijzonder; ;www.ambelt.nl;4;SO LZ/P + VSO LZ/P + RP-SO LZ/P + RP-VSO LZ/P;Postbus;55;8000 AB;ZWOLLE;18;Zwolle;06;IJssel en Vecht;10;IJssel-Vecht;10;Noord-Overijssel;05;Zwolle-Meppel en omstreken;10;IJssel-Vecht;Noord
(V)SO;Overijssel;42623;02YN;02YN35;De Ambelt VSO Ondersteuningsafdeling;Herfterlaan;39-H;8026 RC;ZWOLLE;0193;ZWOLLE;Openbaar; ; ;4;SO LZ/P + VSO LZ/P;Herfterlaan;39-H;8026 RC;ZWOLLE;18;Zwolle;06;IJssel en Vecht;10;IJssel-Vecht;10;Noord-Overijssel;05;Zwolle-Meppel en omstreken;10;IJssel-Vecht;Noord
(V)SO;Overijssel;42623;19QK;19QK00;De Twijn/Dr Itardschool;Dokter Hengeveldweg;2;8025 AK;ZWOLLE;0193;ZWOLLE;Openbaar;0384535506; ;3;SO ZMLK + VSO ZMLK + RP-VSO ZMLK;Postbus;30190;8003 CD;ZWOLLE;18;Zwolle;06;IJssel en Vecht;10;IJssel-Vecht;10;Noord-Overijssel;05;Zwolle-Meppel en omstreken;10;IJssel-Vecht;Noord
(V)SO;Overijssel;42623;19VD;19VD00;De Twijn/De Driemaster;Boterdiep;5;8032 XW;ZWOLLE;0193;ZWOLLE;Openbaar;0384535506; ;3;SO LG,MGF + VSO LG,MGF + RP-SO LG,MGF + RP-VSO LG,MGF;Postbus;30190;8003 CD;ZWOLLE;18;Zwolle;06;IJssel en Vecht;10;IJssel-Vecht;10;Noord-Overijssel;05;Zwolle-Meppel en omstreken;10;IJssel-Vecht;Noord
(V)SO;Overijssel;42623;19VD;19VD05;De Twijn/De Driemaster;Violierenstraat;42;8013 TV;ZWOLLE;0193;ZWOLLE;Openbaar; ; ;3;SO LG,MGF + VSO LG,MGF;Violierenstraat;42;8013 TV;ZWOLLE;18;Zwolle;06;IJssel en Vecht;10;IJssel-Vecht;10;Noord-Overijssel;05;Zwolle-Meppel en omstreken;10;IJssel-Vecht;Noord
(V)SO;Overijssel;42623;19VD;19VD06;de Twijn;Sleedoornstraat;1;8013 XE;ZWOLLE;0193;ZWOLLE;Openbaar; ; ;3;SO LG,MGF + VSO LG,MGF;Sleedoornstraat;1;8013 XE;ZWOLLE;18;Zwolle;06;IJssel en Vecht;10;IJssel-Vecht;10;Noord-Overijssel;05;Zwolle-Meppel en omstreken;10;IJssel-Vecht;Noord
(V)SO;Overijssel;54679;17GW;17GW02;Kentalis Enkschool Zwolle;Jan Buschstraat;6;8022 DZ;ZWOLLE;0193;ZWOLLE;Algemeen bijzonder;0384554400;https://www.kentalis.nl/onze-scholen;2;SO DOBLN,DOVN,ESM,MGA,MGB,SH + VSO DOBLN,DOVN,MGA,MGB,SH;Jan Buschstraat;6;8022 DZ;ZWOLLE;18;Zwolle;06;IJssel en Vecht;10;IJssel-Vecht;10;Noord-Overijssel;05;Zwolle-Meppel en omstreken;10;IJssel-Vecht;Noord
(V)SO;Overijssel;54679;17GW;17GW03;Kentalis Enkschool Kampen;Marinus Postlaan;1-B;8264 PB;KAMPEN;0166;KAMPEN;Algemeen bijzonder;0384554400;https://www.kentalis.nl/onze-scholen;2;SO DOBLN,DOVN,ESM,MGA,MGB,SH + VSO DOBLN,DOVN,MGA,MGB,SH;Jan Buschstraat;6;8022 DZ;ZWOLLE;18;Zwolle;06;IJssel en Vecht;10;IJssel-Vecht;10;Noord-Overijssel;05;Zwolle-Meppel en omstreken;10;IJssel-Vecht;Noord
(V)SO;Overijssel;54679;17GW;17GW36;Kentalis College Zwolle;Russenweg;3;8041 AL;ZWOLLE;0193;ZWOLLE;Rooms-Katholiek; ;https://www.kentalis.nl/onze-scholen;2;SO DOBLN,DOVN,ESM,MGA,MGB,SH + VSO DOBLN,DOVN,MGA,MGB,SH;Jan Buschstraat;6;8022 DZ;ZWOLLE;18;Zwolle;06;IJssel en Vecht;10;IJssel-Vecht;10;Noord-Overijssel;05;Zwolle-Meppel en omstreken;10;IJssel-Vecht;Noord
(V)SO;Overijssel;62181;06RJ;06RJ00;Boslust Christelijke School voor Zeer Moeilijk Lerende Kinderen;Jhr.Repelaerlaan;2;7731 AN;OMMEN;0175;OMMEN;Protestants-Christelijk;0529769053;www.boslustschool.nl;3;SO ZMLK + VSO ZMLK;Jhr.Repelaerlaan;2;7731 AN;OMMEN;18;Zwolle;06;IJssel en Vecht;10;IJssel-Vecht;10;Noord-Overijssel;05;Zwolle-Meppel en omstreken;10;IJssel-Vecht;Noord
(V)SO;Overijssel;62181;06RJ;06RJ01;Structuurgroepen;Coevorderweg;20;7737 PG;STEGEREN;0175;OMMEN;Protestants-Christelijk; ; ;3;SO ZMLK + VSO ZMLK;Coevorderweg;20;7737 PG;STEGEREN;18;Zwolle;06;IJssel en Vecht;10;IJssel-Vecht;10;Noord-Overijssel;05;Zwolle-Meppel en omstreken;10;IJssel-Vecht;Noord
(V)SO;Overijssel;83189;01CN;01CN00;'t Iemenschoer;Ruijsdaelstraat;49;7556 WS;HENGELO OV;0164;HENGELO;Algemeen bijzonder;0742918727;www.iemenschoer.nl;3;SO ZMLK + VSO ZMLK;Ruijsdaelstraat;49;7556 WS;HENGELO OV;22;Enschede;07;Twente;12;Twente;12;Twente;06;Twente;12;Twente;Noord
(V)SO;Overijssel;83189;08PQ;08PQ00;Elimschool voor Speciaal Onderwijs;Luttenbergerweg;11;7447 PB;HELLENDOORN;0163;HELLENDOORN;Interconfessioneel;0545272259;www.elimschool.nl;4;SO LZ/P + VSO LZ/P + RP-SO LZ/P + RP-VSO LZ/P;Luttenbergerweg;11;7447 PB;HELLENDOORN;21;Almelo;07;Twente;12;Twente;12;Twente;06;Twente;12;Twente;Noord
(V)SO;Overijssel;83189;08PQ;08PQ03;Elimschool voor Speciaal Onderwijs;Vriezenveenseweg;229;7602 PT;ALMELO;0141;ALMELO;Interconfessioneel;0545272259;www.so-dewissel.nl;4;SO LZ/P + VSO LZ/P + RP-SO LZ/P;Vriezenveenseweg;229;7602 PT;ALMELO;21;Almelo;07;Twente;12;Twente;12;Twente;06;Twente;12;Twente;Noord
(V)SO;Overijssel;83189;19QO;19QO00;Dr Herderscheeschool;Schapendijk;3;7608 LV;ALMELO;0141;ALMELO;Algemeen bijzonder;0545272259;www.herderschee.nl;3;SO ZMLK + VSO ZMLK;Schapendijk;3;7608 LV;ALMELO;21;Almelo;07;Twente;12;Twente;12;Twente;06;Twente;12;Twente;Noord
(V)SO;Overijssel;86971;05PZ;05PZ00;Fyr College;Marinus Postlaan;1-A;8264 PB;KAMPEN;0166;KAMPEN;Protestants-Christelijk;0383312427;www.sokampen.nl;3;SO ZMLK + VSO ZMLK;Marinus Postlaan;1-A;8264 PB;KAMPEN;18;Zwolle;06;IJssel en Vecht;10;IJssel-Vecht;10;Noord-Overijssel;05;Zwolle-Meppel en omstreken;10;IJssel-Vecht;Noord
(V)SO;Utrecht;21712;02AC;02AC00;Beekdal VSO;Heiligenbergerweg;185;3816 AJ;AMERSFOORT;0307;AMERSFOORT;Protestants-Christelijk;0850660700;www.shlonderwijs.nl;3;SO ZMLK + VSO ZMLK;Heiligenbergerweg;185;3816 AJ;AMERSFOORT;35;Amersfoort;17;Eemland;16;Eem en Vallei;17;Utrecht;10;Harderwijk-Amersfoort;16;Eem en Vallei;Midden
(V)SO;Utrecht;40631;14NA;14NA00;De Blink;David Tenierslaan;8;3904 ZA;VEENENDAAL;0345;VEENENDAAL;Protestants-Christelijk;0263537480;www.blink-veenendaal.nl;3;SO ZMLK + VSO ZMLK;Postbus;821;6800 AV;ARNHEM;34;Veenendaal;10;De Vallei;16;Eem en Vallei;17;Utrecht;13;Utrecht en omstreken;16;Eem en Vallei;Midden
(V)SO;Utrecht;41208;16OJ;16OJ00;Axia College;Hanzeboulevard;40;3825 PH;AMERSFOORT;0307;AMERSFOORT;Openbaar;0334892020;www.axiacollege.nl;4;SO ZMOK + VSO ZMOK + RP-SO ZMOK + RP-VSO ZMOK;Hanzeboulevard;40;3825 PH;AMERSFOORT;35;Amersfoort;17;Eemland;16;Eem en Vallei;17;Utrecht;10;Harderwijk-Amersfoort;16;Eem en Vallei;Midden
(V)SO;Utrecht;41208;16OJ;16OJ03;Axia College bovenbouw mavo, havo, vwo;Hanzeboulevard;40;3825 PH;AMERSFOORT;0307;AMERSFOORT;Openbaar;0334701008;www.mulockhouwer.nl/de-tinne;4;SO ZMOK + VSO ZMOK;Hanzeboulevard;40;3825 PH;AMERSFOORT;35;Amersfoort;17;Eemland;16;Eem en Vallei;17;Utrecht;10;Harderwijk-Amersfoort;16;Eem en Vallei;Midden
(V)SO;Utrecht;41208;16OJ;16OJ05;Axia College;Hanzeboulevard;40;3825 PH;AMERSFOORT;0307;AMERSFOORT;Openbaar; ; ;4;SO ZMOK + VSO ZMOK;Hanzeboulevard;40;3825 PH;AMERSFOORT;35;Amersfoort;17;Eemland;16;Eem en Vallei;17;Utrecht;10;Harderwijk-Amersfoort;16;Eem en Vallei;Midden
(V)SO;Utrecht;41314;01JO;01JO12;Auris Rotsoord;Rotsoord;36;3523 CL;UTRECHT;0344;UTRECHT;Algemeen bijzonder;0302621227;http://www.aurisrotsoord.nl;2;SO DOBLN,DOVN,ESM,MGA,MGB,SH + VSO DOBLN,DOVN,MGA,MGB,SH;Postbus;3192;3003 AD;ROTTERDAM;36;Utrecht;18;Utrecht-Midden;19;Utrecht;17;Utrecht;13;Utrecht en omstreken;19;Utrecht;Midden
(V)SO;Utrecht;41388;02YT;02YT00;(College) Ariane de Ranitz;Blauwe-Vogelweg;11;3585 LK;UTRECHT;0344;UTRECHT;Algemeen bijzonder;0302529393;www.dekleineprins.nl;3;SO LG,MGF + VSO LG + RP-SO LG,MGF + RP-VSO LG;Blauwe-Vogelweg;11;3585 LK;UTRECHT;36;Utrecht;18;Utrecht-Midden;19;Utrecht;17;Utrecht;13;Utrecht en omstreken;19;Utrecht;Midden
(V)SO;Utrecht;41388;02YT;02YT04;Mensura College;Notebomenlaan;400;3582 CN;UTRECHT;0344;UTRECHT;Algemeen bijzonder; ; ;3;SO LG,MGF + VSO LG;Notebomenlaan;400;3582 CN;UTRECHT;36;Utrecht;18;Utrecht-Midden;19;Utrecht;17;Utrecht;13;Utrecht en omstreken;19;Utrecht;Midden
(V)SO;Utrecht;41400;00PQ;00PQ00;SO Fier / Kromme Rijn College;Winklerlaan;79;3571 KL;UTRECHT;0344;UTRECHT;Openbaar;0308505685;www.sofier.nl;4;SO ZMOK + VSO ZMOK + RP-SO ZMOK + RP-VSO ZMOK;Winklerlaan;79;3571 KL;UTRECHT;36;Utrecht;18;Utrecht-Midden;19;Utrecht;17;Utrecht;13;Utrecht en omstreken;19;Utrecht;Midden
(V)SO;Utrecht;41400;26LF;26LF00;SO Lux;Stauntonstraat;9;3554 EZ;UTRECHT;0344;UTRECHT;Openbaar;0302230113;www.so-lux.nl;3;SO ZMLK + VSO ZMLK;Stauntonstraat;9;3554 EZ;UTRECHT;36;Utrecht;18;Utrecht-Midden;19;Utrecht;17;Utrecht;13;Utrecht en omstreken;19;Utrecht;Midden
(V)SO;Utrecht;41496;19TJ;19TJ00;WereldKidz Meerklank;Laan van Eikenstein;2;3705 AR;ZEIST;0355;ZEIST;Openbaar;0306919783;meerklank.wereldkidz.nl;3;SO ZMLK + VSO ZMLK;Laan van Eikenstein;2;3705 AR;ZEIST;36;Utrecht;18;Utrecht-Midden;19;Utrecht;17;Utrecht;13;Utrecht en omstreken;19;Utrecht;Midden
(V)SO;Utrecht;41514;19SU;19SU00;De Klimboom;Heiligenbergerweg;185;3816 AJ;AMERSFOORT;0307;AMERSFOORT;Openbaar;0850660700;www.klimboomamersfoort.nl;3;SO ZMLK + VSO ZMLK;Heiligenbergerweg;185;3816 AJ;AMERSFOORT;35;Amersfoort;17;Eemland;16;Eem en Vallei;17;Utrecht;10;Harderwijk-Amersfoort;16;Eem en Vallei;Midden
(V)SO;Utrecht;41514;19SU;19SU02;Plevier;Lageweg;4;3815 VG;AMERSFOORT;0307;AMERSFOORT;Openbaar;0334634834;www.plevieramersfoort.nl;4;SO ZMOK + VSO ZMOK;Lageweg;4;3815 VG;AMERSFOORT;35;Amersfoort;17;Eemland;16;Eem en Vallei;17;Utrecht;10;Harderwijk-Amersfoort;16;Eem en Vallei;Midden
(V)SO;Utrecht;41514;19SU;19SU03;Dr. A. v. Voorthuysenschool;Lageweg;8;3815 VG;AMERSFOORT;0307;AMERSFOORT;Openbaar; ; ;4;SO ZMOK + VSO ZMOK;Lageweg;8;3815 VG;AMERSFOORT;35;Amersfoort;17;Eemland;16;Eem en Vallei;17;Utrecht;10;Harderwijk-Amersfoort;16;Eem en Vallei;Midden
(V)SO;Utrecht;41514;19SU;19SU04;De Kolibrie;Hellingweg;1;3762 CP;SOEST;0342;SOEST;Openbaar;0352002303;www.kolibriesoest.nl;4;SO ZMOK + VSO ZMOK;Hellingweg;1;3762 CP;SOEST;35;Amersfoort;17;Eemland;16;Eem en Vallei;17;Utrecht;10;Harderwijk-Amersfoort;16;Eem en Vallei;Midden
(V)SO;Utrecht;41879;02RF;02RF00;Berg en Bosch Onderwijs;Professor Bronkhorstlaan;22;3723 MB;BILTHOVEN;0310;DE BILT;Algemeen bijzonder;0302287620;www.bergenbosch-school.nl;4;SO LZ/P + VSO LZ/P + RP-SO LZ/P;Professor Bronkhorstlaan;22;3723 MB;BILTHOVEN;36;Utrecht;18;Utrecht-Midden;19;Utrecht;17;Utrecht;13;Utrecht en omstreken;19;Utrecht;Midden
(V)SO;Utrecht;41879;02RF;02RF01;Berg en Boschschool;Handboog;4;3994 AD;HOUTEN;0321;HOUTEN;Algemeen bijzonder;0302287620;www.bergebosch-school.nl;4;SO LZ/P + VSO LZ/P + RP-SO LZ/P;Professor Bronkhorstlaan;22;3723 MB;BILTHOVEN;36;Utrecht;18;Utrecht-Midden;19;Utrecht;17;Utrecht;13;Utrecht en omstreken;19;Utrecht;Midden
(V)SO;Utrecht;41879;02RF;02RF03;Berg en Bosch College Houten;Handboog;4;3994 AD;HOUTEN;0321;HOUTEN;Algemeen bijzonder; ; ;4;SO LZ/P + VSO LZ/P;Handboog;4;3994 AD;HOUTEN;36;Utrecht;18;Utrecht-Midden;19;Utrecht;17;Utrecht;13;Utrecht en omstreken;19;Utrecht;Midden
(V)SO;Utrecht;41879;02RF;02RF04;Berg en Bosch College Bilthoven;Professor Bronkhorstlaan;22;3723 MB;BILTHOVEN;0310;DE BILT;Algemeen bijzonder; ; ;4;SO LZ/P + VSO LZ/P;Professor Bronkhorstlaan;22;3723 MB;BILTHOVEN;36;Utrecht;18;Utrecht-Midden;19;Utrecht;17;Utrecht;13;Utrecht en omstreken;19;Utrecht;Midden
(V)SO;Utrecht;42631;23GL;23GL00;Stichting Verderwijs;Noordweg;12;3704 GN;ZEIST;0355;ZEIST;Algemeen bijzonder;0303203220;www.verderwijs.nl;4;SO LZ/P + VSO LZ/P + RP-SO LZ/P + RP-VSO LZ/P;Noordweg;12;3704 GN;ZEIST;36;Utrecht;18;Utrecht-Midden;19;Utrecht;17;Utrecht;13;Utrecht en omstreken;19;Utrecht;Midden
(V)SO;Utrecht;42747;25GR;25GR00;Bartimeus OWI voor Visueel Gehandicapte Leerlingen;Van Renesselaan;30-A;3703 AJ;ZEIST;0355;ZEIST;Protestants-Christelijk;0306982216;www.bartimeus.nl;1;SO MGDV,VGK + VSO MGDV,VGK;Postbus;1003;3700 BA;ZEIST;36;Utrecht;18;Utrecht-Midden;19;Utrecht;17;Utrecht;13;Utrecht en omstreken;19;Utrecht;Midden
(V)SO;Utrecht;42747;25GR;25GR01;Bartimeus OWI voor Visueel Gehandicapte Leerlingen;Oude Arnhemse Bovenweg;3;3941 XM;DOORN;1581;UTRECHTSE HEUVELRUG;Protestants-Christelijk;0343526575; ;1;SO MGDV,VGK + VSO MGDV,VGK;Postbus;340;3940 AH;DOORN;36;Utrecht;18;Utrecht-Midden;19;Utrecht;17;Utrecht;13;Utrecht en omstreken;19;Utrecht;Midden
(V)SO;Utrecht;54679;17GW;17GW05;Kentalis College Utrecht;Slotlaan;37;3523 HB;UTRECHT;0344;UTRECHT;Protestants-Christelijk;0302888747;https://www.kentalis.nl/onze-scholen;2;SO DOBLN,DOVN,ESM,MGA,MGB,SH + VSO DOBLN,DOVN,MGA,MGB,SH;Slotlaan;37;3523 HB;UTRECHT;36;Utrecht;18;Utrecht-Midden;19;Utrecht;17;Utrecht;13;Utrecht en omstreken;19;Utrecht;Midden
(V)SO;Utrecht;77195;00VV;00VV00;Prof Fritz Redlschool voor Langdurig Zieke Kinderen;Heidelberglaan;100;3584 CX;UTRECHT;0344;UTRECHT;Algemeen bijzonder;0307440780;www.redl.nl;4;SO LZ/P + VSO LZ/P + RP-SO LZ/P + RP-VSO LZ/P;Postbus;85500;3508 GA;UTRECHT;36;Utrecht;18;Utrecht-Midden;19;Utrecht;17;Utrecht;13;Utrecht en omstreken;19;Utrecht;Midden
(V)SO;Zeeland;40876;00OJ;00OJ00;Klimopschool;Grevelingenstraat;10;4335 XG;MIDDELBURG;0687;MIDDELBURG;Algemeen bijzonder;0118612668;https://www.klimopschool.nl/;3;SO ZMLK + VSO ZMLK;Postbus;455;4330 AL;MIDDELBURG;59;Middelburg;24;Zeeland;32;Walcheren;32;Overig Zeeland;19;Zeeland;32;Walcheren;Zuid
(V)SO;Zeeland;40876;00OJ;00OJ01;Klimopschool VSO;Korczakstraat;1;4335 ER;MIDDELBURG;0687;MIDDELBURG;Algemeen bijzonder;0118633332; ;3;SO ZMLK + VSO ZMLK;Korczakstraat;1;4335 ER;MIDDELBURG;59;Middelburg;24;Zeeland;32;Walcheren;32;Overig Zeeland;19;Zeeland;32;Walcheren;Zuid
(V)SO;Zeeland;40876;02CK;02CK00;De Sprienke;Vivaldipad;1;4462 JA;GOES;0664;GOES;Algemeen bijzonder;0113229150;https://www.desprienke.nl/;3;SO LG,MGF + VSO LG;Vivaldipad;1;4462 JA;GOES;60;Goes;24;Zeeland;31;Oosterschelde regio;32;Overig Zeeland;19;Zeeland;31;Oosterschelde Regio;Zuid
(V)SO;Zeeland;40876;04EY;04EY00;Asteria College;Korczakstraat;1;4335 ER;MIDDELBURG;0687;MIDDELBURG;Algemeen bijzonder;0118633332;https://www.asteriacollege.nl/;4;SO ZMOK + VSO ZMOK + RP-SO ZMOK + RP-VSO ZMOK;Postbus;313;4330 AH;MIDDELBURG;59;Middelburg;24;Zeeland;32;Walcheren;32;Overig Zeeland;19;Zeeland;32;Walcheren;Zuid
(V)SO;Zeeland;40876;04EY;04EY08;De Argo, hoofdlocatie;Evertsenlaan;84;4535 AD;TERNEUZEN;0715;TERNEUZEN;Algemeen bijzonder;0115724990;https://www.deargo.nl/;4;SO ZMOK + VSO ZMOK;Evertsenlaan;84;4535 AD;TERNEUZEN;62;Terneuzen;24;Zeeland;33;Zeeuwsch-Vlaanderen;31;Zeeuwsch-Vlaanderen;19;Zeeland;33;Zeeuws-Vlaanderen;Zuid
(V)SO;Zeeland;40876;04EY;04EY09;OdyZee, hoofdlocatie Kloetinge;Oostmolenweg;81;4481 PM;KLOETINGE;0664;GOES;Algemeen bijzonder;0113267900;https://www.odyzee.nl/;4;SO ZMOK + VSO ZMOK + RP-SO ZMOK + RP-VSO ZMOK;Postbus;253;4460 AR;GOES;60;Goes;24;Zeeland;31;Oosterschelde regio;32;Overig Zeeland;19;Zeeland;31;Oosterschelde Regio;Zuid
(V)SO;Zeeland;40876;04EY;04EY10;De Argo, locatie Goes;Industriestraat;3;4462 EZ;GOES;0664;GOES;Algemeen bijzonder;0113222326;www.deargogoes.nl;4;SO ZMOK + VSO ZMOK + RP-SO ZMOK + RP-VSO ZMOK;Industriestraat;3;4462 EZ;GOES;60;Goes;24;Zeeland;31;Oosterschelde regio;32;Overig Zeeland;19;Zeeland;31;Oosterschelde Regio;Zuid
(V)SO;Zeeland;40876;04EY;04EY11;OdyZee College, locatie Vlissingen;De Savornin Lohmanlaan;58;4384 KS;VLISSINGEN;0718;VLISSINGEN;Algemeen bijzonder;0113267900;https://www.odyzee.nl/;4;SO ZMOK + VSO ZMOK;Postbus;253;4460 AR;GOES;59;Middelburg;24;Zeeland;32;Walcheren;32;Overig Zeeland;19;Zeeland;32;Walcheren;Zuid
(V)SO;Zeeland;40876;04EY;04EY12;Keurhove;Merwedestraat;2;4335 XR;MIDDELBURG;0687;MIDDELBURG;Algemeen bijzonder;0118674573;https://www.keurhove.nl/;4;SO ZMOK + VSO ZMOK;Grevelingenstraat;8;4335 XG;MIDDELBURG;59;Middelburg;24;Zeeland;32;Walcheren;32;Overig Zeeland;19;Zeeland;32;Walcheren;Zuid
(V)SO;Zeeland;40876;04EY;04EY14;De Argo, locatie Lodewijk College Oude Vaart;Oude Vaart;1;4537 CD;TERNEUZEN;0715;TERNEUZEN;Algemeen bijzonder;0115724990;https://www.deargo.nl/;4;SO ZMOK + VSO ZMOK;Evertsenlaan;84;4535 AD;TERNEUZEN;62;Terneuzen;24;Zeeland;33;Zeeuwsch-Vlaanderen;31;Zeeuwsch-Vlaanderen;19;Zeeland;33;Zeeuws-Vlaanderen;Zuid
(V)SO;Zeeland;40876;04EY;04EY15;OdyZee College, locatie Goes;Bergweg;6;4461 NB;GOES;0664;GOES;Algemeen bijzonder;0113267900;https://www.odyzee.nl/;4;SO ZMOK + VSO ZMOK;Postbus;253;4460 AR;GOES;60;Goes;24;Zeeland;31;Oosterschelde regio;32;Overig Zeeland;19;Zeeland;31;Oosterschelde Regio;Zuid
(V)SO;Zeeland;40876;04EY;04EY16;De Argo, locatie Reijnaertcollege;Zoutestraat;61-A;4561 XA;HULST;0677;HULST;Algemeen bijzonder;0115724990;https://www.deargo.nl/;4;SO ZMOK + VSO ZMOK;Evertsenlaan;84;4535 AD;TERNEUZEN;63;Hulst;24;Zeeland;33;Zeeuwsch-Vlaanderen;31;Zeeuwsch-Vlaanderen;19;Zeeland;33;Zeeuws-Vlaanderen;Zuid
(V)SO;Zeeland;40876;04EY;04EY17;De Argo, locatie Lodewijk College Zeldenrustlaan;Zeldenrustlaan;2;4535 GZ;TERNEUZEN;0715;TERNEUZEN;Algemeen bijzonder; ;https://www.deargo.nl/;4;SO ZMOK + VSO ZMOK;Zeldenrustlaan;2;4535 GZ;TERNEUZEN;62;Terneuzen;24;Zeeland;33;Zeeuwsch-Vlaanderen;31;Zeeuwsch-Vlaanderen;19;Zeeland;33;Zeeuws-Vlaanderen;Zuid
(V)SO;Zeeland;40876;05HS;05HS00;De Regenboog- De Wingerd;Madame Curiestraat;25;4532 LJ;TERNEUZEN;0715;TERNEUZEN;Algemeen bijzonder;0115620065;https://www.deregenboog-dewingerd.nl;3;SO ZMLK + VSO ZMLK;Madame Curiestraat;25;4532 LJ;TERNEUZEN;62;Terneuzen;24;Zeeland;33;Zeeuwsch-Vlaanderen;31;Zeeuwsch-Vlaanderen;19;Zeeland;33;Zeeuws-Vlaanderen;Zuid
(V)SO;Zeeland;40876;14PR;14PR00;Deltaschool;Evertsenstraat;100;4461 XS;GOES;0664;GOES;Algemeen bijzonder;0113228864;https://dedeltaschool.nl/;3;SO ZMLK + VSO ZMLK;Evertsenstraat;100;4461 XS;GOES;60;Goes;24;Zeeland;31;Oosterschelde regio;32;Overig Zeeland;19;Zeeland;31;Oosterschelde Regio;Zuid
(V)SO;Zeeland;41314;01JO;01JO02;Auris De Kring;Tiendendreef;5;4461 DS;GOES;0664;GOES;Algemeen bijzonder;0113213407;www.dekringgoes.nl;2;SO DOBLN,DOVN,ESM,MGA,MGB,SH + VSO DOBLN,DOVN,MGA,MGB,SH;Postbus;3192;3003 AD;ROTTERDAM;60;Goes;24;Zeeland;31;Oosterschelde regio;32;Overig Zeeland;19;Zeeland;31;Oosterschelde Regio;Zuid
(V)SO;Zeeland;41314;01JO;01JO23;Scalda Auris Tussenvoorziening;Tiendendreef;5;4461 DS;GOES;0664;GOES;Algemeen bijzonder;0113217148; ;2;SO DOBLN,DOVN,ESM,MGA,MGB,SH + VSO DOBLN,DOVN,MGA,MGB,SH;Postbus;3192;3003 AD;ROTTERDAM;60;Goes;24;Zeeland;31;Oosterschelde regio;32;Overig Zeeland;19;Zeeland;31;Oosterschelde Regio;Zuid
(V)SO;Zeeland;84151;26NE;26NE00;Meander Onderwijs - afdeling (V)SO;Coxstraat;9;4421 DC;KAPELLE;0678;KAPELLE;Reformatorisch;0113330087;www.meanderonderwijs.nl;3;SO ZMLK + VSO ZMLK;Postbus;99;4420 AC;KAPELLE;60;Goes;24;Zeeland;31;Oosterschelde regio;32;Overig Zeeland;19;Zeeland;31;Oosterschelde Regio;Zuid
(V)SO;Zeeland;84151;26NE;26NE01;Meander Onderwijs - afdeling (V)SO dependance;van der Biltlaan;34;4421 BC;KAPELLE;0678;KAPELLE;Reformatorisch;0113330087;www.meanderonderwijs.nl;3;SO ZMLK + VSO ZMLK; ; ; ; ;60;Goes;24;Zeeland;31;Oosterschelde regio;32;Overig Zeeland;19;Zeeland;31;Oosterschelde Regio;Zuid
(V)SO;Zuid-Holland;20151;02XM;02XM00;VSO Op Zuid;Pythagorasweg;80;3076 AJ;ROTTERDAM;0599;ROTTERDAM;Protestants-Christelijk;0102930808;www.accent-vso.nl/scholen/op-zuid/;3;SO ZMLK + VSO ZMLK;Pythagorasweg;80;3076 AJ;ROTTERDAM;54;Rotterdam;23;Rijnmond;29;Rijnmond;29;Groot-Rijnmond;17;Rijnmond groot;29;Rijnmond;Midden
(V)SO;Zuid-Holland;20151;02XM;02XM02;Op Noord;Erasmussingel;120;3051 XC;ROTTERDAM;0599;ROTTERDAM;Protestants-Christelijk; ; ;3;SO ZMLK + VSO ZMLK;Erasmussingel;120;3051 XC;ROTTERDAM;54;Rotterdam;23;Rijnmond;29;Rijnmond;29;Groot-Rijnmond;17;Rijnmond groot;29;Rijnmond;Midden
(V)SO;Zuid-Holland;20281;01OY;01OY00;Kraaienest;Voorstraat;27;2631 KD;NOOTDORP;1926;PIJNACKER-NOOTDORP;Algemeen bijzonder;0153109967;www.tkraaienest.nl;3;SO ZMLK + VSO ZMLK;Postbus;15;2630 AA;NOOTDORP;49;'s-Gravenhage;22;Haaglanden;28;Haaglanden;26;Agglomeratie 's-Gravenhage;16;Noord-Zuid-Holland;28;Haaglanden/Westland;Midden
(V)SO;Zuid-Holland;20281;02DE;02DE00;Bernardusschool;Ruychrocklaan;340;2597 EE;'S-GRAVENHAGE;0518;S GRAVENHAGE;Rooms-Katholiek;0703241556;www.nldata.nl/bernardusschool;3;SO ZMLK + VSO ZMLK;Ruychrocklaan;340;2597 EE;'S-GRAVENHAGE;49;'s-Gravenhage;22;Haaglanden;28;Haaglanden;26;Agglomeratie 's-Gravenhage;16;Noord-Zuid-Holland;28;Haaglanden/Westland;Midden
(V)SO;Zuid-Holland;20281;02DE;02DE01;Bernardusschool;Theo Mann-Bouwmeesterln;63;2597 GV;'S-GRAVENHAGE;0518;S GRAVENHAGE;Rooms-Katholiek; ; ;3;SO ZMLK + VSO MGF,ZMLK;Theo Mann-Bouwmeesterln;63;2597 GV;'S-GRAVENHAGE;49;'s-Gravenhage;22;Haaglanden;28;Haaglanden;26;Agglomeratie 's-Gravenhage;16;Noord-Zuid-Holland;28;Haaglanden/Westland;Midden
(V)SO;Zuid-Holland;21679;20WR;20WR09;Cor Emousschool;Van Ruysbroekstraat;5;2531 TG;'S-GRAVENHAGE;0518;S GRAVENHAGE;Openbaar;0703948994;www.cor-emousschool.nl;2;SO DOBLN,DOVN,ESM,MGA,MGB,SH + VSO DOBLN,DOVN,MGA,MGB,SH;Van Ruysbroekstraat;5;2531 TG;'S-GRAVENHAGE;49;'s-Gravenhage;22;Haaglanden;28;Haaglanden;26;Agglomeratie 's-Gravenhage;16;Noord-Zuid-Holland;28;Haaglanden/Westland;Midden
(V)SO;Zuid-Holland;21679;20WR;20WR12;VierTaal College Den Haag;Steenwijklaan;30;2541 RL;'S-GRAVENHAGE;0518;S GRAVENHAGE;Openbaar; ;www.viertaalcollege-denhaag.nl;2;SO DOBLN,DOVN,ESM,MGA,MGB,SH + VSO DOBLN,DOVN,MGA,MGB,SH;Steenwijklaan;30;2541 RL;'S-GRAVENHAGE;49;'s-Gravenhage;22;Haaglanden;28;Haaglanden;26;Agglomeratie 's-Gravenhage;16;Noord-Zuid-Holland;28;Haaglanden/Westland;Midden
(V)SO;Zuid-Holland;30968;00NT;00NT00;Leo Kannerschool SO;Endegeesterstraatweg;26;2342 AK;OEGSTGEEST;0579;OEGSTGEEST;Algemeen bijzonder;0715150599;www.leokanner.nl;4;SO ZMOK + VSO ZMOK + RP-SO ZMOK + RP-VSO ZMOK;Elisabethhof;17;2353 EW;LEIDERDORP;46;Leiden;21;Rijn-Gouwe;26;Zuid-Holland-Noord;25;Agglomeratie Leiden en Bollenstreek;16;Noord-Zuid-Holland;26;Zuid-Holland-Noord;Midden
(V)SO;Zuid-Holland;30968;00NT;00NT01;De Musketier SO;Bokkenweide;1-3;2727 GN;ZOETERMEER;0637;ZOETERMEER;Algemeen bijzonder;0793161070;www.leokanner.nl;4;SO ZMOK + VSO ZMOK + RP-SO ZMOK;Elisabethhof;17;2353 EW;LEIDERDORP;49;'s-Gravenhage;22;Haaglanden;28;Haaglanden;26;Agglomeratie 's-Gravenhage;16;Noord-Zuid-Holland;28;Haaglanden/Westland;Midden
(V)SO;Zuid-Holland;30968;00NT;00NT02;P.C. Hooftcollege VSO;Touwbaan;42;2352 CZ;LEIDERDORP;0547;LEIDERDORP;Algemeen bijzonder;0715814566;www.leokanner.nl;4;SO ZMOK + VSO ZMOK;Elisabethhof;17;2353 EW;LEIDERDORP;46;Leiden;21;Rijn-Gouwe;26;Zuid-Holland-Noord;25;Agglomeratie Leiden en Bollenstreek;16;Noord-Zuid-Holland;26;Zuid-Holland-Noord;Midden
(V)SO;Zuid-Holland;30968;00NT;00NT03;Leo Kannercollege VSO;Cesar Franckstraat;9;2324 JM;LEIDEN;0546;LEIDEN;Algemeen bijzonder;0715237237;www.leokanner.nl;4;SO ZMOK + VSO ZMOK;Elisabethhof;17;2353 EW;LEIDERDORP;46;Leiden;21;Rijn-Gouwe;26;Zuid-Holland-Noord;25;Agglomeratie Leiden en Bollenstreek;16;Noord-Zuid-Holland;26;Zuid-Holland-Noord;Midden
(V)SO;Zuid-Holland;30968;00NT;00NT05;Leo Kannerschool VSO;Hazenboslaan;101;2343 SZ;OEGSTGEEST;0579;OEGSTGEEST;Algemeen bijzonder;0715190233;www.leokanner.nl;4;SO ZMOK + VSO ZMOK;Elisabethhof;17;2353 EW;LEIDERDORP;46;Leiden;21;Rijn-Gouwe;26;Zuid-Holland-Noord;25;Agglomeratie Leiden en Bollenstreek;16;Noord-Zuid-Holland;26;Zuid-Holland-Noord;Midden
(V)SO;Zuid-Holland;30968;00NT;00NT09;School zonder Muren;Endegeesterstraatweg;27;2342 AK;OEGSTGEEST;0579;OEGSTGEEST;Algemeen bijzonder;0715150599;www.leokanner.nl;4;SO ZMOK + VSO ZMOK + RP-SO ZMOK + RP-VSO ZMOK;Elisabethhof;17;2353 EW;LEIDERDORP;46;Leiden;21;Rijn-Gouwe;26;Zuid-Holland-Noord;25;Agglomeratie Leiden en Bollenstreek;16;Noord-Zuid-Holland;26;Zuid-Holland-Noord;Midden
(V)SO;Zuid-Holland;30968;00NT;00NT10;LKO-YoungDays;'s-Gravendamseweg;50;2215 TE;VOORHOUT;1525;TEYLINGEN;Algemeen bijzonder; ; ;4;SO ZMOK + VSO ZMOK;Elisabethhof;17;2353 EW;LEIDERDORP;46;Leiden;21;Rijn-Gouwe;26;Zuid-Holland-Noord;25;Agglomeratie Leiden en Bollenstreek;16;Noord-Zuid-Holland;26;Zuid-Holland-Noord;Midden
(V)SO;Zuid-Holland;30968;00NT;00NT11;De Schatkist;Velddreef;322;2727 CV;ZOETERMEER;0637;ZOETERMEER;Algemeen bijzonder; ; ;4;SO ZMOK + VSO ZMOK + RP-SO ZMOK + RP-VSO ZMOK;Velddreef;322;2727 CV;ZOETERMEER;49;'s-Gravenhage;22;Haaglanden;28;Haaglanden;26;Agglomeratie 's-Gravenhage;16;Noord-Zuid-Holland;28;Haaglanden/Westland;Midden
(V)SO;Zuid-Holland;38209;00PZ;00PZ00;Herman Broerenschool voor Speciaal Onderwijs en Voortgezet Speciaal Onderwijs;Clara van Sparwoudestr;1;2612 SP;DELFT;0503;DELFT;Algemeen bijzonder;0152141066;www.hermanbroerenschool.nu;3;SO ZMLK + VSO ZMLK;Clara van Sparwoudestr;1;2612 SP;DELFT;50;Delft;22;Haaglanden;28;Haaglanden;27;Delft en Westland;16;Noord-Zuid-Holland;28;Haaglanden/Westland;Midden
(V)SO;Zuid-Holland;38209;00PZ;00PZ01;Herman Broerenschool voor Speciaal Onderwijs en Voortgezet Speciaal Onderwijs;Verhagenplein;9;2671 HS;NAALDWIJK;1783;WESTLAND;Algemeen bijzonder;0174648164;www.hermanbroerenschool.nu;3;SO ZMLK + VSO ZMLK;Verhagenplein;9;2671 HS;NAALDWIJK;49;'s-Gravenhage;22;Haaglanden;28;Haaglanden;27;Delft en Westland;16;Noord-Zuid-Holland;28;Haaglanden/Westland;Midden
(V)SO;Zuid-Holland;38209;00PZ;00PZ02;Herman Broerenschool voor Speciaal Onderwijs en Voortgezet Speciaal Onderwijs;Borneostraat;2-A;2612 AD;DELFT;0503;DELFT;Algemeen bijzonder;0152141066;www.hermanbroerenschool.nu;3;SO ZMLK + VSO ZMLK;Clara van Sparwoudestr;1;2612 SP;DELFT;50;Delft;22;Haaglanden;28;Haaglanden;27;Delft en Westland;16;Noord-Zuid-Holland;28;Haaglanden/Westland;Midden
(V)SO;Zuid-Holland;38209;00PZ;00PZ03;Herman Broerenschool voor Speciaal Onderwijs en Voortgezet Speciaal Onderwijs;Rijnweg;175-A;2681 SG;MONSTER;1783;WESTLAND;Algemeen bijzonder;0174648164;www.hermanbroerenschool.nu;3/4;SO ZMLK + VSO ZMOK;Verhagenplein;9;2671 HS;NAALDWIJK;49;'s-Gravenhage;22;Haaglanden;28;Haaglanden;27;Delft en Westland;16;Noord-Zuid-Holland;28;Haaglanden/Westland;Midden
(V)SO;Zuid-Holland;40530;04EF;04EF00;Prisma Christelijke school (v)so-zmlk;Boterbloemweg;21-B;2403 TR;ALPHEN AAN DEN RIJN;0484;ALPHEN AAN DEN RIJN;Protestants-Christelijk;0172474026;www.prisma.scopescholen.nl;3;SO ZMLK + VSO ZMLK;Boterbloemweg;21-B;2403 TR;ALPHEN AAN DEN RIJN;47;Alphen aan den Rijn;21;Rijn-Gouwe;27;Zuid-Holland-Oost;28;Oost-Zuid-Holland;16;Noord-Zuid-Holland;27;Zuid-Holland-Oost;Midden
(V)SO;Zuid-Holland;40530;04EF;04EF02;Prisma Christelijke school (v)so-zmlk;Meerkoetstraat;3;2406 GA;ALPHEN AAN DEN RIJN;0484;ALPHEN AAN DEN RIJN;Protestants-Christelijk; ; ;3;SO ZMLK + VSO MGF,ZMLK;Meerkoetstraat;3;2406 GA;ALPHEN AAN DEN RIJN;47;Alphen aan den Rijn;21;Rijn-Gouwe;27;Zuid-Holland-Oost;28;Oost-Zuid-Holland;16;Noord-Zuid-Holland;27;Zuid-Holland-Oost;Midden
(V)SO;Zuid-Holland;41008;02EJ;02EJ00;De Leidse Buitenschool;Duinoordweg;2;2224 CD;KATWIJK ZH;0537;KATWIJK;Algemeen bijzonder;0714012273;www.leidse-buitenschool.nl;4;SO LZ/P + VSO LZ/P + RP-SO LZ/P + RP-VSO LZ/P;Duinoordweg;2;2224 CD;KATWIJK ZH;46;Leiden;21;Rijn-Gouwe;26;Zuid-Holland-Noord;25;Agglomeratie Leiden en Bollenstreek;16;Noord-Zuid-Holland;26;Zuid-Holland-Noord;Midden
(V)SO;Zuid-Holland;41008;02EJ;02EJ05;De Leidse Buitenschool Campus Lisse;Ruishornlaan;29;2162 VW;LISSE;0553;LISSE;Algemeen bijzonder; ; ;4;SO LZ/P + VSO LZ/P + RP-SO LZ/P + RP-VSO LZ/P;Ruishornlaan;29;2162 VW;LISSE;43;Haarlem;21;Rijn-Gouwe;26;Zuid-Holland-Noord;25;Agglomeratie Leiden en Bollenstreek;15;Zuid-Noord-Holland;26;Zuid-Holland-Noord;Midden
(V)SO;Zuid-Holland;41008;02EJ;02EJ06;De Leidse Buitenschool;Van Lierestraat;8;2221 SC;KATWIJK ZH;0537;KATWIJK;Algemeen bijzonder; ; ;4;SO LZ/P + VSO LZ/P + RP-SO LZ/P + RP-VSO LZ/P;Van Lierestraat;8;2221 SC;KATWIJK ZH;46;Leiden;21;Rijn-Gouwe;26;Zuid-Holland-Noord;25;Agglomeratie Leiden en Bollenstreek;16;Noord-Zuid-Holland;26;Zuid-Holland-Noord;Midden
(V)SO;Zuid-Holland;41127;26LY;26LY00;De Ark;Graaf van Egmondstraat;79;3261 AK;OUD-BEIJERLAND;1963;HOEKSCHE WAARD;Protestants-Christelijk;0186612276;https://deark.csgdewaard.nl/;3;SO ZMLK + VSO ZMLK;Graaf van Egmondstraat;79;3261 AK;OUD-BEIJERLAND;55;Oud-Beijerland;23;Rijnmond;30;Zuid-Holland-Zuid;29;Groot-Rijnmond;17;Rijnmond groot;30;Zuid-Holland-Zuid;Midden
(V)SO;Zuid-Holland;41127;26LY;26LY01;De Ark;Prinses Marijkestraat;1-B;3241 VJ;MIDDELHARNIS;1924;GOEREE-OVERFLAKKEE;Protestants-Christelijk;0187482947; ;3;SO ZMLK + VSO ZMLK;Prinses Marijkestraat;1-B;3241 VJ;MIDDELHARNIS;57;Middelharnis;23;Rijnmond;29;Rijnmond;29;Groot-Rijnmond;17;Rijnmond groot;29;Rijnmond;Midden
(V)SO;Zuid-Holland;41314;01JO;01JO03;Auris College Leiden;Obrechtstraat;2-4;2324 VN;LEIDEN;0546;LEIDEN;Protestants-Christelijk;0715761990; ;2;SO DOBLN,DOVN,ESM,MGA,MGB,SH + VSO DOBLN,DOVN,MGA,MGB,SH;Postbus;3192;3003 AD;ROTTERDAM;46;Leiden;21;Rijn-Gouwe;26;Zuid-Holland-Noord;25;Agglomeratie Leiden en Bollenstreek;16;Noord-Zuid-Holland;26;Zuid-Holland-Noord;Midden
(V)SO;Zuid-Holland;41314;01JO;01JO04;Auris de Weerklank Leiden;Robijnstraat;100;2332 KV;LEIDEN;0546;LEIDEN;Protestants-Christelijk;0715765149;www.deweerklank.nl;2;SO DOBLN,DOVN,ESM,MGA,MGB,SH + VSO DOBLN,DOVN,MGA,MGB,SH;Postbus;3192;3003 AD;ROTTERDAM;46;Leiden;21;Rijn-Gouwe;26;Zuid-Holland-Noord;25;Agglomeratie Leiden en Bollenstreek;16;Noord-Zuid-Holland;26;Zuid-Holland-Noord;Midden
(V)SO;Zuid-Holland;41314;01JO;01JO05;Auris De Taaltuin;Verdihof;27;2402 VA;ALPHEN AAN DEN RIJN;0484;ALPHEN AAN DEN RIJN;Protestants-Christelijk;0172240681; ;2;SO DOBLN,DOVN,ESM,MGA,MGB,SH + VSO DOBLN,DOVN,MGA,MGB,SH;Postbus;3192;3003 AD;ROTTERDAM;47;Alphen aan den Rijn;21;Rijn-Gouwe;27;Zuid-Holland-Oost;28;Oost-Zuid-Holland;16;Noord-Zuid-Holland;27;Zuid-Holland-Oost;Midden
(V)SO;Zuid-Holland;41396;26MR;26MR00;De Cirkel Christelijk Onderwijs ZML;Stalkaarsen;17-B;4205 PG;GORINCHEM;0512;GORINCHEM;Protestants-Christelijk;0183649445;www.decirkelzml.nl;3;SO ZMLK + VSO ZMLK;Stalkaarsen;17-B;4205 PG;GORINCHEM;52;Gorinchem;23;Rijnmond;30;Zuid-Holland-Zuid;30;Zuidoost-Zuid-Holland;18;Dordrecht-Gorinchem;30;Zuid-Holland-Zuid;Midden
(V)SO;Zuid-Holland;41417;00KK;00KK00;Mytylschool  Kiem;De Sitterstraat;9;3318 AA;DORDRECHT;0505;DORDRECHT;Algemeen bijzonder;0787511500;www.kiem.spon.nl;3;SO LG,MGF + VSO LG + RP-SO LZ/S;De Sitterstraat;9;3318 AA;DORDRECHT;53;Dordrecht/Zwijndrecht;23;Rijnmond;30;Zuid-Holland-Zuid;30;Zuidoost-Zuid-Holland;18;Dordrecht-Gorinchem;30;Zuid-Holland-Zuid;Midden
(V)SO;Zuid-Holland;41417;00RK;00RK00;De Stroom;Reeweg Zuid;22;3317 NH;DORDRECHT;0505;DORDRECHT;Algemeen bijzonder;0786186923;www.stroom.spon.nu;3;SO ZMLK + VSO ZMLK;Reeweg Zuid;22;3317 NH;DORDRECHT;53;Dordrecht/Zwijndrecht;23;Rijnmond;30;Zuid-Holland-Zuid;30;Zuidoost-Zuid-Holland;18;Dordrecht-Gorinchem;30;Zuid-Holland-Zuid;Midden
(V)SO;Zuid-Holland;41417;14OH;14OH00;School Bleyburgh;Menuet;72;3363 KH;SLIEDRECHT;0610;SLIEDRECHT;Algemeen bijzonder;0184414265;www.bleyburgh.spon.nl;3;SO ZMLK + VSO ZMLK + RP-SO ZMLK + RP-VSO ZMLK;Postbus;226;3360 AE;SLIEDRECHT;53;Dordrecht/Zwijndrecht;23;Rijnmond;30;Zuid-Holland-Zuid;30;Zuidoost-Zuid-Holland;18;Dordrecht-Gorinchem;30;Zuid-Holland-Zuid;Midden
(V)SO;Zuid-Holland;41417;14OH;14OH01;School Bleyburgh v.h. SSBO De Kleine Wereld;Dokter Bauerstraat;154-156;4205 KE;GORINCHEM;0512;GORINCHEM;Algemeen bijzonder;0183620456;www.kleinewereld.spon.nu;3;SO ZMLK + VSO ZMLK;Postbus;226;3360 AE;SLIEDRECHT;52;Gorinchem;23;Rijnmond;30;Zuid-Holland-Zuid;30;Zuidoost-Zuid-Holland;18;Dordrecht-Gorinchem;30;Zuid-Holland-Zuid;Midden
(V)SO;Zuid-Holland;41417;14OH;14OH02;Bleyburgh VSO;Prof Kamerlingh Onnesln;187;3362 VE;SLIEDRECHT;0610;SLIEDRECHT;Algemeen bijzonder;0184760160;https://bleyburg-vso.spon.nl;3;SO ZMLK + VSO ZMLK;Prof Kamerlingh Onnesln;187;3362 VE;SLIEDRECHT;53;Dordrecht/Zwijndrecht;23;Rijnmond;30;Zuid-Holland-Zuid;30;Zuidoost-Zuid-Holland;18;Dordrecht-Gorinchem;30;Zuid-Holland-Zuid;Midden
(V)SO;Zuid-Holland;41527;19XZ;19XZ00;De Startbaan;Clematislaan;2;2803 AG;GOUDA;0513;GOUDA;Openbaar;0182679096;www.destartbaangouda.nl;3;SO ZMLK + VSO ZMLK;Clematislaan;2;2803 AG;GOUDA;51;Gouda;21;Rijn-Gouwe;27;Zuid-Holland-Oost;28;Oost-Zuid-Holland;16;Noord-Zuid-Holland;27;Zuid-Holland-Oost;Midden
(V)SO;Zuid-Holland;41535;19QU;19QU00;Ericaschool;Delftseveerweg;28;3134 JJ;VLAARDINGEN;0622;VLAARDINGEN;Openbaar;0104347186;www.ericaschoolvlaardingen.nl;3;SO ZMLK + VSO ZMLK;Delftseveerweg;28;3134 JJ;VLAARDINGEN;54;Rotterdam;23;Rijnmond;29;Rijnmond;29;Groot-Rijnmond;17;Rijnmond groot;29;Rijnmond;Midden
(V)SO;Zuid-Holland;41570;18KC;18KC00;Speciaal Onderwijs Brielle;De Rik;22-A;3232 LA;BRIELLE;1992;VOORNE AAN ZEE;Openbaar;0181415783;www.speciaalonderwijsbrielle.nl;3;SO ZMLK + VSO ZMLK;De Rik;22-A;3232 LA;BRIELLE;56;Brielle;23;Rijnmond;29;Rijnmond;29;Groot-Rijnmond;17;Rijnmond groot;29;Rijnmond;Midden
(V)SO;Zuid-Holland;41572;20JG;20JG00;Insp S De Vriesschool;Heliotrooplaan;35;2555 MA;'S-GRAVENHAGE;0518;S GRAVENHAGE;Openbaar;0704483130;www.inspecteurdevriesschool.nl;3;SO ZMLK + VSO ZMLK;Heliotrooplaan;35;2555 MA;'S-GRAVENHAGE;49;'s-Gravenhage;22;Haaglanden;28;Haaglanden;26;Agglomeratie 's-Gravenhage;16;Noord-Zuid-Holland;28;Haaglanden/Westland;Midden
(V)SO;Zuid-Holland;41572;20JG;20JG03;Insp S De Vriesschool;Esther de Boer-V Rijkln;80;2597 TJ;'S-GRAVENHAGE;0518;S GRAVENHAGE;Openbaar; ; ;3;SO ZMLK + VSO ZMLK;Esther de Boer-V Rijkln;80;2597 TJ;'S-GRAVENHAGE;49;'s-Gravenhage;22;Haaglanden;28;Haaglanden;26;Agglomeratie 's-Gravenhage;16;Noord-Zuid-Holland;28;Haaglanden/Westland;Midden
(V)SO;Zuid-Holland;41572;20JM;20JM00;De Piramide;Melis Stokelaan;1189;2541 GA;'S-GRAVENHAGE;0518;S GRAVENHAGE;Openbaar;0703666587;www.sovsodepiramide.nl;3;SO LG + VSO LG;Melis Stokelaan;1185;2541 GA;'S-GRAVENHAGE;49;'s-Gravenhage;22;Haaglanden;28;Haaglanden;26;Agglomeratie 's-Gravenhage;16;Noord-Zuid-Holland;28;Haaglanden/Westland;Midden
(V)SO;Zuid-Holland;41572;20JM;20JM02;De Piramide;Steenwijklaan;30;2541 RL;'S-GRAVENHAGE;0518;S GRAVENHAGE;Openbaar; ;www.sovsodepiramide.nl;3;SO LG,LZ/S + VSO LG,LZ/S;Steenwijklaan;30;2541 RL;'S-GRAVENHAGE;49;'s-Gravenhage;22;Haaglanden;28;Haaglanden;26;Agglomeratie 's-Gravenhage;16;Noord-Zuid-Holland;28;Haaglanden/Westland;Midden
(V)SO;Zuid-Holland;41775;18BD;18BD00;Tyltylschool Rotterdam;Hazelaarweg;100;3053 PM;ROTTERDAM;0599;ROTTERDAM;Openbaar;0102102885;www.tyltylschool.nl;3;SO MGF + VSO MGF;Hazelaarweg;100;3053 PM;ROTTERDAM;54;Rotterdam;23;Rijnmond;29;Rijnmond;29;Groot-Rijnmond;17;Rijnmond groot;29;Rijnmond;Midden
(V)SO;Zuid-Holland;41775;18BD;18BD01;Tyltylschool Rotterdam VSO;Hazelaarweg;100;3053 PM;ROTTERDAM;0599;ROTTERDAM;Openbaar; ; ;3;SO MGF + VSO MGF;Hazelaarweg;100;3053 PM;ROTTERDAM;54;Rotterdam;23;Rijnmond;29;Rijnmond;29;Groot-Rijnmond;17;Rijnmond groot;29;Rijnmond;Midden
(V)SO;Zuid-Holland;41775;20RI;20RI00;Dr A V Voorthuysenschool;Rollostraat;85-B;3084 PM;ROTTERDAM;0599;ROTTERDAM;Openbaar;0104291587;www.zmlkvoorthuysen.nl;3;SO ZMLK + VSO ZMLK;Rollostraat;85-B;3084 PM;ROTTERDAM;54;Rotterdam;23;Rijnmond;29;Rijnmond;29;Groot-Rijnmond;17;Rijnmond groot;29;Rijnmond;Midden
(V)SO;Zuid-Holland;41775;20RI;20RI02;vso De Herenwaard;Herenwaard;35;3078 AK;ROTTERDAM;0599;ROTTERDAM;Openbaar; ;www.herenwaard.nl;3;SO ZMLK + VSO ZMLK;Herenwaard;35;3078 AK;ROTTERDAM;54;Rotterdam;23;Rijnmond;29;Rijnmond;29;Groot-Rijnmond;17;Rijnmond groot;29;Rijnmond;Midden
(V)SO;Zuid-Holland;41775;20RI;20RI03;UTC VSO;Herenwaard;35;3078 AK;ROTTERDAM;0599;ROTTERDAM;Openbaar; ; ;3;SO ZMLK + VSO ZMLK;Herenwaard;35;3078 AK;ROTTERDAM;54;Rotterdam;23;Rijnmond;29;Rijnmond;29;Groot-Rijnmond;17;Rijnmond groot;29;Rijnmond;Midden
(V)SO;Zuid-Holland;41775;20RJ;20RJ00;A Willeboerschool;Meindert Hobbemalaan;2;3062 SK;ROTTERDAM;0599;ROTTERDAM;Openbaar;0104527634;www.willeboerschool.nl;3;SO ZMLK + VSO ZMLK;Meindert Hobbemalaan;2;3062 SK;ROTTERDAM;54;Rotterdam;23;Rijnmond;29;Rijnmond;29;Groot-Rijnmond;17;Rijnmond groot;29;Rijnmond;Midden
(V)SO;Zuid-Holland;41775;20RJ;20RJ02;vso De Hoge Brug;Hillegondastraat;19;3051 PA;ROTTERDAM;0599;ROTTERDAM;Openbaar; ;www.vsodehogebrug.n;3;SO ZMLK + VSO ZMLK;Meindert Hobbemalaan;2;3062 SK;ROTTERDAM;54;Rotterdam;23;Rijnmond;29;Rijnmond;29;Groot-Rijnmond;17;Rijnmond groot;29;Rijnmond;Midden
(V)SO;Zuid-Holland;41775;20RT;20RT00;Recon openluchtschool;Dordtsestraatweg;472;3075 BN;ROTTERDAM;0599;ROTTERDAM;Openbaar;0104849233;www.reconopenluchtschool.nl;3;SO LZ/S + VSO LZ/S;Dordtsestraatweg;472;3075 BN;ROTTERDAM;54;Rotterdam;23;Rijnmond;29;Rijnmond;29;Groot-Rijnmond;17;Rijnmond groot;29;Rijnmond;Midden
(V)SO;Zuid-Holland;41775;20RT;20RT02;Recon VSO;Dordtsestraatweg;472;3075 BN;ROTTERDAM;0599;ROTTERDAM;Openbaar; ; ;3;SO LZ/S + VSO LZ/S;Dordtsestraatweg;472;3075 BN;ROTTERDAM;54;Rotterdam;23;Rijnmond;29;Rijnmond;29;Groot-Rijnmond;17;Rijnmond groot;29;Rijnmond;Midden
(V)SO;Zuid-Holland;41775;20RX;20RX00;Mytylschool De Brug;Hazelaarweg;100;3053 PM;ROTTERDAM;0599;ROTTERDAM;Openbaar;0102111774;www.mytylschooldebrug.nl;3;SO LG,MGF + VSO LG + RP-SO LG,MGF + RP-VSO LG;Hazelaarweg;100;3053 PM;ROTTERDAM;54;Rotterdam;23;Rijnmond;29;Rijnmond;29;Groot-Rijnmond;17;Rijnmond groot;29;Rijnmond;Midden
(V)SO;Zuid-Holland;41775;20RX;20RX04;Mytylschool De Brug VSO T;Argonautenweg;53;3054 RP;ROTTERDAM;0599;ROTTERDAM;Openbaar; ; ;3;SO LG,MGF + VSO LG;Argonautenweg;53;3054 RP;ROTTERDAM;54;Rotterdam;23;Rijnmond;29;Rijnmond;29;Groot-Rijnmond;17;Rijnmond groot;29;Rijnmond;Midden
(V)SO;Zuid-Holland;41775;20RX;20RX05;Mytylschool De Brug VSO P;Hazelaarweg;100;3053 PM;ROTTERDAM;0599;ROTTERDAM;Openbaar; ; ;3;SO LG,MGF + VSO LG;Hazelaarweg;100;3053 PM;ROTTERDAM;54;Rotterdam;23;Rijnmond;29;Rijnmond;29;Groot-Rijnmond;17;Rijnmond groot;29;Rijnmond;Midden
(V)SO;Zuid-Holland;41775;20VT;20VT00;Pedologisch Instituut de Piloot;Nieuwe Ommoordseweg;30;3068 BT;ROTTERDAM;0599;ROTTERDAM;Openbaar;0104205314;www.depiloot.nl;4;SO PI + VSO PI + RP-SO PI + RP-VSO PI;Postbus;81135;3009 GC;ROTTERDAM;54;Rotterdam;23;Rijnmond;29;Rijnmond;29;Groot-Rijnmond;17;Rijnmond groot;29;Rijnmond;Midden
(V)SO;Zuid-Holland;41775;20VT;20VT01;VSO Het Passer College Lage Land;De Waghemakerestraat;11;3067 HT;ROTTERDAM;0599;ROTTERDAM;Openbaar;0104205314;www.hetpassercollege.nl;4;SO PI + VSO PI;Postbus;8760;3009 AT;ROTTERDAM;54;Rotterdam;23;Rijnmond;29;Rijnmond;29;Groot-Rijnmond;17;Rijnmond groot;29;Rijnmond;Midden
(V)SO;Zuid-Holland;41775;20VT;20VT02;Pedologisch Instituut SO De Piloot, De Vlinder;van Heuven Goedhartsngl;10;2806 ZL;GOUDA;0513;GOUDA;Openbaar;0182682350;www.depiloot.nl;4;SO PI + VSO PI + RP-SO PI + RP-VSO PI;Postbus;81135;3009 GC;ROTTERDAM;51;Gouda;21;Rijn-Gouwe;27;Zuid-Holland-Oost;28;Oost-Zuid-Holland;16;Noord-Zuid-Holland;27;Zuid-Holland-Oost;Midden
(V)SO;Zuid-Holland;41775;20VT;20VT08;VSO Het Passer College Overschie;Hoornweg;45;3042 BC;ROTTERDAM;0599;ROTTERDAM;Openbaar; ; ;4;SO PI + VSO PI;Hoornweg;45;3042 BC;ROTTERDAM;54;Rotterdam;23;Rijnmond;29;Rijnmond;29;Groot-Rijnmond;17;Rijnmond groot;29;Rijnmond;Midden
(V)SO;Zuid-Holland;41775;20VT;20VT09;Pedologisch instituut SO De Piloot, De kleine Plantage;Kralingseweg;463;3065 RG;ROTTERDAM;0599;ROTTERDAM;Openbaar; ; ;4;SO PI + VSO PI + RP-SO PI + RP-VSO PI;Kralingseweg;463;3065 RG;ROTTERDAM;54;Rotterdam;23;Rijnmond;29;Rijnmond;29;Groot-Rijnmond;17;Rijnmond groot;29;Rijnmond;Midden
(V)SO;Zuid-Holland;41775;20VT;20VT10;VSO Het Passer College BITS;Klein-Coolstraat;37;3033 XR;ROTTERDAM;0599;ROTTERDAM;Openbaar; ; ;4;SO PI + VSO PI;Klein-Coolstraat;37;3033 XR;ROTTERDAM;54;Rotterdam;23;Rijnmond;29;Rijnmond;29;Groot-Rijnmond;17;Rijnmond groot;29;Rijnmond;Midden
(V)SO;Zuid-Holland;41775;20VT;20VT11;VSO Het Passer College Hillevliet;Hillevliet;126-A;3074 KD;ROTTERDAM;0599;ROTTERDAM;Openbaar; ; ;4;SO PI + VSO PI;Hillevliet;126-A;3074 KD;ROTTERDAM;54;Rotterdam;23;Rijnmond;29;Rijnmond;29;Groot-Rijnmond;17;Rijnmond groot;29;Rijnmond;Midden
(V)SO;Zuid-Holland;41775;20VT;20VT12;VSO Het Passer college Oldenoord;Oldenoord;81;3079 KG;ROTTERDAM;0599;ROTTERDAM;Openbaar; ; ;4;SO PI + VSO PI;Oldenoord;81;3079 KG;ROTTERDAM;54;Rotterdam;23;Rijnmond;29;Rijnmond;29;Groot-Rijnmond;17;Rijnmond groot;29;Rijnmond;Midden
(V)SO;Zuid-Holland;41775;20VT;20VT13;Pedologisch instituut SO De Piloot externaliserend;Merkelbachstraat;6-8;3067 AL;ROTTERDAM;0599;ROTTERDAM;Openbaar; ; ;4;SO PI + VSO PI;Merkelbachstraat;6-8;3067 AL;ROTTERDAM;54;Rotterdam;23;Rijnmond;29;Rijnmond;29;Groot-Rijnmond;17;Rijnmond groot;29;Rijnmond;Midden
(V)SO;Zuid-Holland;41805;00OQ;00OQ00;Korte Vlietsch voor ZMLK;Schubertlaan;131;2324 CR;LEIDEN;0546;LEIDEN;Algemeen bijzonder;0715310433;www.kortevlietschool.nl;3;SO ZMLK + VSO ZMLK;Schubertlaan;131;2324 CR;LEIDEN;46;Leiden;21;Rijn-Gouwe;26;Zuid-Holland-Noord;25;Agglomeratie Leiden en Bollenstreek;16;Noord-Zuid-Holland;26;Zuid-Holland-Noord;Midden
(V)SO;Zuid-Holland;41805;02YJ;02YJ00;Maurice Maeterlinckschool;Buitenhofdreef;10;2625 XR;DELFT;0503;DELFT;Algemeen bijzonder;0152780200;www.mmschool.nl;3;SO LG,MGF + VSO LG;Buitenhofdreef;10;2625 XR;DELFT;50;Delft;22;Haaglanden;28;Haaglanden;27;Delft en Westland;16;Noord-Zuid-Holland;28;Haaglanden/Westland;Midden
(V)SO;Zuid-Holland;41805;03HW;03HW00;Tyltylcentrum De Witte Vogel;Melis Stokelaan;1189;2541 GA;'S-GRAVENHAGE;0518;S GRAVENHAGE;Algemeen bijzonder;0703888850;www.wittevogel.nl;3;SO MGF + VSO MGF;Melis Stokelaan;1189;2541 GA;'S-GRAVENHAGE;49;'s-Gravenhage;22;Haaglanden;28;Haaglanden;26;Agglomeratie 's-Gravenhage;16;Noord-Zuid-Holland;28;Haaglanden/Westland;Midden
(V)SO;Zuid-Holland;41805;14MY;14MY00;De Duinpieper;Stakman Bossestraat;79;2203 GH;NOORDWIJK ZH;0575;NOORDWIJK;Protestants-Christelijk;0713614150;www.duinpieper.nl;3;SO ZMLK + VSO ZMLK;Stakman Bossestraat;79;2203 GH;NOORDWIJK ZH;46;Leiden;21;Rijn-Gouwe;26;Zuid-Holland-Noord;25;Agglomeratie Leiden en Bollenstreek;16;Noord-Zuid-Holland;26;Zuid-Holland-Noord;Midden
(V)SO;Zuid-Holland;41805;15KH;15KH00;De Keerkring;Chaplinstrook;2-6;2726 SK;ZOETERMEER;0637;ZOETERMEER;Openbaar;0793410536;www.keerkring.net;3;SO ZMLK + VSO ZMLK;Chaplinstrook;2-6;2726 SK;ZOETERMEER;49;'s-Gravenhage;22;Haaglanden;28;Haaglanden;26;Agglomeratie 's-Gravenhage;16;Noord-Zuid-Holland;28;Haaglanden/Westland;Midden
(V)SO;Zuid-Holland;41805;19UQ;19UQ00;Mytylschool De Thermiek;Blauwe Vogelweg;1;2333 VK;LEIDEN;0546;LEIDEN;Algemeen bijzonder;0715195490;www.dethermiek.nl;3;SO LG,MGF + VSO LG;Blauwe Vogelweg;1;2333 VK;LEIDEN;46;Leiden;21;Rijn-Gouwe;26;Zuid-Holland-Noord;25;Agglomeratie Leiden en Bollenstreek;16;Noord-Zuid-Holland;26;Zuid-Holland-Noord;Midden
(V)SO;Zuid-Holland;41805;19UQ;19UQ02;Mytylschool De Thermiek;Van Swietenstraat;2;2334 EA;LEIDEN;0546;LEIDEN;Algemeen bijzonder;0715175011;www.vsoleystede.nl;3;SO LG,LZ/S,MGF + VSO LG,LZ/S,MGF;Van Swietenstraat;2;2334 EA;LEIDEN;46;Leiden;21;Rijn-Gouwe;26;Zuid-Holland-Noord;25;Agglomeratie Leiden en Bollenstreek;16;Noord-Zuid-Holland;26;Zuid-Holland-Noord;Midden
(V)SO;Zuid-Holland;42536;25HE;25HE01;Koninklijke Visio Onderwijs Rotterdam;Heindijk;4;3079 PM;ROTTERDAM;0599;ROTTERDAM;Rooms-Katholiek;0885858330;www.visio.org;1;SO MGDV,VGK + VSO MGDV,VGK;Heindijk;4;3079 PM;ROTTERDAM;54;Rotterdam;23;Rijnmond;29;Rijnmond;29;Groot-Rijnmond;17;Rijnmond groot;29;Rijnmond;Midden
(V)SO;Zuid-Holland;42790;26MN;26MN00;School voor Speciaal Basisonderwijs De Rank;Dorpsstraat-oost;3-A;2991 CR;BARENDRECHT;0489;BARENDRECHT;Reformatorisch;0180611077;www.derankzml.nl;3;SO ZMLK + VSO ZMLK;Postbus;374;2990 AJ;BARENDRECHT;54;Rotterdam;23;Rijnmond;29;Rijnmond;29;Groot-Rijnmond;17;Rijnmond groot;29;Rijnmond;Midden
(V)SO;Zuid-Holland;42790;26MN;26MN01;School voor Speciaal Basisonderwijs De Rank;Rondo;321;3363 LB;SLIEDRECHT;0610;SLIEDRECHT;Reformatorisch;0184410100;www.derankzml.nl;3;SO ZMLK + VSO ZMLK;Postbus;374;2990 AJ;BARENDRECHT;53;Dordrecht/Zwijndrecht;23;Rijnmond;30;Zuid-Holland-Zuid;30;Zuidoost-Zuid-Holland;18;Dordrecht-Gorinchem;30;Zuid-Holland-Zuid;Midden
(V)SO;Zuid-Holland;42790;26MN;26MN02;School voor Speciaal Basisonderwijs De Rank;Provincialeweg;70;3329 KP;DORDRECHT;0505;DORDRECHT;Reformatorisch;0786114708;www.derankzml.nl;3;SO ZMLK + VSO ZMLK + RP-SO ZMLK + RP-VSO ZMLK;Postbus;374;2990 AJ;BARENDRECHT;53;Dordrecht/Zwijndrecht;23;Rijnmond;30;Zuid-Holland-Zuid;30;Zuidoost-Zuid-Holland;18;Dordrecht-Gorinchem;30;Zuid-Holland-Zuid;Midden
(V)SO;Zuid-Holland;42790;26NU;26NU00;ZML De Boomgaard;Han Hollanderweg;194;2807 AL;GOUDA;0513;GOUDA;Reformatorisch;0182686761;www.deboomgaardgouda.nl;3;SO ZMLK + VSO ZMLK;Han Hollanderweg;194;2807 AL;GOUDA;51;Gouda;21;Rijn-Gouwe;27;Zuid-Holland-Oost;28;Oost-Zuid-Holland;16;Noord-Zuid-Holland;27;Zuid-Holland-Oost;Midden
(V)SO;Zuid-Holland;47595;20KH;20KH00;De Regenboog SO;Guido Gezelleweg;24;3076 EB;ROTTERDAM;0599;ROTTERDAM;Protestants-Christelijk;0104559050;www.regenboogso.nl;3;SO ZMLK + VSO ZMLK;Kelloggplaats;340;3068 XA;ROTTERDAM;54;Rotterdam;23;Rijnmond;29;Rijnmond;29;Groot-Rijnmond;17;Rijnmond groot;29;Rijnmond;Midden
(V)SO;Zuid-Holland;62077;00AW;00AW00;Bergse Veld School;Mozartlaan;150;3055 KM;ROTTERDAM;0599;ROTTERDAM;Protestants-Christelijk;0889962400;https://scholen.ihub.nl/scholen/bergse-veld-school;4;SO ZMOK + VSO ZMOK + RP-SO ZMOK + RP-VSO ZMOK;Mozartlaan;150;3055 KM;ROTTERDAM;54;Rotterdam;23;Rijnmond;29;Rijnmond;29;Groot-Rijnmond;17;Rijnmond groot;29;Rijnmond;Midden
(V)SO;Zuid-Holland;62077;00AW;00AW02;Bergse Veld School;Mozartlaan;150;3055 KM;ROTTERDAM;0599;ROTTERDAM;Protestants-Christelijk;0889962400;https://scholen.ihub.nl/scholen/bergse-veld-school;4;SO ZMOK + VSO ZMOK + RP-SO ZMOK + RP-VSO ZMOK;Mozartlaan;150;3055 KM;ROTTERDAM;54;Rotterdam;23;Rijnmond;29;Rijnmond;29;Groot-Rijnmond;17;Rijnmond groot;29;Rijnmond;Midden
(V)SO;Zuid-Holland;62077;01BS;01BS00;Schreuder College De Villeneuvestraat;De Villeneuvestraat;24;3053 ZV;ROTTERDAM;0599;ROTTERDAM;Algemeen bijzonder;0889962550;https://scholen.ihub.nl/scholen/schreuder-college-de-villeneuvestraat;4;SO ZMOK + VSO ZMOK + RP-SO ZMOK + RP-VSO ZMOK;De Villeneuvestraat;24;3053 ZV;ROTTERDAM;54;Rotterdam;23;Rijnmond;29;Rijnmond;29;Groot-Rijnmond;17;Rijnmond groot;29;Rijnmond;Midden
(V)SO;Zuid-Holland;62077;01BS;01BS04;Educatief Centrum;Schiemond;8;3029 NP;ROTTERDAM;0599;ROTTERDAM;Algemeen bijzonder;0889962800;https://scholen.ihub.nl/scholen/educatief-centrum;4;SO ZMOK + VSO ZMOK;Schiemond;8;3029 NP;ROTTERDAM;54;Rotterdam;23;Rijnmond;29;Rijnmond;29;Groot-Rijnmond;17;Rijnmond groot;29;Rijnmond;Midden
(V)SO;Zuid-Holland;62077;01BS;01BS08;Schreuder College Slinge;Slinge;154-156;3085 EW;ROTTERDAM;0599;ROTTERDAM;Algemeen bijzonder;0889962500;https://scholen.ihub.nl/scholen/schreuder-college-slinge;4;SO ZMOK + VSO ZMOK;Slinge;154-156;3085 EW;ROTTERDAM;54;Rotterdam;23;Rijnmond;29;Rijnmond;29;Groot-Rijnmond;17;Rijnmond groot;29;Rijnmond;Midden
(V)SO;Zuid-Holland;62077;01BS;01BS09;Schreuder College Taborstraat;Taborstraat;44;3061 EW;ROTTERDAM;0599;ROTTERDAM;Algemeen bijzonder;0889962920;https://scholen.ihub.nl/scholen/schreuder-college-taborstraat/introductie;4;SO ZMOK + VSO ZMOK;Taborstraat;44;3061 EW;ROTTERDAM;54;Rotterdam;23;Rijnmond;29;Rijnmond;29;Groot-Rijnmond;17;Rijnmond groot;29;Rijnmond;Midden
(V)SO;Zuid-Holland;62077;01BS;01BS10;Schreuder College De Quackstraat;De Quackstraat;77;3082 VS;ROTTERDAM;0599;ROTTERDAM;Algemeen bijzonder;0889962060;https://scholen.ihub.nl/scholen/schreuder-college-de-quackstraat;4;SO ZMOK + VSO ZMOK + RP-SO ZMOK + RP-VSO ZMOK;De Quackstraat;77;3082 VS;ROTTERDAM;54;Rotterdam;23;Rijnmond;29;Rijnmond;29;Groot-Rijnmond;17;Rijnmond groot;29;Rijnmond;Midden
(V)SO;Zuid-Holland;62077;05YX;05YX00;Rijnstroom College Noorderpark/ Westerpark;Ds. Meijerlaan;14;2406 JD;ALPHEN AAN DEN RIJN;0484;ALPHEN AAN DEN RIJN;Algemeen bijzonder;0889962100;https://scholen.ihub.nl/scholen;4;SO ZMOK + VSO ZMOK + RP-SO ZMOK + RP-VSO ZMOK;Postbus;696;2400 AR;ALPHEN AAN DEN RIJN;47;Alphen aan den Rijn;21;Rijn-Gouwe;27;Zuid-Holland-Oost;28;Oost-Zuid-Holland;16;Noord-Zuid-Holland;27;Zuid-Holland-Oost;Midden
(V)SO;Zuid-Holland;62077;05YX;05YX02;Kesper College;Kanaalstraat;31;2801 SH;GOUDA;0513;GOUDA;Algemeen bijzonder;0889962450;https://scholen.ihub.nl/scholen/kesper-college;4;SO ZMOK + VSO ZMOK;Kanaalstraat;31;2801 SH;GOUDA;51;Gouda;21;Rijn-Gouwe;27;Zuid-Holland-Oost;28;Oost-Zuid-Holland;16;Noord-Zuid-Holland;27;Zuid-Holland-Oost;Midden
(V)SO;Zuid-Holland;62077;05YX;05YX12;Schakenbosch Onderwijs & Werk;Bouwlustweg;4;2263 SZ;LEIDSCHENDAM;1916;LEIDSCHENDAM-VOORBURG;Algemeen bijzonder;0703571468;https://scholen.ihub.nl/scholen/schakenbosch-onderwijs-werk;4;SO ZMOK + VSO ZMOK + RP-VSO ZMOK;Bouwlustweg;4;2263 SZ;LEIDSCHENDAM;49;'s-Gravenhage;22;Haaglanden;28;Haaglanden;26;Agglomeratie 's-Gravenhage;16;Noord-Zuid-Holland;28;Haaglanden/Westland;Midden
(V)SO;Zuid-Holland;62077;05YX;05YX13;Schakenbosch Onderwijs & Werk;Bouwlustweg;4;2263 SZ;LEIDSCHENDAM;1916;LEIDSCHENDAM-VOORBURG;Algemeen bijzonder;0703571468;https://scholen.ihub.nl/scholen/schakenbosch-onderwijs-werk;4;SO ZMOK + VSO ZMOK + RP-VSO ZMOK;Bouwlustweg;4;2263 SZ;LEIDSCHENDAM;49;'s-Gravenhage;22;Haaglanden;28;Haaglanden;26;Agglomeratie 's-Gravenhage;16;Noord-Zuid-Holland;28;Haaglanden/Westland;Midden
(V)SO;Zuid-Holland;62077;05YX;05YX15;Op Maat;Henry Dunantweg;11;2402 NM;ALPHEN AAN DEN RIJN;0484;ALPHEN AAN DEN RIJN;Algemeen bijzonder;0889962700;https://scholen.ihub.nl/scholen/op-maat;4;SO ZMOK + VSO ZMOK + RP-SO ZMOK;Henry Dunantweg;11;2402 NM;ALPHEN AAN DEN RIJN;47;Alphen aan den Rijn;21;Rijn-Gouwe;27;Zuid-Holland-Oost;28;Oost-Zuid-Holland;16;Noord-Zuid-Holland;27;Zuid-Holland-Oost;Midden
(V)SO;Zuid-Holland;62077;05YX;05YX18;School2Care Laakhaven;Willem Dreespark;307;2531 SX;'S-GRAVENHAGE;0518;S GRAVENHAGE;Algemeen bijzonder;0889962950;https://scholen.ihub.nl/scholen/school2care-laakhaven;4;SO ZMOK + VSO ZMOK + RP-SO ZMOK + RP-VSO ZMOK;Willem Dreespark;307;2531 SX;'S-GRAVENHAGE;49;'s-Gravenhage;22;Haaglanden;28;Haaglanden;26;Agglomeratie 's-Gravenhage;16;Noord-Zuid-Holland;28;Haaglanden/Westland;Midden
(V)SO;Zuid-Holland;62077;05YX;05YX19;Rijnstroom College Noorderpark;Verlengde Marnixstraat;8-A;2406 VV;ALPHEN AAN DEN RIJN;0484;ALPHEN AAN DEN RIJN;Algemeen bijzonder;0889961700;altrahorizononderwijs.nl;4;SO ZMOK + VSO ZMOK + RP-SO ZMOK + RP-VSO ZMOK;Verlengde Marnixstraat;8-A;2406 VV;ALPHEN AAN DEN RIJN;47;Alphen aan den Rijn;21;Rijn-Gouwe;27;Zuid-Holland-Oost;28;Oost-Zuid-Holland;16;Noord-Zuid-Holland;27;Zuid-Holland-Oost;Midden
(V)SO;Zuid-Holland;62077;05YX;05YX20;School2Care De Vliet;Klencke;603;3191 VZ;HOOGVLIET ROTTERDAM;0599;ROTTERDAM;Algemeen bijzonder;0889962050;https://scholen.ihub.nl/scholen/school2care-de-vliet/;4;SO ZMOK + VSO ZMOK + RP-SO ZMOK + RP-VSO ZMOK;Klencke;603;3191 VZ;HOOGVLIET ROTTERDAM;54;Rotterdam;23;Rijnmond;29;Rijnmond;29;Groot-Rijnmond;17;Rijnmond groot;29;Rijnmond;Midden
(V)SO;Zuid-Holland;62077;05YX;05YX22;School2Care De Vliet;Klencke;603;3191 VZ;HOOGVLIET ROTTERDAM;0599;ROTTERDAM;Algemeen bijzonder;0889962050;https://scholen.ihub.nl/scholen/school2care-de-vliet;4;SO ZMOK + VSO ZMOK;Klencke;603;3191 VZ;HOOGVLIET ROTTERDAM;54;Rotterdam;23;Rijnmond;29;Rijnmond;29;Groot-Rijnmond;17;Rijnmond groot;29;Rijnmond;Midden
(V)SO;Zuid-Holland;62077;05YX;05YX23;School2Care Laakhaven;Willem Dreespark;307;2531 SX;'S-GRAVENHAGE;0518;S GRAVENHAGE;Algemeen bijzonder;0889962950;https://scholen.ihub.nl/scholen/school2care-laakhaven;4;SO ZMOK + VSO ZMOK + RP-SO ZMOK + RP-VSO ZMOK;Willem Dreespark;307;2531 SX;'S-GRAVENHAGE;49;'s-Gravenhage;22;Haaglanden;28;Haaglanden;26;Agglomeratie 's-Gravenhage;16;Noord-Zuid-Holland;28;Haaglanden/Westland;Midden
(V)SO;Zuid-Holland;70176;02GA;02GA00;Koetsveldschool;Zwaardvegersgaarde;25;2542 TC;'S-GRAVENHAGE;0518;S GRAVENHAGE;Protestants-Christelijk;0703805139;www.koetsveldschool.nl;3;SO ZMLK + VSO ZMLK;Zwaardvegersgaarde;25;2542 TC;'S-GRAVENHAGE;49;'s-Gravenhage;22;Haaglanden;28;Haaglanden;26;Agglomeratie 's-Gravenhage;16;Noord-Zuid-Holland;28;Haaglanden/Westland;Midden
(V)SO;Zuid-Holland;71371;17WK;17WK00;Mattheusschool voor SO-ZMLK;Aleyda van Raephorstlaan;243;3054 CR;ROTTERDAM;0599;ROTTERDAM;Rooms-Katholiek;0104223517;www.zmlk.nl;3;SO ZMLK + VSO ZMLK;Aleyda van Raephorstlaan;243;3054 CR;ROTTERDAM;54;Rotterdam;23;Rijnmond;29;Rijnmond;29;Groot-Rijnmond;17;Rijnmond groot;29;Rijnmond;Midden
(V)SO;Zuid-Holland;85256;01UC;01UC00;Yulius Onderwijs;Boerhaavelaan;2;2992 KZ;BARENDRECHT;0489;BARENDRECHT;Algemeen bijzonder;0884056401;www.yulius.nl;4;SO LZ/P + VSO LZ/P + RP-SO LZ/P + RP-VSO LZ/P;Burg de Raadtsingel;93-C;3311 JG;DORDRECHT;54;Rotterdam;23;Rijnmond;29;Rijnmond;29;Groot-Rijnmond;17;Rijnmond groot;29;Rijnmond;Midden
(V)SO;Zuid-Holland;85256;01UC;01UC01;Yulius DB MFC;Rhijnauwensingel;160;3077 EV;ROTTERDAM;0599;ROTTERDAM;Algemeen bijzonder;0884056480;www.yulius.nl;4;SO LZ/P + VSO LZ/P + RP-SO LZ/P + RP-VSO LZ/P;Rhijnauwensingel;160;3077 EV;ROTTERDAM;54;Rotterdam;23;Rijnmond;29;Rijnmond;29;Groot-Rijnmond;17;Rijnmond groot;29;Rijnmond;Midden
(V)SO;Zuid-Holland;85256;01UC;01UC05;Yulius de Fjord;Watermolen;3;2906 RD;CAPELLE AAN DEN IJSSEL;0502;CAPELLE AAN DEN IJSSEL;Algemeen bijzonder;0883586802;www.yulius.nl;4;SO LZ/P + VSO LZ/P + RP-SO LZ/P + RP-VSO LZ/P;Watermolen;7;2906 RD;CAPELLE AAN DEN IJSSEL;54;Rotterdam;23;Rijnmond;29;Rijnmond;29;Groot-Rijnmond;17;Rijnmond groot;29;Rijnmond;Midden
(V)SO;Zuid-Holland;85256;01UC;01UC06;Yulius De Gaard;Bessengaard;93-A;3206 AG;SPIJKENISSE;1930;NISSEWAARD;Algemeen bijzonder;0884056200;www.yulius.nl;4;SO LZ/P + VSO LZ/P + RP-VSO LZ/P;Bessengaard;93-A;3206 AG;SPIJKENISSE;54;Rotterdam;23;Rijnmond;29;Rijnmond;29;Groot-Rijnmond;17;Rijnmond groot;29;Rijnmond;Midden
(V)SO;Zuid-Holland;85256;01UC;01UC08;Yulius Drechtster College;Karel Doormanweg;4;3317 ZD;DORDRECHT;0505;DORDRECHT;Algemeen bijzonder;0884056340;www.yulius.nl;4;SO LZ/P + VSO LZ/P + RP-SO LZ/P + RP-VSO LZ/P;Karel Doormanweg;4;3317 ZD;DORDRECHT;53;Dordrecht/Zwijndrecht;23;Rijnmond;30;Zuid-Holland-Zuid;30;Zuidoost-Zuid-Holland;18;Dordrecht-Gorinchem;30;Zuid-Holland-Zuid;Midden
(V)SO;Zuid-Holland;85256;01UC;01UC09;Yulius Het Tij;Groenedijk;49;3311 DB;DORDRECHT;0505;DORDRECHT;Algemeen bijzonder;0884054060;www.yulius.nl;4;SO LZ/P + VSO LZ/P + RP-SO LZ/P + RP-VSO LZ/P;Groenedijk;49;3311 DB;DORDRECHT;53;Dordrecht/Zwijndrecht;23;Rijnmond;30;Zuid-Holland-Zuid;30;Zuidoost-Zuid-Holland;18;Dordrecht-Gorinchem;30;Zuid-Holland-Zuid;Midden
(V)SO;Zuid-Holland;85256;01UC;01UC12;Yulius De Atlas;Chico Mendesring;821;3315 WX;DORDRECHT;0505;DORDRECHT;Algemeen bijzonder;0884056123;www.yulius.nl;4;SO LZ/P + VSO LZ/P + RP-SO LZ/P + RP-VSO LZ/P;Chico Mendesring;821;3315 WX;DORDRECHT;53;Dordrecht/Zwijndrecht;23;Rijnmond;30;Zuid-Holland-Zuid;30;Zuidoost-Zuid-Holland;18;Dordrecht-Gorinchem;30;Zuid-Holland-Zuid;Midden
(V)SO;Zuid-Holland;85256;01UC;01UC15;Yulius Ilex College;Burg Van Haarenlaan;1155;3118 GC;SCHIEDAM;0606;SCHIEDAM;Algemeen bijzonder;0627352674;www.yulius.nl;4;SO LZ/P + VSO LZ/P;Burg Van Haarenlaan;1155;3118 GC;SCHIEDAM;54;Rotterdam;23;Rijnmond;29;Rijnmond;29;Groot-Rijnmond;17;Rijnmond groot;29;Rijnmond;Midden
(V)SO;Zuid-Holland;85256;01UC;01UC16;Yulius Heer Bokel College;Heer Bokelweg;260;3032 AD;ROTTERDAM;0599;ROTTERDAM;Algemeen bijzonder;0884052500;www.yulius.nl;4;SO LZ/P + VSO LZ/P;Heer Bokelweg;260;3032 AD;ROTTERDAM;54;Rotterdam;23;Rijnmond;29;Rijnmond;29;Groot-Rijnmond;17;Rijnmond groot;29;Rijnmond;Midden
(V)SO;Zuid-Holland;85256;01UC;01UC19;Yulius Lingewaal College;W. de Vries Robbeweg;27;4206 AK;GORINCHEM;0512;GORINCHEM;Algemeen bijzonder;0884051890;www.yulius.nl;4;SO LZ/P + VSO LZ/P;W. de Vries Robbeweg;27;4206 AK;GORINCHEM;52;Gorinchem;23;Rijnmond;30;Zuid-Holland-Zuid;30;Zuidoost-Zuid-Holland;18;Dordrecht-Gorinchem;30;Zuid-Holland-Zuid;Midden
(V)SO;Zuid-Holland;85256;01UC;01UC21;Yulius Discovery College;Dennenhout;1;2994 GC;BARENDRECHT;0489;BARENDRECHT;Algemeen bijzonder;0884051915;www.yulius.nl;4;SO LZ/P + VSO LZ/P + RP-SO LZ/P + RP-VSO LZ/P;Dennenhout;1;2994 GC;BARENDRECHT;54;Rotterdam;23;Rijnmond;29;Rijnmond;29;Groot-Rijnmond;17;Rijnmond groot;29;Rijnmond;Midden
(V)SO;Zuid-Holland;85256;01UC;01UC23;Yulius Middelland College;Schietbaanlaan;118;3021 LP;ROTTERDAM;0599;ROTTERDAM;Algemeen bijzonder;0615523051; ;4;SO LZ/P + VSO LZ/P;Schietbaanlaan;118;3021 LP;ROTTERDAM;54;Rotterdam;23;Rijnmond;29;Rijnmond;29;Groot-Rijnmond;17;Rijnmond groot;29;Rijnmond;Midden
(V)SO;Zuid-Holland;85256;01UC;01UC24;Yulius Reijerwaard College;De Quackstraat;77;3082 VS;ROTTERDAM;0599;ROTTERDAM;Algemeen bijzonder;0611167362; ;4;SO LZ/P + VSO LZ/P;De Quackstraat;77;3082 VS;ROTTERDAM;54;Rotterdam;23;Rijnmond;29;Rijnmond;29;Groot-Rijnmond;17;Rijnmond groot;29;Rijnmond;Midden
(V)SO;Zuid-Holland;85256;01UC;01UC25;Yulius Lombardia;Moliereweg;629-A;3076 GE;ROTTERDAM;0599;ROTTERDAM;Algemeen bijzonder;0655364272; ;4;SO LZ/P + VSO LZ/P; ; ; ; ;54;Rotterdam;23;Rijnmond;29;Rijnmond;29;Groot-Rijnmond;17;Rijnmond groot;29;Rijnmond;Midden
SBAO;Drenthe;32073;23NV;23NV00;Kindcentrum De Boei (voor speciaal basisonderwijs);Wethouder Bergerweg;2-A;9406 XP;ASSEN;0106;ASSEN;Protestants-Christelijk;0592353403;www.ssbodeboei.nl; ;SBAO;Wethouder Bergerweg;2-A;9406 XP;ASSEN;11;Assen;03;Centraal-Groningen;07;Noord- en Midden-Drenthe;07;Noord-Drenthe;04;Assen-Hoogeveen-Emmen;07;Noord- en Midden Drenthe;Noord
SBAO;Drenthe;41414;00JH;00JH00;School voor Speciaal Basisonderwijs De Kameleon;van Goghlaan;3;7901 GK;HOOGEVEEN;0118;HOOGEVEEN;Algemeen bijzonder;0528278722;www.renn4.nl; ;SBAO;van Goghlaan;3;7901 GK;HOOGEVEEN;14;Hoogeveen;05;Zuid- en Midden-Drenthe;09;Zuidwest-Drenthe;09;Zuidwest-Drenthe;04;Assen-Hoogeveen-Emmen;09;Zuid-West Drenthe;Noord
SBAO;Drenthe;41414;07MI;07MI00;School voor Speciaal Basisonderwijs De Carrousel;De Wielewaal;1;7905 GX;HOOGEVEEN;0118;HOOGEVEEN;Algemeen bijzonder;0528234444;www.renn4.nl; ;SBAO;De Wielewaal;1;7905 GX;HOOGEVEEN;14;Hoogeveen;05;Zuid- en Midden-Drenthe;09;Zuidwest-Drenthe;09;Zuidwest-Drenthe;04;Assen-Hoogeveen-Emmen;09;Zuid-West Drenthe;Noord
SBAO;Drenthe;41629;19QE;19QE00;Regionaal Expertisecentrum Reestoever;Jacob Marisstraat;1;7944 EM;MEPPEL;0119;MEPPEL;Openbaar;0522251575;www.stichtingpromes.nl; ;SBAO;Jacob Marisstraat;1;7944 EM;MEPPEL;15;Meppel;05;Zuid- en Midden-Drenthe;09;Zuidwest-Drenthe;09;Zuidwest-Drenthe;05;Zwolle-Meppel en omstreken;09;Zuid-West Drenthe;Noord
SBAO;Drenthe;42719;20BX;20BX00;School voor Speciaal Basisonderwijs De Meander;Wethouder Bergerweg;2-D;9406 XP;ASSEN;0106;ASSEN;Openbaar;0592820540;www.kindcentrum-demeander.nl; ;SBAO;Postbus;520;9400 AM;ASSEN;11;Assen;03;Centraal-Groningen;07;Noord- en Midden-Drenthe;07;Noord-Drenthe;04;Assen-Hoogeveen-Emmen;07;Noord- en Midden Drenthe;Noord
SBAO;Drenthe;42830;19CO;19CO00;Openbare School voor Speciaal Basisonderwijs De Catamaran;Wendeling;112;7824 TK;EMMEN;0114;EMMEN;Openbaar;0591613899;www.sbo-catamaran.nl; ;SBAO;Wendeling;112;7824 TK;EMMEN;12;Emmen;05;Zuid- en Midden-Drenthe;08;Zuidoost-Drenthe;08;Zuidoost-Drenthe;04;Assen-Hoogeveen-Emmen;08;Zuid-Oost Drenthe;Noord
SBAO;Drenthe;42854;19QJ;19QJ00;School voor Speciaal Basisonderwijs t Hoge Holt;Lijsterbesstraat;1;9301 MK;RODEN;1699;NOORDENVELD;Openbaar;0505019328;www.thogeholt.nl; ;SBAO;Postbus;34;9300 AA;RODEN;01;Groningen;03;Centraal-Groningen;07;Noord- en Midden-Drenthe;07;Noord-Drenthe;01;Groningen en omstreken;07;Noord- en Midden Drenthe;Noord
SBAO;Drenthe;45000;01BO;01BO00;School voor Speciaal Basisonderwijs Toermalijn;Sparrenlaan;4-5;7822 EM;EMMEN;0114;EMMEN;Rooms-Katholiek;0591658066;www.toermalijn-sbo.nl; ;SBAO;Sparrenlaan;4-5;7822 EM;EMMEN;12;Emmen;05;Zuid- en Midden-Drenthe;08;Zuidoost-Drenthe;08;Zuidoost-Drenthe;04;Assen-Hoogeveen-Emmen;08;Zuid-Oost Drenthe;Noord
SBAO;Flevoland;40114;24FT;24FT00;School voor Speciaal Basisonderwijs De Klimop;Rossinistraat;5;1323 BP;ALMERE;0034;ALMERE;Algemeen bijzonder;0365364814;www.de-klimop.nl; ;SBAO;Rossinistraat;5;1323 BP;ALMERE;28;Harderwijk;15;Flevoland;18;Flevoland;40;Flevoland;10;Harderwijk-Amersfoort;18;Flevoland;Noord
SBAO;Flevoland;40662;16TH;16TH00;SBO De Klimboom;Vogelsant;6;8303 ZR;EMMELOORD;0171;NOORDOOSTPOLDER;Protestants-Christelijk;0527613941;WWW.DEKLIMBOOM-EMMELOORD.NL; ;SBAO;Vogelsant;6;8303 ZR;EMMELOORD;17;Noordoostpolder;15;Flevoland;18;Flevoland;40;Flevoland;05;Zwolle-Meppel en omstreken;18;Flevoland;Noord
SBAO;Flevoland;41676;15SJ;15SJ00;SBO de Watertuin;Churchillweg;3;1314 RA;ALMERE;0034;ALMERE;Openbaar;0365333548;www.watertuin.asg-almere.nl; ;SBAO;Churchillweg;3;1314 RA;ALMERE;28;Harderwijk;15;Flevoland;18;Flevoland;40;Flevoland;10;Harderwijk-Amersfoort;18;Flevoland;Noord
SBAO;Flevoland;41676;17FI;17FI00;School voor Speciaal Basisonderwijs De Bombardon;Simon van Collemstraat;7;1325 NA;ALMERE;0034;ALMERE;Openbaar;0365373560;www.bombardon.asg-almere.nl; ;SBAO;Simon van Collemstraat;7;1325 NA;ALMERE;28;Harderwijk;15;Flevoland;18;Flevoland;40;Flevoland;10;Harderwijk-Amersfoort;18;Flevoland;Noord
SBAO;Flevoland;41813;01AC;01AC00;School voor Speciaal Basisonderwijs De Driemaster;Werfstraat;10;8251 GP;DRONTEN;0303;DRONTEN;Algemeen bijzonder;0321315619;www.sbodriemaster.nl; ;SBAO;Postbus;129;8250 AC;DRONTEN;18;Zwolle;15;Flevoland;18;Flevoland;40;Flevoland;05;Zwolle-Meppel en omstreken;18;Flevoland;Noord
SBAO;Flevoland;42552;14AK;14AK00;School voor Speciaal Basisonderwijs De Kei;Kamp 39;5;8225 HA;LELYSTAD;0995;LELYSTAD;Openbaar;0320240563;www.sbodekei.nl; ;SBAO;Kamp 39;5;8225 HA;LELYSTAD;28;Harderwijk;15;Flevoland;18;Flevoland;40;Flevoland;10;Harderwijk-Amersfoort;18;Flevoland;Noord
SBAO;Friesland;40342;14WQ;14WQ00;Chr School voor Speciaal Basisonderwijs Sjalom;John F. Kennedylaan;6;9203 JV;DRACHTEN;0090;SMALLINGERLAND;Protestants-Christelijk;0512515761;www.sbosjalom.nl; ;SBAO;John F. Kennedylaan;6;9203 JV;DRACHTEN;07;Smallingerland;04;Fryslân;06;Friesland-Oost;06;Zuidoost-Friesland;03;Friesland;06;Friesland-Oost ('de Friese Wouden');Noord
SBAO;Friesland;40636;02BJ;02BJ00;Christelijke School voor Speciaal Basisonderwijs Aquamarijn;Brandemeer;35;8918 CT;LEEUWARDEN;0080;LEEUWARDEN;Protestants-Christelijk;0582662271;www.sbo-aquamarijn.nl; ;SBAO;Brandemeer;35;8918 CT;LEEUWARDEN;10;Leeuwarden;04;Fryslân;04;Friesland-Noord;04;Noord-Friesland;03;Friesland;04;Friesland Noord;Noord
SBAO;Friesland;40788;01CE;01CE00;School voor Speciaal Basisonderwijs De Twine;Hantumerweg;28;9101 AB;DOKKUM;1970;NOARDEAST-FRYSLAN;Protestants-Christelijk;0519294630;www.detwine.nl; ;SBAO;Postbus;166;9100 AD;DOKKUM;10;Leeuwarden;04;Fryslân;04;Friesland-Noord;04;Noord-Friesland;03;Friesland;04;Friesland Noord;Noord
SBAO;Friesland;41573;19QV;19QV00;School voor Speciaal Basisonderwijs It Oerset;Domela Nieuwenhuisweg;7;8448 GK;HEERENVEEN;0074;HEERENVEEN;Openbaar;0513622642;www.it-oerset.nl; ;SBAO;Domela Nieuwenhuisweg;7;8448 GK;HEERENVEEN;08;Heerenveen;04;Fryslân;06;Friesland-Oost;06;Zuidoost-Friesland;03;Friesland;06;Friesland-Oost ('de Friese Wouden');Noord
SBAO;Friesland;41631;19QX;19QX00;School voor Speciaal Basisonderwijs De Triade;Andries Veenstrastraat;27;8471 AW;WOLVEGA;0098;WESTSTELLINGWERF;Openbaar;0561612294;www.detriadewolvega.nl; ;SBAO;Andries Veenstrastraat;27;8471 AW;WOLVEGA;08;Heerenveen;04;Fryslân;06;Friesland-Oost;06;Zuidoost-Friesland;03;Friesland;06;Friesland-Oost ('de Friese Wouden');Noord
SBAO;Friesland;41631;19RM;19RM00;School voor Speciaal Basisonderwijs De Kampingerhof;Kampingerhof;2;8431 AS;OOSTERWOLDE FR;0085;OOSTSTELLINGWERF;Openbaar;0516512562;www.sbodekampingerhof.nl; ;SBAO;Kampingerhof;2;8431 AS;OOSTERWOLDE FR;07;Smallingerland;04;Fryslân;06;Friesland-Oost;06;Zuidoost-Friesland;03;Friesland;06;Friesland-Oost ('de Friese Wouden');Noord
SBAO;Friesland;41693;12DV;12DV00;School voor Speciaal Basisonderwijs De Bolder;IJsbaanweg;2;8801 ER;FRANEKER;1949;WAADHOEKE;Openbaar;0517392655;https://www.sbo-debolder.nl/; ;SBAO;IJsbaanweg;2;8801 ER;FRANEKER;10;Leeuwarden;04;Fryslân;04;Friesland-Noord;04;Noord-Friesland;03;Friesland;04;Friesland Noord;Noord
SBAO;Friesland;41735;19QG;19QG00;It Heechhof;'t Swin;8;9201 XZ;DRACHTEN;0090;SMALLINGERLAND;Openbaar;0512541533;www.itheechhof.nl; ;SBAO;'t Swin;8;9201 XZ;DRACHTEN;07;Smallingerland;04;Fryslân;06;Friesland-Oost;06;Zuidoost-Friesland;03;Friesland;06;Friesland-Oost ('de Friese Wouden');Noord
SBAO;Friesland;41850;19TP;19TP00;Eigen Wijs SBO;Verdistraat;2;8915 CD;LEEUWARDEN;0080;LEEUWARDEN;Openbaar;0582125818;www.ikc-eigenwijs.nl; ;SBAO;Verdistraat;2;8915 CD;LEEUWARDEN;10;Leeuwarden;04;Fryslân;04;Friesland-Noord;04;Noord-Friesland;03;Friesland;04;Friesland Noord;Noord
SBAO;Friesland;41856;19RC;19RC00;SBO Wetterwille;Simmerdyk;3;8601 ZP;SNEEK;1900;SUDWEST-FRYSLAN;Openbaar;0515859860;www.sbowetterwille.nl; ;SBAO;Simmerdyk;3;8601 ZP;SNEEK;09;Sneek;04;Fryslân;05;Zuidwest-Friesland;05;Zuidwest-Friesland;03;Friesland;05;Zuid-West Friesland;Noord
SBAO;Friesland;85321;07FF;07FF00;School voor Speciaal Basisonderwijs de Sudwester;Kaatsland;5-B;8608 CX;SNEEK;1900;SUDWEST-FRYSLAN;Protestants-Christelijk;0515414110;www.sbo-sudwester.nl; ;SBAO;Postbus;487;8600 AL;SNEEK;09;Sneek;04;Fryslân;05;Zuidwest-Friesland;05;Zuidwest-Friesland;03;Friesland;05;Zuid-West Friesland;Noord
SBAO;Gelderland;25897;02AJ;02AJ00;Christelijke School voor Speciaal Basisonderwijs De Vogelhorst;Ds. E. Fransenlaan;1;3772 TX;BARNEVELD;0203;BARNEVELD;Protestants-Christelijk;0342413856; ; ;SBAO;Ds. E. Fransenlaan;1;3772 TX;BARNEVELD;35;Amersfoort;10;De Vallei;16;Eem en Vallei;13;Veluwe;10;Harderwijk-Amersfoort;16;Eem en Vallei;Midden
SBAO;Gelderland;29810;00KU;00KU00;SBO de Windroos, locatie Lindenholt;de Gildekamp;6022;6545 LX;NIJMEGEN;0268;NIJMEGEN;Protestants-Christelijk;0243730209;www.windrooslindenholt.nl; ;SBAO;de Gildekamp;6022;6545 LX;NIJMEGEN;30;Nijmegen;13;Nijmegen;14;Arnhem/Nijmegen;15;Arnhem/Nijmegen;11;Oostelijk Maas-Waalgebied;40;Rijk van Nijmegen;Zuid
SBAO;Gelderland;29810;15GW;15GW00;SBO de Windroos, locatie de Goffert;Tapirstraat;2;6532 AL;NIJMEGEN;0268;NIJMEGEN;Rooms-Katholiek;0243590900;www.windroosgoffert.nl; ;SBAO;Tapirstraat;2;6532 AL;NIJMEGEN;30;Nijmegen;13;Nijmegen;14;Arnhem/Nijmegen;15;Arnhem/Nijmegen;11;Oostelijk Maas-Waalgebied;40;Rijk van Nijmegen;Zuid
SBAO;Gelderland;38001;20NV;20NV00;SBO de Bolster;Homberg;2994;6601 XR;WIJCHEN;0296;WIJCHEN;Rooms-Katholiek;0246454241;www.sbodebolster.nl; ;SBAO;Stationsplein;1;6602 BN;WIJCHEN;30;Nijmegen;13;Nijmegen;14;Arnhem/Nijmegen;15;Arnhem/Nijmegen;11;Oostelijk Maas-Waalgebied;40;Rijk van Nijmegen;Zuid
SBAO;Gelderland;40631;01FN;01FN00;School voor Speciaal Basisonderwijs SAM, locatie Bodden Hosang;Boddens Hosangstraat;98;7002 JA;DOETINCHEM;0222;DOETINCHEM;Algemeen bijzonder;0263537480;www.sbosam.nl; ;SBAO;Postbus;821;6800 AV;ARNHEM;25;Doetinchem;12;Achterhoek;13;Oost-Gelderland;14;Achterhoek;08;Zuidelijke Achterhoek;13;Achterhoek;Midden
SBAO;Gelderland;40631;19PA;19PA00;School voor Speciaal Basisonderwijs SAM, locatie van Limburg Stirum;van Limburg Stirumlaan;5;7003 BG;DOETINCHEM;0222;DOETINCHEM;Algemeen bijzonder;0314341916;www.sbosam.nl; ;SBAO;van Limburg Stirumlaan;5;7003 BG;DOETINCHEM;25;Doetinchem;12;Achterhoek;13;Oost-Gelderland;14;Achterhoek;08;Zuidelijke Achterhoek;13;Achterhoek;Midden
SBAO;Gelderland;40812;00IH;00IH00;De Horizon;Groningensingel;1183;6835 HZ;ARNHEM;0202;ARNHEM;Rooms-Katholiek;0263229170;www.de-horizon.nl; ;SBAO;Postbus;30342;6803 AH;ARNHEM;26;Arnhem;11;IJssel en Rijn;14;Arnhem/Nijmegen;15;Arnhem/Nijmegen;09;Arnhem en omstreken;41;Arnhem;Zuid
SBAO;Gelderland;40901;00ZR;00ZR00;School voor Speciaal Basisonderwijs De Schilderspoort;Mercurion;36;6903 PZ;ZEVENAAR;0299;ZEVENAAR;Algemeen bijzonder;0316527249;www.schilderspoort.nl; ;SBAO;Mercurion;36;6903 PZ;ZEVENAAR;26;Arnhem;11;IJssel en Rijn;14;Arnhem/Nijmegen;15;Arnhem/Nijmegen;09;Arnhem en omstreken;41;Arnhem;Zuid
SBAO;Gelderland;41340;14VI;14VI00;School voor Speciaal Basisonderwijs De Dijk;Heuvel;61-63;6651 DB;DRUTEN;0225;DRUTEN;Rooms-Katholiek;0487512694;www.sbodedijk.nl; ;SBAO;Heuvel;61-63;6651 DB;DRUTEN;30;Nijmegen;13;Nijmegen;15;Rivierenland;15;Arnhem/Nijmegen;11;Oostelijk Maas-Waalgebied;40;Rijk van Nijmegen;Zuid
SBAO;Gelderland;41340;23XT;23XT00;School voor Speciaal Basisonderwijs Klavervier;Koolzaadveld;1;6641 ST;BEUNINGEN GLD;0209;BEUNINGEN;Openbaar;0246772811;www.klavervier-sbo.nl; ;SBAO;Koolzaadveld;1;6641 ST;BEUNINGEN GLD;30;Nijmegen;13;Nijmegen;14;Arnhem/Nijmegen;15;Arnhem/Nijmegen;11;Oostelijk Maas-Waalgebied;40;Rijk van Nijmegen;Zuid
SBAO;Gelderland;41413;19WC;19WC00;School voor Speciaal Basisonderwijs Diekmaat;Wheemerstraat;10;7161 AN;NEEDE;1859;BERKELLAND;Openbaar;0545250020;www.sbodiekmaat.nl; ;SBAO;Wheemerstraat;10;7161 AN;NEEDE;22;Enschede;12;Achterhoek;13;Oost-Gelderland;14;Achterhoek;06;Twente;13;Achterhoek;Midden
SBAO;Gelderland;41424;18YH;18YH00;School voor Speciaal Basisonderwijs Koningin Juliana;Oranje Nassaulaan;41;4101 JS;CULEMBORG;0216;CULEMBORG;Protestants-Christelijk;0345512951;www.julianaschool-culemborg.nl; ;SBAO;Oranje Nassaulaan;41;4101 JS;CULEMBORG;33;Culemborg;14;Rivierenland;15;Rivierenland;16;Zuidwest-Gelderland;13;Utrecht en omstreken;15;Rivierenland;Midden
SBAO;Gelderland;41461;19QS;19QS00;De Dijk;Marijkeweg;1;6708 AA;WAGENINGEN;0289;WAGENINGEN;Openbaar;0317412030; ; ;SBAO;Postbus;171;6700 AD;WAGENINGEN;29;Ede;10;De Vallei;16;Eem en Vallei;13;Veluwe;09;Arnhem en omstreken;16;Eem en Vallei;Midden
SBAO;Gelderland;41463;19SN;19SN00;School voor Speciaal Basisonderwijs De Korenburg;Morsestraat;21-A;7101 JA;WINTERSWIJK;0294;WINTERSWIJK;Openbaar;0543512214;www.dekorenburg.nl; ;SBAO;Postbus;391;7100 AJ;WINTERSWIJK;24;Winterswijk;12;Achterhoek;13;Oost-Gelderland;14;Achterhoek;08;Zuidelijke Achterhoek;13;Achterhoek;Midden
SBAO;Gelderland;41566;19UG;19UG00;School voor Speciaal Basisonderwijs Het Mozaiek;Paulus Potterstraat;8;7204 CV;ZUTPHEN;0301;ZUTPHEN;Openbaar;0575512452; ; ;SBAO;Paulus Potterstraat;8;7204 CV;ZUTPHEN;23;Zutphen;09;Stedendriehoek;11;Stedendriehoek;14;Achterhoek;07;Apeldoorn en midden-IJsselgebied;11;Stedendriehoek;Midden
SBAO;Gelderland;41616;20QG;20QG00;De Boemerang, openbare school voor speciaal onderwijs;Zilverschoon;104;7322 GK;APELDOORN;0200;APELDOORN;Openbaar;0553602740;www.boemerang.info; ;SBAO;Zilverschoon;104;7322 GK;APELDOORN;27;Apeldoorn;09;Stedendriehoek;11;Stedendriehoek;13;Veluwe;07;Apeldoorn en midden-IJsselgebied;11;Stedendriehoek;Midden
SBAO;Gelderland;41617;19QL;19QL00;S.B.O. 't Sterrenbos;Valeriuslaan;18;6952 EK;DIEREN;0275;RHEDEN;Openbaar;0313414782;www.sterrenbos.nu; ;SBAO;Valeriuslaan;18;6952 EK;DIEREN;26;Arnhem;11;IJssel en Rijn;14;Arnhem/Nijmegen;15;Arnhem/Nijmegen;09;Arnhem en omstreken;41;Arnhem;Zuid
SBAO;Gelderland;41645;02NY;02NY00;SBO De Klaproos;Kluizeweg;189;6815 EC;ARNHEM;0202;ARNHEM;Samenwerking PC, RK;0264435012;www.sbo-deklaproos.nl; ;SBAO;Kluizeweg;189;6815 EC;ARNHEM;26;Arnhem;11;IJssel en Rijn;14;Arnhem/Nijmegen;15;Arnhem/Nijmegen;09;Arnhem en omstreken;41;Arnhem;Zuid
SBAO;Gelderland;41645;12VW;12VW00;School voor Speciaal Basisonderwijs De Piramide;Groningensingel;1185;6835 HZ;ARNHEM;0202;ARNHEM;Openbaar;0263271876;www.sbodepiramide-arnhem.nl; ;SBAO;Groningensingel;1185;6835 HZ;ARNHEM;26;Arnhem;11;IJssel en Rijn;14;Arnhem/Nijmegen;15;Arnhem/Nijmegen;09;Arnhem en omstreken;41;Arnhem;Zuid
SBAO;Gelderland;41671;02CX;02CX00;School voor Speciaal Basisonderwijs Koningin Emma;Scherpencamp;42;3861 LT;NIJKERK;0267;NIJKERK;Protestants-Christelijk;0332451371; ; ;SBAO;Scherpencamp;42;3861 LT;NIJKERK;35;Amersfoort;10;De Vallei;16;Eem en Vallei;13;Veluwe;10;Harderwijk-Amersfoort;16;Eem en Vallei;Midden
SBAO;Gelderland;41671;02WU;02WU00;Christelijke School voor Speciaal Basisonderwijs De Springplank;Kruithuis;2;3844 DH;HARDERWIJK;0243;HARDERWIJK;Protestants-Christelijk;0341431250;www.sbospringplank.nl; ;SBAO;Kruithuis;2;3844 DH;HARDERWIJK;28;Harderwijk;08;Noordwest-Veluwe;17;Noordwest-Veluwe;13;Veluwe;10;Harderwijk-Amersfoort;17;Noordwest-Veluwe;Midden
SBAO;Gelderland;41671;05OX;05OX00;Chr School voor Speciaal Basisonderwijs De Arend;Oosterlaan;147;8072 BW;NUNSPEET;0302;NUNSPEET;Protestants-Christelijk;0341252570;www.arendnunspeet.nl; ;SBAO;Oosterlaan;147;8072 BW;NUNSPEET;28;Harderwijk;08;Noordwest-Veluwe;17;Noordwest-Veluwe;13;Veluwe;10;Harderwijk-Amersfoort;17;Noordwest-Veluwe;Midden
SBAO;Gelderland;41787;02WC;02WC00;Nieuw Hessen;Hessenweg;4;7121 MG;AALTEN;0197;AALTEN;Protestants-Christelijk; ; ; ;SBAO;Hessenweg;4;7121 MG;AALTEN;24;Winterswijk;12;Achterhoek;13;Oost-Gelderland;14;Achterhoek;08;Zuidelijke Achterhoek;13;Achterhoek;Midden
SBAO;Gelderland;41876;01ZA;01ZA00;School voor Speciaal Basisonderwijs De Wissel;W.J. Bladergroenstraat;3;4002 AZ;TIEL;0281;TIEL;Algemeen bijzonder;0344613359;www.dewisseltiel.nl; ;SBAO;W.J. Bladergroenstraat;3;4002 AZ;TIEL;31;Tiel;14;Rivierenland;15;Rivierenland;16;Zuidwest-Gelderland;11;Oostelijk Maas-Waalgebied;15;Rivierenland;Midden
SBAO;Gelderland;42486;01GQ;01GQ00;RK School voor Speciaal Basisonderwijs Carolus;Cranenburgsestraat;112-C;6561 AR;GROESBEEK;1945;BERG EN DAL;Rooms-Katholiek;0246843298;www.sbocarolus.nl; ;SBAO;Postbus;140;6560 AC;GROESBEEK;30;Nijmegen;13;Nijmegen;14;Arnhem/Nijmegen;15;Arnhem/Nijmegen;11;Oostelijk Maas-Waalgebied;40;Rijk van Nijmegen;Zuid
SBAO;Gelderland;42587;14RX;14RX00;CNS-SBO de Regenboog;Generaal Spoorlaan;2-4;6711 LX;EDE;0228;EDE;Protestants-Christelijk;0318658770;www.sboderegenboog.cnsede.nl; ;SBAO;Generaal Spoorlaan;2-4;6711 LX;EDE;29;Ede;10;De Vallei;16;Eem en Vallei;13;Veluwe;09;Arnhem en omstreken;16;Eem en Vallei;Midden
SBAO;Gelderland;42818;04CV;04CV00;De Vorm KSBO;Waleweingaarde;114;7329 BD;APELDOORN;0200;APELDOORN;Rooms-Katholiek;0555335472;www.sbo-devorm.nl; ;SBAO;Waleweingaarde;114;7329 BD;APELDOORN;27;Apeldoorn;09;Stedendriehoek;11;Stedendriehoek;13;Veluwe;07;Apeldoorn en midden-IJsselgebied;11;Stedendriehoek;Midden
SBAO;Gelderland;42828;14VP;14VP00;Het Gele Park - speciaal basisonderwijs;Varsseveldseweg;47;7131 BH;LICHTENVOORDE;1586;OOST GELRE;Rooms-Katholiek;0544371202;www.hetgelepark.nl; ;SBAO;Varsseveldseweg;47;7131 BH;LICHTENVOORDE;24;Winterswijk;12;Achterhoek;13;Oost-Gelderland;14;Achterhoek;08;Zuidelijke Achterhoek;13;Achterhoek;Midden
SBAO;Gelderland;62129;08CG;08CG00;School voor Speciaal Basisonderwijs vd Reijden;Prinses Marijkestraat;10;8162 BB;EPE;0232;EPE;Algemeen bijzonder;0578612159; ; ;SBAO;Prinses Marijkestraat;10;8162 BB;EPE;27;Apeldoorn;09;Stedendriehoek;11;Stedendriehoek;13;Veluwe;07;Apeldoorn en midden-IJsselgebied;11;Stedendriehoek;Midden
SBAO;Gelderland;71956;02CQ;02CQ00;School voor Speciaal Basisonderwijs De Vlinderboom;Dorpsstraat;10;6681 BN;BEMMEL;1705;LINGEWAARD;Rooms-Katholiek;0481462344;www.sbodevlinderboom.nl; ;SBAO;Postbus;203;6680 AE;BEMMEL;30;Nijmegen;11;IJssel en Rijn;14;Arnhem/Nijmegen;15;Arnhem/Nijmegen;11;Oostelijk Maas-Waalgebied;41;Arnhem;Zuid
SBAO;Gelderland;72464;01FJ;01FJ00;School voor Speciaal Basisonderwijs De Prinsenhof;Mr. Van Hasseltlaan;57;7316 DK;APELDOORN;0200;APELDOORN;Protestants-Christelijk;0555889889; ; ;SBAO;Mr. Van Hasseltlaan;57;7316 DK;APELDOORN;27;Apeldoorn;09;Stedendriehoek;11;Stedendriehoek;13;Veluwe;07;Apeldoorn en midden-IJsselgebied;11;Stedendriehoek;Midden
SBAO;Gelderland;74049;04VC;04VC00;School voor Speciaal Basisonderwijs Toermalijn;Wielkamp;1;5301 DB;ZALTBOMMEL;0297;ZALTBOMMEL;Algemeen bijzonder;0738442610;www.toermalijnzaltbommel.nl; ;SBAO;Wielkamp;1;5301 DB;ZALTBOMMEL;32;Zaltbommel;14;Rivierenland;15;Rivierenland;16;Zuidwest-Gelderland;12;Noord-Noord-Brabant;15;Rivierenland;Zuid
SBAO;Gelderland;84515;01ST;01ST00;Rehoboth SBO, Ochten;Het Katsland;6;4051 KA;OCHTEN;1740;NEDER-BETUWE;Reformatorisch;0344644601;www.rehobothoz.nl; ;SBAO;Het Katsland;6;4051 KA;OCHTEN;31;Tiel;14;Rivierenland;15;Rivierenland;16;Zuidwest-Gelderland;11;Oostelijk Maas-Waalgebied;15;Rivierenland;Midden
SBAO;Gelderland;84515;24DF;24DF00;Rehoboth SBO, Barneveld;Schoutenstraat;113;3771 CH;BARNEVELD;0203;BARNEVELD;Reformatorisch;0342200300;www.rehobothoz.nl; ;SBAO;Postbus;301;3770 AH;BARNEVELD;35;Amersfoort;10;De Vallei;16;Eem en Vallei;13;Veluwe;10;Harderwijk-Amersfoort;16;Eem en Vallei;Midden
SBAO;Groningen;40851;02WR;02WR00;Christelijke school voor Speciaal Basisonderwijs Fiduciaschool;Distributiestraat;1;9728 CR;GRONINGEN;0014;GRONINGEN;Protestants-Christelijk;0505256796;www.fiduciaschool.nl; ;SBAO;Distributiestraat;1;9728 CR;GRONINGEN;01;Groningen;03;Centraal-Groningen;03;Centraal en westelijk Groningen;03;Overig Groningen;01;Groningen en omstreken;03;Centraal en Westelijk Groningen;Noord
SBAO;Groningen;40851;14WU;14WU00;School voor Speciaal Basisonderwijs De Kimkiel;Kluiverboom;9;9732 KZ;GRONINGEN;0014;GRONINGEN;Protestants-Christelijk;0505772985;www.dekimkiel.nl; ;SBAO;Kluiverboom;9;9732 KZ;GRONINGEN;01;Groningen;03;Centraal-Groningen;03;Centraal en westelijk Groningen;03;Overig Groningen;01;Groningen en omstreken;03;Centraal en Westelijk Groningen;Noord
SBAO;Groningen;41358;01KY;01KY00;SBO De Baldakijn;Vlaanderenlaan;11;9501 TJ;STADSKANAAL;0037;STADSKANAAL;Algemeen bijzonder;0599652652;www.debaldakijn.picto.nl; ;SBAO;Postbus;100;9500 AC;STADSKANAAL;06;Stadskanaal;02;Oost-Groningen;01;Oost-Groningen;01;Oost-Groningen;02;Oost-Groningen;01;Oost-Groningen;Noord
SBAO;Groningen;41414;19RA;19RA00;SBO De Delta;Olingermeeden;3;9903 ES;APPINGEDAM;1979;EEMSDELTA;Algemeen bijzonder;0596682551;www.renn4.nl; ;SBAO;Postbus;198;9900 AD;APPINGEDAM;02;Appingedam/Delfzijl;01;Noord-Groningen;02;Noord-Groningen en Eemsmond;02;Delfzijl en omgeving;01;Groningen en omstreken;02;Noord-Groningen-Eemsmond;Noord
SBAO;Groningen;41414;19ZN;19ZN00;SBO De Sterren;Zuiderkroon;8;9602 MZ;HOOGEZAND;1952;MIDDEN-GRONINGEN;Algemeen bijzonder;0598350360;www.renn4.nl/school/de-sterren; ;SBAO;Postbus;531;9600 AM;HOOGEZAND;03;Hoogezand-Sappemeer;03;Centraal-Groningen;03;Centraal en westelijk Groningen;03;Overig Groningen;01;Groningen en omstreken;03;Centraal en Westelijk Groningen;Noord
SBAO;Groningen;41613;19SW;19SW00;SBO Delta;Grintweg;70;9675 HL;WINSCHOTEN;1895;OLDAMBT;Openbaar;0597414180;www.sbodelta.nl; ;SBAO;Postbus;320;9670 AH;WINSCHOTEN;05;Winschoten;02;Oost-Groningen;01;Oost-Groningen;01;Oost-Groningen;02;Oost-Groningen;01;Oost-Groningen;Noord
SBAO;Groningen;41780;19TV;19TV00;Gespecialiseerd Onderwijs Westerwinde;Boven Westerdiep;10;9641 LJ;VEENDAM;0047;VEENDAM;Openbaar;0598612063;https://kcwesterwinde.nl; ;SBAO;Boven Westerdiep;10;9641 LJ;VEENDAM;04;Veendam;02;Oost-Groningen;01;Oost-Groningen;01;Oost-Groningen;02;Oost-Groningen;01;Oost-Groningen;Noord
SBAO;Groningen;42510;19VC;19VC00;School voor Speciaal Basisonderwijs Dr Bekenkamp;Blekerslaan;1;9724 EJ;GRONINGEN;0014;GRONINGEN;Openbaar;0503210456;https://bekenkampschool.openbaaronderwijsgroningen.nl; ;SBAO;Blekerslaan;1;9724 EJ;GRONINGEN;01;Groningen;03;Centraal-Groningen;03;Centraal en westelijk Groningen;03;Overig Groningen;01;Groningen en omstreken;03;Centraal en Westelijk Groningen;Noord
SBAO;Groningen;42510;19VC;19VC01;School voor Speciaal Basisonderwijs Dr Bekenkamp;Wilgenlaan;1;9741 BX;GRONINGEN;0014;GRONINGEN;Openbaar;0503210457;https://bekenkampschool.o2g2.nl; ;SBAO;Blekerslaan;1;9724 EJ;GRONINGEN;01;Groningen;03;Centraal-Groningen;03;Centraal en westelijk Groningen;03;Overig Groningen;01;Groningen en omstreken;03;Centraal en Westelijk Groningen;Noord
SBAO;Groningen;42607;22LH;22LH00;De Tweemaster - SBO;Koperstraat;4;9743 RW;GRONINGEN;0014;GRONINGEN;Gereformeerd vrijgemaakt;0505752850;https://detweemastergroningen.nl; ;SBAO;Postbus;70018;9704 AA;GRONINGEN;01;Groningen;03;Centraal-Groningen;03;Centraal en westelijk Groningen;03;Overig Groningen;01;Groningen en omstreken;03;Centraal en Westelijk Groningen;Noord
SBAO;Limburg;23961;00TN;00TN00;School voor Speciaal Basisonderwijs Op de Tump;Panheelderweg;29;6097 AH;HEEL;1641;MAASGOUW;Algemeen bijzonder;0475571215;www.sbo-opdetump.nl; ;SBAO;Panheelderweg;29;6097 AH;HEEL;77;Roermond;31;Roermond;39;Midden-Limburg;38;Midden-Limburg;24;Roermond en omstreken;38;Gewest Limburg-Noord;Zuid
SBAO;Limburg;37663;02RU;02RU00;School voor Speciaal Basisonderwijs De Piramide;Martinushof;21;6591 DM;GENNEP;0907;GENNEP;Rooms-Katholiek;0485519025;www.sbo-piramide.nl; ;SBAO;Martinushof;21;6591 DM;GENNEP;30;Nijmegen;29;Noord-Limburg;38;Noord-Limburg;37;Noord-Limburg;11;Oostelijk Maas-Waalgebied;38;Gewest Limburg-Noord;Zuid
SBAO;Limburg;41018;16PD;16PD00;Talentencampus Venlo Speciaal Basisonderwijs;Rijnbeekstraat;8;5913 GB;VENLO;0983;VENLO;Rooms-Katholiek;0778500026;www.talentencampusvenlo.nl; ;SBAO;Postbus;412;5900 AK;VENLO;76;Venlo;29;Noord-Limburg;38;Noord-Limburg;37;Noord-Limburg;23;Noord-Limburg;38;Gewest Limburg-Noord;Zuid
SBAO;Limburg;41373;03LO;03LO00;Talententuin Maastricht;Marienwaard;57;6222 AM;MAASTRICHT;0935;MAASTRICHT;Rooms-Katholiek;0433637803;www.talententuinmaastricht.nl; ;SBAO;Marienwaard;57;6222 AM;MAASTRICHT;80;Maastricht;34;Maastricht Mergelland;42;Maastricht en Mergelland;39;Zuid-Limburg;25;Zuid-Limburg;39;Gewest Zuid-Limburg;Zuid
SBAO;Limburg;41506;17VV;17VV00;School voor Speciaal Basisonderwijs St Bernardus;Willem Vliegenstraat;5;6271 DA;GULPEN;1729;GULPEN-WITTEM;Rooms-Katholiek;0434506150;https://www.sbo-bernardus.nl/; ;SBAO;Willem Vliegenstraat;5;6271 DA;GULPEN;80;Maastricht;34;Maastricht Mergelland;42;Maastricht en Mergelland;39;Zuid-Limburg;25;Zuid-Limburg;39;Gewest Zuid-Limburg;Zuid
SBAO;Limburg;41506;20KL;20KL00;RK speciale school voor basisonderwijs de Griffel;Heldevierlaan;6;6415 SB;HEERLEN;0917;HEERLEN;Rooms-Katholiek;0455724910;www.sbo-degriffel.nl; ;SBAO;Heldevierlaan;6;6415 SB;HEERLEN;79;Heerlen;33;Parkstad Limburg;41;Oostelijk Zuid-Limburg;39;Zuid-Limburg;25;Zuid-Limburg;39;Gewest Zuid-Limburg;Zuid
SBAO;Limburg;41516;00RX;00RX00;SBO Arcadia;Schoolstraat;86-88;6466 HX;KERKRADE;0928;KERKRADE;Rooms-Katholiek;0455412827;www.sbo-arcadia.nl; ;SBAO;Postbus;1197;6460 BD;KERKRADE;79;Heerlen;33;Parkstad Limburg;41;Oostelijk Zuid-Limburg;39;Zuid-Limburg;25;Zuid-Limburg;39;Gewest Zuid-Limburg;Zuid
SBAO;Limburg;41516;04TP;04TP00;School voor Speciaal Basisonderwijs De Wissel;Hereweg;175;6371 LZ;LANDGRAAF;0882;LANDGRAAF;Algemeen bijzonder;0455310720;www.sbodewissel.net; ;SBAO;Postbus;30042;6370 KA;LANDGRAAF;79;Heerlen;33;Parkstad Limburg;41;Oostelijk Zuid-Limburg;39;Zuid-Limburg;25;Zuid-Limburg;39;Gewest Zuid-Limburg;Zuid
SBAO;Limburg;41516;20AG;20AG00;SBO De Boemerang;De Insel;21;6442 AJ;BRUNSSUM;0899;BRUNSSUM;Rooms-Katholiek;0455257655;www.sbodeboemerang.nl; ;SBAO;De Insel;21;6442 AJ;BRUNSSUM;79;Heerlen;33;Parkstad Limburg;41;Oostelijk Zuid-Limburg;39;Zuid-Limburg;25;Zuid-Limburg;39;Gewest Zuid-Limburg;Zuid
SBAO;Limburg;41692;23HG;23HG00;School voor Speciaal Basisonderwijs De Balans;Heinsbergerweg;19-A;6045 CB;ROERMOND;0957;ROERMOND;Rooms-Katholiek;0475317923;www.synergieschool.nl; ;SBAO;Herkenbosscherweg;22;6045 AR;ROERMOND;77;Roermond;31;Roermond;39;Midden-Limburg;38;Midden-Limburg;24;Roermond en omstreken;38;Gewest Limburg-Noord;Zuid
SBAO;Limburg;44397;00SQ;00SQ00;Kindcentrum Kwispeldans;St. Antoniusstraat;121;5801 AR;VENRAY;0984;VENRAY;Rooms-Katholiek;0478582701;www.kwispeldans.nl; ;SBAO;St. Antoniusstraat;121;5801 AR;VENRAY;76;Venlo;29;Noord-Limburg;38;Noord-Limburg;37;Noord-Limburg;23;Noord-Limburg;38;Gewest Limburg-Noord;Zuid
SBAO;Limburg;47920;00YG;00YG00;Speciaal Basisonderwijs De Twister;Gebr. van Doornelaan;25;5961 BA;HORST;1507;HORST AAN DE MAAS;Rooms-Katholiek;0773981005;www.detwister.nu; ;SBAO;Gebr. van Doornelaan;25;5961 BA;HORST;76;Venlo;29;Noord-Limburg;38;Noord-Limburg;37;Noord-Limburg;23;Noord-Limburg;38;Gewest Limburg-Noord;Zuid
SBAO;Limburg;47959;02EG;02EG00;School voor Speciaal Basisonderwijs De Fontein;Schoutenring;32;5981 DS;PANNINGEN;1894;PEEL EN MAAS;Rooms-Katholiek;0773071489;www.sbodefontein.nl; ;SBAO;Schoutenring;32;5981 DS;PANNINGEN;76;Venlo;29;Noord-Limburg;38;Noord-Limburg;37;Noord-Limburg;23;Noord-Limburg;38;Gewest Limburg-Noord;Zuid
SBAO;Limburg;50819;00LS;00LS00;School voor Speciaal Basisonderwijs Het Palet;Beatrixlaan;1;6006 AH;WEERT;0988;WEERT;Rooms-Katholiek;0495535564;www.sbo-palet.nl; ;SBAO;Beatrixlaan;1;6006 AH;WEERT;75;Weert;30;Weert;39;Midden-Limburg;38;Midden-Limburg;22;Zuidoost-Noord-Brabant;38;Gewest Limburg-Noord;Zuid
SBAO;Limburg;75597;03SP;03SP00;School voor Speciaal Basisonderwijs De Lings;van Wevelickhovenstraat;9;5931 KS;TEGELEN;0983;VENLO;Rooms-Katholiek;0773737575;www.lings.kerobei.nl; ;SBAO;van Wevelickhovenstraat;9;5931 KS;TEGELEN;76;Venlo;29;Noord-Limburg;38;Noord-Limburg;37;Noord-Limburg;23;Noord-Limburg;38;Gewest Limburg-Noord;Zuid
SBAO;Limburg;75597;17KV;17KV00;School voor Speciaal Basisonderwijs De Schans;Albert Verweystraat;4;5921 AZ;VENLO;0983;VENLO;Rooms-Katholiek;0773824230;https://schans.kerobei.nl; ;SBAO;Albert Verweystraat;4;5921 AZ;VENLO;76;Venlo;29;Noord-Limburg;38;Noord-Limburg;37;Noord-Limburg;23;Noord-Limburg;38;Gewest Limburg-Noord;Zuid
SBAO;Limburg;83280;01DM;01DM00;School voor Speciaal Basisonderwijs De Diamant;Eloystraat;1-A;6166 XM;GELEEN;1883;SITTARD-GELEEN;Algemeen bijzonder;0464105736;www.sbodediamant.nl; ;SBAO;Eloystraat;1-A;6166 XM;GELEEN;78;Sittard;32;Westelijke Mijnstreek;40;Westelijke Mijnstreek;39;Zuid-Limburg;25;Zuid-Limburg;39;Gewest Zuid-Limburg;Zuid
SBAO;Limburg;83280;01GE;01GE00;School voor Speciaal Basisonderwijs De Horst;Kerkveldsweg Oost;7;6101 NM;ECHT;1711;ECHT-SUSTEREN;Algemeen bijzonder;0475483122;www.sbodehorst.nl; ;SBAO;Kerkveldsweg Oost;7;6101 NM;ECHT;77;Roermond;31;Roermond;39;Midden-Limburg;38;Midden-Limburg;24;Roermond en omstreken;38;Gewest Limburg-Noord;Zuid
SBAO;Noord-Brabant;30240;02SG;02SG00;School voor Speciaal Basisonderwijs De Toermalijn;Raafstraat;8;5702 PW;HELMOND;0794;HELMOND;Rooms-Katholiek;0492525273;www.sbo-de-toermalijn.nl; ;SBAO;Raafstraat;8;5702 PW;HELMOND;74;Helmond;28;Zuidoost-Brabant;37;Zuidoost-Brabant;36;Zuidoost-Noord-Brabant;22;Zuidoost-Noord-Brabant;37;Zuidoost-Brabant;Zuid
SBAO;Noord-Brabant;31384;05JT;05JT00;School voor Speciaal Basisonderwijs De Zonnewijzer;Haagstraat;136;5552 HP;VALKENSWAARD;0858;VALKENSWAARD;Rooms-Katholiek;0402018185;www.sbodezonnewijzer.nl; ;SBAO;Haagstraat;136;5552 HP;VALKENSWAARD;70;Eindhoven;28;Zuidoost-Brabant;37;Zuidoost-Brabant;36;Zuidoost-Noord-Brabant;22;Zuidoost-Noord-Brabant;37;Zuidoost-Brabant;Zuid
SBAO;Noord-Brabant;32177;20LC;20LC00;SBO De Tandem;Ereprijsstraat;1;5402 GA;UDEN;1991;MAASHORST;Rooms-Katholiek;0413332354;www.sbodetandemuden.nl; ;SBAO;Ereprijsstraat;1;5402 GA;UDEN;71;Uden;27;Noordoost-Brabant;36;Noordoost-Brabant;35;Noordoost-Noord-Brabant;12;Noord-Noord-Brabant;36;Noord-Oost-Brabant;Zuid
SBAO;Noord-Brabant;32580;02RT;02RT00;Kindcentrum SBO Petrus Donders;De Stroom;15;5421 HB;GEMERT;1652;GEMERT-BAKEL;Rooms-Katholiek;0492361242;www.petrusdondersschool.net; ;SBAO;De Stroom;15;5421 HB;GEMERT;74;Helmond;28;Zuidoost-Brabant;37;Zuidoost-Brabant;36;Zuidoost-Noord-Brabant;22;Zuidoost-Noord-Brabant;37;Zuidoost-Brabant;Zuid
SBAO;Noord-Brabant;40278;12XR;12XR00;Speciale School voor Basisonderwijs De Wissel;Van Oldeneellaan;18;4902 ZC;OOSTERHOUT NB;0826;OOSTERHOUT;Rooms-Katholiek;0162453685;www.dewisselsbo.nl; ;SBAO;Van Oldeneellaan;18;4902 ZC;OOSTERHOUT NB;66;Breda;25;West-Brabant;34;West-Brabant;33;West-Noord-Brabant;20;West-Noord-Brabant;34;West-Brabant;Zuid
SBAO;Noord-Brabant;40378;14VJ;14VJ00;School voor Speciaal Basisonderwijs De reis van Brandaan;Kanunnikensven;1;5646 JD;EINDHOVEN;0772;EINDHOVEN;Rooms-Katholiek;0402111822; ; ;SBAO;Kanunnikensven;1;5646 JD;EINDHOVEN;70;Eindhoven;28;Zuidoost-Brabant;37;Zuidoost-Brabant;36;Zuidoost-Noord-Brabant;22;Zuidoost-Noord-Brabant;37;Zuidoost-Brabant;Zuid
SBAO;Noord-Brabant;40378;19QB;19QB00;School voor Speciaal Basisonderwijs Petra;Faunuslaan;19;5631 KN;EINDHOVEN;0772;EINDHOVEN;Protestants-Christelijk;0402430970;www.sbopetraschool.nl; ;SBAO;Faunuslaan;19;5631 KN;EINDHOVEN;70;Eindhoven;28;Zuidoost-Brabant;37;Zuidoost-Brabant;36;Zuidoost-Noord-Brabant;22;Zuidoost-Noord-Brabant;37;Zuidoost-Brabant;Zuid
SBAO;Noord-Brabant;40517;02RC;02RC00;Speciale School voor Basisonderwijs De Driemaster;Maaslaan;10;4615 BP;BERGEN OP ZOOM;0748;BERGEN OP ZOOM;Rooms-Katholiek;0164254184;www.3mastersbo.nl; ;SBAO;Postbus;862;4600 AW;BERGEN OP ZOOM;64;Bergen op Zoom;25;West-Brabant;34;West-Brabant;33;West-Noord-Brabant;20;West-Noord-Brabant;34;West-Brabant;Zuid
SBAO;Noord-Brabant;40557;05GT;05GT00;Speciaal Basisonderwijs Van der Puttschool;Parallelweg;8;5664 AC;GELDROP;1771;GELDROP-MIERLO;Rooms-Katholiek;0402862464;https://www.vdputt.nl/; ;SBAO;Parallelweg;8;5664 AC;GELDROP;70;Eindhoven;28;Zuidoost-Brabant;37;Zuidoost-Brabant;36;Zuidoost-Noord-Brabant;22;Zuidoost-Noord-Brabant;37;Zuidoost-Brabant;Zuid
SBAO;Noord-Brabant;40941;02XG;02XG00;School voor Speciaal Basisonderwijs Mozaik;Willem de Zwijgerlaan;63;5061 TB;OISTERWIJK;0824;OISTERWIJK;Rooms-Katholiek;0135230690;www.sbomozaik.nl; ;SBAO;Willem de Zwijgerlaan;63;5061 TB;OISTERWIJK;68;Tilburg;26;Midden-Brabant;35;Midden-Brabant;34;Midden-Noord-Brabant;21;Tilburg en omstreken;35;Midden-Brabant;Zuid
SBAO;Noord-Brabant;41223;06IC;06IC00;SBO De Brigantijn;Schelde;1;5751 VJ;DEURNE;0762;DEURNE;Rooms-Katholiek;0493493138;www.sbodebrigantijn.nl; ;SBAO;Schelde;1;5751 VJ;DEURNE;74;Helmond;28;Zuidoost-Brabant;37;Zuidoost-Brabant;36;Zuidoost-Noord-Brabant;22;Zuidoost-Noord-Brabant;37;Zuidoost-Brabant;Zuid
SBAO;Noord-Brabant;41248;12EP;12EP00;Openbare School voor Speciaal Basisonderwijs De Vijfkamp;Torenberglaan;52;5628 EP;EINDHOVEN;0772;EINDHOVEN;Openbaar;0402411890;www.sbo-vijfkamp.nl; ;SBAO;Torenberglaan;52;5628 EP;EINDHOVEN;70;Eindhoven;28;Zuidoost-Brabant;37;Zuidoost-Brabant;36;Zuidoost-Noord-Brabant;22;Zuidoost-Noord-Brabant;37;Zuidoost-Brabant;Zuid
SBAO;Noord-Brabant;41248;20ZJ;20ZJ00;Jan Nieuwenhuizenschool;Maximiliaanstraat;2-A;5616 EP;EINDHOVEN;0772;EINDHOVEN;Algemeen bijzonder;0402516155;www.sbo-jns.nl; ;SBAO;Maximiliaanstraat;2-A;5616 EP;EINDHOVEN;70;Eindhoven;28;Zuidoost-Brabant;37;Zuidoost-Brabant;36;Zuidoost-Noord-Brabant;22;Zuidoost-Noord-Brabant;37;Zuidoost-Brabant;Zuid
SBAO;Noord-Brabant;41407;15LO;15LO00;Ons sbo;Ruusbroecstraat;21;4819 GD;BREDA;0758;BREDA;Rooms-Katholiek;0765220776;www.onssbo.nl; ;SBAO;Ruusbroecstraat;21;4819 GD;BREDA;66;Breda;25;West-Brabant;34;West-Brabant;33;West-Noord-Brabant;20;West-Noord-Brabant;34;West-Brabant;Zuid
SBAO;Noord-Brabant;41435;00KZ;00KZ00;SBO Het Zilverlicht;Rembrandtpark;67;5143 GH;WAALWIJK;0867;WAALWIJK;Rooms-Katholiek;0416334411;www.sbozilverlicht.nl; ;SBAO;Rembrandtpark;67;5143 GH;WAALWIJK;67;Waalwijk;26;Midden-Brabant;35;Midden-Brabant;34;Midden-Noord-Brabant;12;Noord-Noord-Brabant;35;Midden-Brabant;Zuid
SBAO;Noord-Brabant;41443;00WK;00WK00;School voor Speciaal Basisonderwijs De Wingerd;Havikshorst;23;5431 LZ;CUIJK;1982;LAND VAN CUIJK;Openbaar;0485312213;www.sbodewingerd.nl; ;SBAO;Havikshorst;23;5431 LZ;CUIJK;73;Boxmeer;27;Noordoost-Brabant;36;Noordoost-Brabant;35;Noordoost-Noord-Brabant;11;Oostelijk Maas-Waalgebied;36;Noord-Oost-Brabant;Zuid
SBAO;Noord-Brabant;41782;02WZ;02WZ00;SBO Het Palet;Mauritsweg;20;4791 JL;KLUNDERT;1709;MOERDIJK;Protestants-Christelijk;0168407207;www.paletklundert.nl; ;SBAO;Mauritsweg;20;4791 JL;KLUNDERT;65;Roosendaal en Nispen;25;West-Brabant;34;West-Brabant;33;West-Noord-Brabant;20;West-Noord-Brabant;34;West-Brabant;Zuid
SBAO;Noord-Brabant;42790;24DE;24DE01;School voor Speciaal Basisonderwijs De Akker;Wilgenlaan;1;4251 GE;WERKENDAM;1959;ALTENA;Reformatorisch;0183502711;www.sbodeakker.nl; ;SBAO;Postbus;320;3360 AH;SLIEDRECHT;52;Gorinchem;25;West-Brabant;34;West-Brabant;34;Midden-Noord-Brabant;18;Dordrecht-Gorinchem;34;West-Brabant;Midden
SBAO;Noord-Brabant;44201;00MI;00MI00;School voor Speciaal Basisonderwijs de Piramide;Biezeveld;14;5531 BX;BLADEL;1728;BLADEL;Rooms-Katholiek;0497360876;www.sbo-depiramide.nl; ;SBAO;Biezeveld;14;5531 BX;BLADEL;70;Eindhoven;28;Zuidoost-Brabant;37;Zuidoost-Brabant;36;Zuidoost-Noord-Brabant;22;Zuidoost-Noord-Brabant;37;Zuidoost-Brabant;Zuid
SBAO;Noord-Brabant;48348;14VU;14VU00;School voor Speciaal Basisonderwijs Het Baken;De Vlasakkers;7;5345 BC;OSS;0828;OSS;Rooms-Katholiek;0412633805;www.sbohetbaken.nl; ;SBAO;Postbus;131;5340 AC;OSS;72;Oss;27;Noordoost-Brabant;36;Noordoost-Brabant;35;Noordoost-Noord-Brabant;12;Noord-Noord-Brabant;36;Noord-Oost-Brabant;Zuid
SBAO;Noord-Brabant;48348;20GB;20GB00;School voor Speciaal Basisonderwijs Palet;Pastoor Kerstenstraat;38;5831 EW;BOXMEER;1982;LAND VAN CUIJK;Rooms-Katholiek;0485571685; ; ;SBAO;Pastoor Kerstenstraat;38;5831 EW;BOXMEER;73;Boxmeer;27;Noordoost-Brabant;36;Noordoost-Brabant;35;Noordoost-Noord-Brabant;11;Oostelijk Maas-Waalgebied;36;Noord-Oost-Brabant;Zuid
SBAO;Noord-Brabant;55303;00VD;00VD00;Katholieke School voor Speciaal Basisonderwijs Het Kompas;Hobodreef;3;4876 XB;ETTEN-LEUR;0777;ETTEN-LEUR;Rooms-Katholiek;0765034518;https://www.bskompas.nl/; ;SBAO;Hobodreef;3;4876 XB;ETTEN-LEUR;66;Breda;25;West-Brabant;34;West-Brabant;33;West-Noord-Brabant;20;West-Noord-Brabant;34;West-Brabant;Zuid
SBAO;Noord-Brabant;59282;23DC;23DC00;Christelijke School voor Speciaal Basisonderwijs De Leilinde;Kasteellaan;41;5256 GV;HEUSDEN GEM HEUSDEN;0797;HEUSDEN;Protestants-Christelijk;0416339483; ; ;SBAO;Kasteellaan;41;5256 GV;HEUSDEN GEM HEUSDEN;69;'s-Hertogenbosch;26;Midden-Brabant;36;Noordoost-Brabant;35;Noordoost-Noord-Brabant;12;Noord-Noord-Brabant;36;Noord-Oost-Brabant;Zuid
SBAO;Noord-Brabant;73114;04BX;04BX00;Speciaal basisonderwijs Zonnesteen;Generaal Smutslaan;11;5021 XA;TILBURG;0855;TILBURG;Rooms-Katholiek;0135420364;www.sbozonnesteen.nl; ;SBAO;Generaal Smutslaan;11;5021 XA;TILBURG;68;Tilburg;26;Midden-Brabant;35;Midden-Brabant;34;Midden-Noord-Brabant;21;Tilburg en omstreken;35;Midden-Brabant;Zuid
SBAO;Noord-Brabant;73114;09PC;09PC00;School voor Speciaal Basisonderwijs Westerwel;Bladelstraat;3;5043 CZ;TILBURG;0855;TILBURG;Rooms-Katholiek;0134670669;www.westerwel.nl; ;SBAO;Bladelstraat;3;5043 CZ;TILBURG;68;Tilburg;26;Midden-Brabant;35;Midden-Brabant;34;Midden-Noord-Brabant;21;Tilburg en omstreken;35;Midden-Brabant;Zuid
SBAO;Noord-Brabant;73114;11XT;11XT00;School voor Speciaal Basisonderwijs Noorderlicht;De Schans;135;5011 EN;TILBURG;0855;TILBURG;Rooms-Katholiek;0134551327;www.sbonoorderlicht.nl; ;SBAO;De Schans;135;5011 EN;TILBURG;68;Tilburg;26;Midden-Brabant;35;Midden-Brabant;34;Midden-Noord-Brabant;21;Tilburg en omstreken;35;Midden-Brabant;Zuid
SBAO;Noord-Brabant;74154;14CK;14CK00;KPO SBO De Sponder;Van Goghlaan;8;4703 JB;ROOSENDAAL;1674;ROOSENDAAL;Rooms-Katholiek;0165541107;www.desponderkpo.nl; ;SBAO;Van Goghlaan;8;4703 JB;ROOSENDAAL;65;Roosendaal en Nispen;25;West-Brabant;34;West-Brabant;33;West-Noord-Brabant;20;West-Noord-Brabant;34;West-Brabant;Zuid
SBAO;Noord-Brabant;74154;14CK;14CK02;School voor Speciaal Basisonderwijs De Sponder;Heulberg;71;4708 HL;ROOSENDAAL;1674;ROOSENDAAL;Rooms-Katholiek;0165548442; ; ;SBAO;Heulberg;71;4708 HL;ROOSENDAAL;65;Roosendaal en Nispen;25;West-Brabant;34;West-Brabant;33;West-Noord-Brabant;20;West-Noord-Brabant;34;West-Brabant;Zuid
SBAO;Noord-Brabant;77338;17IQ;17IQ00;School voor Speciaal Basisonderwijs De Verrekijker;Sterrenlaan;5;5503 BG;VELDHOVEN;0861;VELDHOVEN;Rooms-Katholiek;0402534527;www.veldhovenmidden.nl; ;SBAO;Sterrenlaan;5;5503 BG;VELDHOVEN;70;Eindhoven;28;Zuidoost-Brabant;37;Zuidoost-Brabant;36;Zuidoost-Noord-Brabant;22;Zuidoost-Noord-Brabant;37;Zuidoost-Brabant;Zuid
SBAO;Noord-Brabant;82292;16OY;16OY00;SBO de Wissel;Paul Rinkstraat;2;5461 GS;VEGHEL;1948;MEIERIJSTAD;Openbaar;0413364732;hubnoordbrabant.nl/wissel/; ;SBAO;Postbus;460;5240 AL;ROSMALEN;71;Uden;27;Noordoost-Brabant;36;Noordoost-Brabant;35;Noordoost-Noord-Brabant;12;Noord-Noord-Brabant;36;Noord-Oost-Brabant;Zuid
SBAO;Noord-Holland;13622;19RS;19RS00;School voor Speciaal Basisonderwijs Dr JP Heije;Prins Hendriklaan;30;2132 DR;HOOFDDORP;0394;HAARLEMMERMEER;Openbaar;0235616577;www.jpheijeschool.nl; ;SBAO;Prins Hendriklaan;30;2132 DR;HOOFDDORP;44;Amsterdam;20;Zuidelijk Noord-Holland;21;Agglomeratie Amsterdam;23;Groot-Amsterdam;15;Zuid-Noord-Holland;21;Agglomeratie Amsterdam;Noord
SBAO;Noord-Holland;30742;00JY;00JY00;School voor Speciaal Basisonderwijs Kompas;Drs. F. Bijlweg;234;1784 MC;DEN HELDER;0400;DEN HELDER;Algemeen bijzonder;0223631300; ; ;SBAO;Drs. F. Bijlweg;234;1784 MC;DEN HELDER;37;Den Helder;19;Noord-Holland-Noord;23;Kop van Noord-Holland;18;Kop van Noord-Holland;14;Noord-Noord-Holland;23;Kop van Noord-Holland;Noord
SBAO;Noord-Holland;30742;18VP;18VP00;School voor Speciaal Basisonderwijs Kompas;Molenstraat;80;1791 DM;DEN BURG;0448;TEXEL;Openbaar;0222312655;www.kompasschooltexel.nl; ;SBAO;Wilhelminalaan;20;1791 AN;DEN BURG;37;Den Helder;19;Noord-Holland-Noord;23;Kop van Noord-Holland;18;Kop van Noord-Holland;14;Noord-Noord-Holland;23;Kop van Noord-Holland;Noord
SBAO;Noord-Holland;40676;13IT;13IT00;School voor Speciaal Basisonderwijs C Hummeling;Peter Planciusplein;12;1212 BW;HILVERSUM;0402;HILVERSUM;Rooms-Katholiek;0356850813;www.hummelingschool.nl; ;SBAO;Postbus;613;1200 AP;HILVERSUM;45;Hilversum;16;Gooi en Vechtstreek;20;Gooi en Vechtstreek;24;Het Gooi en Vechtstreek;15;Zuid-Noord-Holland;20;Gooi en Vechtstreek;Noord
SBAO;Noord-Holland;41008;01LP;01LP00;Expertisecluster Nexus;Het Schild;2-B;1704 EK;HEERHUGOWAARD;1980;DIJK EN WAARD;Algemeen bijzonder;0723030443;www.nexus-onderwijs.nl; ;SBAO;Het Schild;2-B;1704 EK;HEERHUGOWAARD;38;Alkmaar;19;Noord-Holland-Noord;24;Noord-Kennemerland;19;Alkmaar en omgeving;14;Noord-Noord-Holland;24;Noord-Kennemerland;Noord
SBAO;Noord-Holland;41008;02EH;02EH00;De Zeearend;de Dalen;1;1945 NC;BEVERWIJK;0375;BEVERWIJK;Algemeen bijzonder;0251256070;www.dezeearend.nl; ;SBAO;de Dalen;1;1945 NC;BEVERWIJK;42;Velsen;20;Zuidelijk Noord-Holland;25;West-Kennemerland;20;IJmond;15;Zuid-Noord-Holland;25;Zuid-Kennemerland en IJmond;Noord
SBAO;Noord-Holland;41008;02TL;02TL00;De Dolfijn;Randhoornweg;31;1422 WX;UITHOORN;0451;UITHOORN;Rooms-Katholiek;0297561486;www.dedolfijn.nl; ;SBAO;Randhoornweg;31;1422 WX;UITHOORN;44;Amsterdam;20;Zuidelijk Noord-Holland;21;Agglomeratie Amsterdam;23;Groot-Amsterdam;15;Zuid-Noord-Holland;21;Agglomeratie Amsterdam;Noord
SBAO;Noord-Holland;41008;02WW;02WW00;De Klimboom;Liesbos;14-16;2134 SB;HOOFDDORP;0394;HAARLEMMERMEER;Algemeen bijzonder;0235617338;www.deklimboomhoofddorp.nl; ;SBAO;Liesbos;14-16;2134 SB;HOOFDDORP;44;Amsterdam;20;Zuidelijk Noord-Holland;21;Agglomeratie Amsterdam;23;Groot-Amsterdam;15;Zuid-Noord-Holland;21;Agglomeratie Amsterdam;Noord
SBAO;Noord-Holland;41008;03CG;03CG00;De Fakkel;Athenelaan;11;2152 KL;NIEUW-VENNEP;0394;HAARLEMMERMEER;Algemeen bijzonder;0252434000;www.aloysiusstichting.nl; ;SBAO;Athenelaan;11;2152 KL;NIEUW-VENNEP;44;Amsterdam;20;Zuidelijk Noord-Holland;21;Agglomeratie Amsterdam;23;Groot-Amsterdam;15;Zuid-Noord-Holland;21;Agglomeratie Amsterdam;Noord
SBAO;Noord-Holland;41008;05ZN;05ZN00;Het Kompas;Liesbos;16-A;2134 SB;HOOFDDORP;0394;HAARLEMMERMEER;Algemeen bijzonder;0235629275;www.sbohetkompas.nl; ;SBAO;Liesbos;16-A;2134 SB;HOOFDDORP;44;Amsterdam;20;Zuidelijk Noord-Holland;21;Agglomeratie Amsterdam;23;Groot-Amsterdam;15;Zuid-Noord-Holland;21;Agglomeratie Amsterdam;Noord
SBAO;Noord-Holland;41008;18GX;18GX00;Focus;Houtmanpad;33;2014 AZ;HAARLEM;0392;HAARLEM;Algemeen bijzonder;0235512614;www.focushaarlemwest.nl; ;SBAO;Postbus;30;2000 AA;HAARLEM;43;Haarlem;20;Zuidelijk Noord-Holland;25;West-Kennemerland;21;Agglomeratie Haarlem;15;Zuid-Noord-Holland;25;Zuid-Kennemerland en IJmond;Noord
SBAO;Noord-Holland;41012;23XJ;23XJ00;School voor Speciaal Basisonderwijs Het Plankier;Wales;4;1448 JK;PURMEREND;0439;PURMEREND;Rooms-Katholiek;0299772396;www.sbohetplankier.nl; ;SBAO;Wales;4;1448 JK;PURMEREND;44;Amsterdam;20;Zuidelijk Noord-Holland;21;Agglomeratie Amsterdam;23;Groot-Amsterdam;15;Zuid-Noord-Holland;21;Agglomeratie Amsterdam;Noord
SBAO;Noord-Holland;41251;00UN;00UN00;Tijstroom Integraal Kindcentrum;Rode Zee;69;1503 TS;ZAANDAM;0479;ZAANSTAD;Interconfessioneel;0752010001;www.tijstroom.nl; ;SBAO;Rode Zee;69;1503 TS;ZAANDAM;41;Zaanstad;20;Zuidelijk Noord-Holland;21;Agglomeratie Amsterdam;22;Zaanstreek;15;Zuid-Noord-Holland;21;Agglomeratie Amsterdam;Noord
SBAO;Noord-Holland;41375;19TE;19TE00;School voor Speciaal Basisonderwijs De Boekanier;Willemsbeekweg;80;1971 GZ;IJMUIDEN;0453;VELSEN;Openbaar;0255511714; ; ;SBAO;Willemsbeekweg;80;1971 GZ;IJMUIDEN;42;Velsen;20;Zuidelijk Noord-Holland;25;West-Kennemerland;20;IJmond;15;Zuid-Noord-Holland;25;Zuid-Kennemerland en IJmond;Noord
SBAO;Noord-Holland;41434;19UM;19UM00;School voor Speciaal Basisonderwijs Het Tangram;Slenkstraat;50;1441 MS;PURMEREND;0439;PURMEREND;Openbaar;0299430237;www.sbohettangram.nl; ;SBAO;Slenkstraat;50;1441 MS;PURMEREND;44;Amsterdam;20;Zuidelijk Noord-Holland;21;Agglomeratie Amsterdam;23;Groot-Amsterdam;15;Zuid-Noord-Holland;21;Agglomeratie Amsterdam;Noord
SBAO;Noord-Holland;41579;20XC;20XC00;SBO De Kans;Thomas van Aquinostraat;2;1064 NE;AMSTERDAM;0363;AMSTERDAM;Openbaar;0206117680;www.sbodekans.nl; ;SBAO;Thomas van Aquinostraat;2;1064 NE;AMSTERDAM;44;Amsterdam;20;Zuidelijk Noord-Holland;21;Agglomeratie Amsterdam;23;Groot-Amsterdam;15;Zuid-Noord-Holland;21;Agglomeratie Amsterdam;Noord
SBAO;Noord-Holland;41580;03HT;03HT00;SBO de Bloeiwijzer;D Bloeyenden Wijngaerdt;2;1183 JM;AMSTELVEEN;0362;AMSTELVEEN;Openbaar;0206416932; ; ;SBAO;D Bloeyenden Wijngaerdt;2;1183 JM;AMSTELVEEN;44;Amsterdam;20;Zuidelijk Noord-Holland;21;Agglomeratie Amsterdam;23;Groot-Amsterdam;15;Zuid-Noord-Holland;21;Agglomeratie Amsterdam;Noord
SBAO;Noord-Holland;41716;21DE;21DE00;School voor Speciaal Basisonderwijs Prof Dr IC v Houte;Leksmondplein;27;1108 EL;AMSTERDAM;0363;AMSTERDAM;Openbaar;0206974506;www.vanhouteschool.nl; ;SBAO;Leksmondplein;27;1108 EL;AMSTERDAM;44;Amsterdam;20;Zuidelijk Noord-Holland;21;Agglomeratie Amsterdam;23;Groot-Amsterdam;15;Zuid-Noord-Holland;21;Agglomeratie Amsterdam;Noord
SBAO;Noord-Holland;41774;20WT;20WT00;School voor Speciaal Basisonderwijs Het Spectrum;James Wattstraat;10;1097 DM;AMSTERDAM;0363;AMSTERDAM;Openbaar;0204627620;www.sbospectrum.nl; ;SBAO;James Wattstraat;10;1097 DM;AMSTERDAM;44;Amsterdam;20;Zuidelijk Noord-Holland;21;Agglomeratie Amsterdam;23;Groot-Amsterdam;15;Zuid-Noord-Holland;21;Agglomeratie Amsterdam;Noord
SBAO;Noord-Holland;41852;17UI;17UI00;Dynamica Speciaal Basisonderwijs;De Noordsterweg;2-4;1521 JS;WORMERVEER;0479;ZAANSTAD;Openbaar;0756171936;www.dynamicaonderwijs.nl; ;SBAO;De Noordsterweg;2-4;1521 JS;WORMERVEER;41;Zaanstad;20;Zuidelijk Noord-Holland;21;Agglomeratie Amsterdam;22;Zaanstreek;15;Zuid-Noord-Holland;21;Agglomeratie Amsterdam;Noord
SBAO;Noord-Holland;41853;18QX;18QX00;School voor Speciaal Basisonderwijs Hildebrand;Van Zeggelenplein;31-B;2032 KA;HAARLEM;0392;HAARLEM;Openbaar;0235336992;www.plein-oost.nl; ;SBAO;Van Zeggelenplein;31-B;2032 KA;HAARLEM;43;Haarlem;20;Zuidelijk Noord-Holland;25;West-Kennemerland;21;Agglomeratie Haarlem;15;Zuid-Noord-Holland;25;Zuid-Kennemerland en IJmond;Noord
SBAO;Noord-Holland;41853;18RW;18RW00;IKC Schalkwijk;Niels Finsenstraat;35;2035 CZ;HAARLEM;0392;HAARLEM;Openbaar;0235332017;www.ickzuidkennemerland.nl; ;SBAO;Niels Finsenstraat;35;2035 CZ;HAARLEM;43;Haarlem;20;Zuidelijk Noord-Holland;25;West-Kennemerland;21;Agglomeratie Haarlem;15;Zuid-Noord-Holland;25;Zuid-Kennemerland en IJmond;Noord
SBAO;Noord-Holland;42514;19XX;19XX00;School voor Speciaal Basisonderwijs De Piramide;Slochterwaard;179;1824 KV;ALKMAAR;0361;ALKMAAR;Openbaar;0725408183; ; ;SBAO;Slochterwaard;179;1824 KV;ALKMAAR;38;Alkmaar;19;Noord-Holland-Noord;24;Noord-Kennemerland;19;Alkmaar en omgeving;14;Noord-Noord-Holland;24;Noord-Kennemerland;Noord
SBAO;Noord-Holland;42553;20YX;20YX00;School voor Speciaal Basisonderwijs Universum;Th. Weeversweg;4;1025 AW;AMSTERDAM;0363;AMSTERDAM;Openbaar;0206361539; ; ;SBAO;Th. Weeversweg;4;1025 AW;AMSTERDAM;44;Amsterdam;20;Zuidelijk Noord-Holland;21;Agglomeratie Amsterdam;23;Groot-Amsterdam;15;Zuid-Noord-Holland;21;Agglomeratie Amsterdam;Noord
SBAO;Noord-Holland;42635;01UR;01UR00;IKEC de Zevensprong;Zonnesteen;1;1625 JZ;HOORN NH;0405;HOORN;Algemeen bijzonder;0229214545;www.ikec-hoorn.nl; ;SBAO;Postbus;353;1620 AJ;HOORN NH;40;Hoorn;19;Noord-Holland-Noord;22;Westfriesland;18;Kop van Noord-Holland;14;Noord-Noord-Holland;22;West-Friesland;Noord
SBAO;Noord-Holland;42635;03PE;03PE00;School voor Speciaal Basisonderwijs t Palet;Verlengde Raadhuislaan;1;1613 PN;GROOTEBROEK;0532;STEDE BROEC;Algemeen bijzonder;0228523982; ; ;SBAO;Postbus;19;1610 AA;BOVENKARSPEL;39;Enkhuizen;19;Noord-Holland-Noord;22;Westfriesland;18;Kop van Noord-Holland;14;Noord-Noord-Holland;22;West-Friesland;Noord
SBAO;Noord-Holland;42635;03PE;03PE01;School voor Speciaal Basisonderwijs t Palet;Princenhof;4;1611 WS;BOVENKARSPEL;0532;STEDE BROEC;Algemeen bijzonder;0228523982;www.sbopalet.nl; ;SBAO;Postbus;19;1610 AA;BOVENKARSPEL;39;Enkhuizen;19;Noord-Holland-Noord;22;Westfriesland;18;Kop van Noord-Holland;14;Noord-Noord-Holland;22;West-Friesland;Noord
SBAO;Noord-Holland;42687;04FL;04FL00;Speciaal Basisonderwijs De Wijngaard;Ellertsveld;3;1274 KC;HUIZEN;0406;HUIZEN;Protestants-Christelijk;0355261149;www.sbodewijngaard.nl; ;SBAO;Ellertsveld;3;1274 KC;HUIZEN;45;Hilversum;16;Gooi en Vechtstreek;20;Gooi en Vechtstreek;24;Het Gooi en Vechtstreek;15;Zuid-Noord-Holland;20;Gooi en Vechtstreek;Noord
SBAO;Noord-Holland;42687;08SR;08SR00;Het Mozaiek;Van Strijlandstraat;6;1222 ES;HILVERSUM;0402;HILVERSUM;Protestants-Christelijk;0356856907;www.sbomozaiek.nl; ;SBAO;Van Strijlandstraat;6;1222 ES;HILVERSUM;45;Hilversum;16;Gooi en Vechtstreek;20;Gooi en Vechtstreek;24;Het Gooi en Vechtstreek;15;Zuid-Noord-Holland;20;Gooi en Vechtstreek;Noord
SBAO;Noord-Holland;42687;10KT;10KT00;De Indon;Albert Neuhuijslaan;1;1401 BW;BUSSUM;1942;GOOISE MEREN;Protestants-Christelijk;0356917385;www.indon.nl; ;SBAO;Albert Neuhuijslaan;1;1401 BW;BUSSUM;45;Hilversum;16;Gooi en Vechtstreek;20;Gooi en Vechtstreek;24;Het Gooi en Vechtstreek;15;Zuid-Noord-Holland;20;Gooi en Vechtstreek;Noord
SBAO;Noord-Holland;42687;19TU;19TU00;Annie M. G. Schmidt;Laapersboog;9;1213 VC;HILVERSUM;0402;HILVERSUM;Algemeen bijzonder;0356215835;www.amgs.nl; ;SBAO;Laapersboog;9;1213 VC;HILVERSUM;45;Hilversum;16;Gooi en Vechtstreek;20;Gooi en Vechtstreek;24;Het Gooi en Vechtstreek;15;Zuid-Noord-Holland;20;Gooi en Vechtstreek;Noord
SBAO;Noord-Holland;55238;11HX;11HX00;School voor Speciaal Basisonderwijs De Tender;Kievitlaan;25;1742 AB;SCHAGEN;0441;SCHAGEN;Openbaar;0224212773;www.de-tender.nl; ;SBAO;Kievitlaan;25;1742 AB;SCHAGEN;37;Den Helder;19;Noord-Holland-Noord;23;Kop van Noord-Holland;18;Kop van Noord-Holland;14;Noord-Noord-Holland;23;Kop van Noord-Holland;Noord
SBAO;Noord-Holland;60997;20GF;20GF00;School voor Speciaal Katholiek Basisonderwijs De Vlindertuin;Slochterwaard;176;1824 KV;ALKMAAR;0361;ALKMAAR;Rooms-Katholiek;0725644606; ; ;SBAO;Slochterwaard;176;1824 KV;ALKMAAR;38;Alkmaar;19;Noord-Holland-Noord;24;Noord-Kennemerland;19;Alkmaar en omgeving;14;Noord-Noord-Holland;24;Noord-Kennemerland;Noord
SBAO;Noord-Holland;72853;02RQ;02RQ00;RK School voor Speciaal Basisonderwijs De Aventurijn;Willem Tholenstraat;23;1132 XS;VOLENDAM;0385;EDAM-VOLENDAM;Rooms-Katholiek;0299363308; ; ;SBAO;Postbus;125;1130 AC;VOLENDAM;44;Amsterdam;20;Zuidelijk Noord-Holland;21;Agglomeratie Amsterdam;23;Groot-Amsterdam;15;Zuid-Noord-Holland;21;Agglomeratie Amsterdam;Noord
SBAO;Noord-Holland;77690;01VF;01VF00;SBO Professor Dumont;Woudrichemstraat;2-4;1107 NG;AMSTERDAM;0363;AMSTERDAM;Algemeen bijzonder;0203421919;www.sbo-dumont.nl; ;SBAO;Woudrichemstraat;4;1107 NG;AMSTERDAM;44;Amsterdam;20;Zuidelijk Noord-Holland;21;Agglomeratie Amsterdam;23;Groot-Amsterdam;15;Zuid-Noord-Holland;21;Agglomeratie Amsterdam;Noord
SBAO;Noord-Holland;77690;06ZQ;06ZQ00;HKC De Wereldboom (SBO);Peelstraat;171;1079 RN;AMSTERDAM;0363;AMSTERDAM;Algemeen bijzonder;0206466310;www.hkcdewereldboom.nl; ;SBAO;Peelstraat;171;1079 RN;AMSTERDAM;44;Amsterdam;20;Zuidelijk Noord-Holland;21;Agglomeratie Amsterdam;23;Groot-Amsterdam;15;Zuid-Noord-Holland;21;Agglomeratie Amsterdam;Noord
SBAO;Noord-Holland;77690;18YA;18YA00;School voor Speciaal Basisonderwijs De Hasselbraam;Karel Klinkenbergstraat;40;1061 AN;AMSTERDAM;0363;AMSTERDAM;Rooms-Katholiek;0204480622;www.sbodehasselbraam.nl; ;SBAO;Postbus;9162;1006 AD;AMSTERDAM;44;Amsterdam;20;Zuidelijk Noord-Holland;21;Agglomeratie Amsterdam;23;Groot-Amsterdam;15;Zuid-Noord-Holland;21;Agglomeratie Amsterdam;Noord
SBAO;Noord-Holland;77690;19XM;19XM00;School voor Speciaal Basisonderwijs De Driesprong;Sloterweg;1192;1066 CV;AMSTERDAM;0363;AMSTERDAM;Rooms-Katholiek;0206175220;https://www.sbodedriesprong.nl; ;SBAO;Sloterweg;1192;1066 CV;AMSTERDAM;44;Amsterdam;20;Zuidelijk Noord-Holland;21;Agglomeratie Amsterdam;23;Groot-Amsterdam;15;Zuid-Noord-Holland;21;Agglomeratie Amsterdam;Noord
SBAO;Noord-Holland;77690;20OF;20OF00;School voor Speciaal Basisonderwijs Zeppelin;Bessenpad;1;1033 LW;AMSTERDAM;0363;AMSTERDAM;Protestants-Christelijk;0206332438;www.sbo-de-zeppelin.nl; ;SBAO;Bessenpad;1;1033 LW;AMSTERDAM;44;Amsterdam;20;Zuidelijk Noord-Holland;21;Agglomeratie Amsterdam;23;Groot-Amsterdam;15;Zuid-Noord-Holland;21;Agglomeratie Amsterdam;Noord
SBAO;Noord-Holland;84463;04FC;04FC00;SBO Tobiasschool;Rietwijkerstraat;55;1059 VX;AMSTERDAM;0363;AMSTERDAM;Algemeen bijzonder;0205797295;www.tobiasschool.nl; ;SBAO;Rietwijkerstraat;55;1059 VX;AMSTERDAM;44;Amsterdam;20;Zuidelijk Noord-Holland;21;Agglomeratie Amsterdam;23;Groot-Amsterdam;15;Zuid-Noord-Holland;21;Agglomeratie Amsterdam;Noord
SBAO;Noord-Holland;85255;14WV;14WV00;Schoterbos;Dinkelstraat;4;2025 PH;HAARLEM;0392;HAARLEM;Protestants-Christelijk;0235380359;www.sbodetrapeze.nl; ;SBAO;Postbus;2575;2002 RB;HAARLEM;43;Haarlem;20;Zuidelijk Noord-Holland;25;West-Kennemerland;21;Agglomeratie Haarlem;15;Zuid-Noord-Holland;25;Zuid-Kennemerland en IJmond;Noord
SBAO;Overijssel;30117;03BI;03BI00;School voor Speciaal Basisonderwijs Eliezer;Hasselterdijk;33;8043 PD;ZWOLLE;0193;ZWOLLE;Reformatorisch;0384226078;www.so-zwolle.nl; ;SBAO;Hasselterdijk;33;8043 PD;ZWOLLE;18;Zwolle;06;IJssel en Vecht;10;IJssel-Vecht;10;Noord-Overijssel;05;Zwolle-Meppel en omstreken;10;IJssel-Vecht;Noord
SBAO;Overijssel;40888;01CX;01CX00;School voor Speciaal Basisonderwijs De Vonder;Veenstraat;2;7776 BE;SLAGHAREN;0160;HARDENBERG;Rooms-Katholiek;0523681892;https://sbodevonder.nl; ;SBAO;Veenstraat;2;7776 BE;SLAGHAREN;19;Hardenberg/Gramsbergen;06;IJssel en Vecht;10;IJssel-Vecht;10;Noord-Overijssel;04;Assen-Hoogeveen-Emmen;10;IJssel-Vecht;Noord
SBAO;Overijssel;40888;20QP;20QP00;Facet Onderwijs & Opvoeding;Palestrinalaan;915;8031 VA;ZWOLLE;0193;ZWOLLE;Rooms-Katholiek;0384234780;www.sbodeschalm.nl; ;SBAO;Palestrinalaan;915;8031 VA;ZWOLLE;18;Zwolle;06;IJssel en Vecht;10;IJssel-Vecht;10;Noord-Overijssel;05;Zwolle-Meppel en omstreken;10;IJssel-Vecht;Noord
SBAO;Overijssel;40894;20AH;20AH00;School voor Speciaal Basisonderwijs De Horizon;Monumentstraat;55;8102 AK;RAALTE;0177;RAALTE;Rooms-Katholiek;0572351772;www.horizonraalte.nl; ;SBAO;Monumentstraat;55;8102 AK;RAALTE;20;Deventer;06;IJssel en Vecht;10;IJssel-Vecht;11;Zuidwest-Overijssel;07;Apeldoorn en midden-IJsselgebied;10;IJssel-Vecht;Noord
SBAO;Overijssel;40934;02YE;02YE00;School voor Speciaal Basisonderwijs De Brug;Ruiterlaan;14;8019 BR;ZWOLLE;0193;ZWOLLE;Protestants-Christelijk;0384212419;www.sbodebrug.nl; ;SBAO;Ruiterlaan;14;8019 BR;ZWOLLE;18;Zwolle;06;IJssel en Vecht;10;IJssel-Vecht;10;Noord-Overijssel;05;Zwolle-Meppel en omstreken;10;IJssel-Vecht;Noord
SBAO;Overijssel;40946;00MS;00MS00;Specialistisch Kindcentrum De Oase;Gramsbergerweg;50-A;7772 CX;HARDENBERG;0160;HARDENBERG;Protestants-Christelijk;0523272442;sbo-deoase.nl; ;SBAO;Gramsbergerweg;50-A;7772 CX;HARDENBERG;19;Hardenberg/Gramsbergen;06;IJssel en Vecht;10;IJssel-Vecht;10;Noord-Overijssel;04;Assen-Hoogeveen-Emmen;10;IJssel-Vecht;Noord
SBAO;Overijssel;41274;19RE;19RE00;Panta rhei school voor speciaal basisonderwijs;Koningin Wilhelminalaan;9;7415 KP;DEVENTER;0150;DEVENTER;Algemeen bijzonder;0570850000; ; ;SBAO;Koningin Wilhelminalaan;9;7415 KP;DEVENTER;20;Deventer;09;Stedendriehoek;11;Stedendriehoek;11;Zuidwest-Overijssel;07;Apeldoorn en midden-IJsselgebied;11;Stedendriehoek;Noord
SBAO;Overijssel;41565;19KG;19KG00;Speciaal Basisonderwijs Het Pontem;Fleringenbrink;2;7544 XN;ENSCHEDE;0153;ENSCHEDE;Openbaar;0534761584;https://www.sbohetpontem.nl; ;SBAO;Fleringenbrink;2;7544 XN;ENSCHEDE;22;Enschede;07;Twente;12;Twente;12;Twente;06;Twente;12;Twente;Noord
SBAO;Overijssel;41632;00BZ;00BZ00;Gereformeerde School voor Speciaal Basisonderwijs Het Speelwerk;Bachlaan;152;8031 HL;ZWOLLE;0193;ZWOLLE;Gereformeerd vrijgemaakt;0384217961;www.hetspeelwerk.nl; ;SBAO;Bachlaan;152;8031 HL;ZWOLLE;18;Zwolle;06;IJssel en Vecht;10;IJssel-Vecht;10;Noord-Overijssel;05;Zwolle-Meppel en omstreken;10;IJssel-Vecht;Noord
SBAO;Overijssel;42623;19SP;19SP00;sbo De Sluis;Zwarteweg;120;8017 AZ;ZWOLLE;0193;ZWOLLE;Openbaar;0384536123;www.sbo-desluis.nl; ;SBAO;Zwarteweg;120;8017 AZ;ZWOLLE;18;Zwolle;06;IJssel en Vecht;10;IJssel-Vecht;10;Noord-Overijssel;05;Zwolle-Meppel en omstreken;10;IJssel-Vecht;Noord
SBAO;Overijssel;42787;21EM;21EM00;Speciale School voor Basisonderwijs De Welle;Winkelsteeg;6;7607 AT;ALMELO;0141;ALMELO;Algemeen bijzonder;0546706520;www.sbodewelle.nl; ;SBAO;Winkelsteeg;6;7607 AT;ALMELO;21;Almelo;07;Twente;12;Twente;12;Twente;06;Twente;12;Twente;Noord
SBAO;Overijssel;42788;19RN;19RN00;Onderwijs Expertise Centrum 't Ravelijn;De Vesting;15;8332 GL;STEENWIJK;1708;STEENWIJKERLAND;Openbaar;0521712500;www.oecravelijn.nl; ;SBAO;De Vesting;15;8332 GL;STEENWIJK;16;Steenwijk;06;IJssel en Vecht;10;IJssel-Vecht;10;Noord-Overijssel;05;Zwolle-Meppel en omstreken;10;IJssel-Vecht;Noord
SBAO;Overijssel;58761;15MK;15MK00;Speciaal Basisonderwijs Ariënsschool;Park de Kotten;320;7522 EN;ENSCHEDE;0153;ENSCHEDE;Rooms-Katholiek;0534356795; ; ;SBAO;Park de Kotten;320;7522 EN;ENSCHEDE;22;Enschede;07;Twente;12;Twente;12;Twente;06;Twente;12;Twente;Noord
SBAO;Overijssel;61751;01KZ;01KZ00;SBO De Sleutel;Stobbelaan;61;7681 ZN;VROOMSHOOP;1700;TWENTERAND;Protestants-Christelijk;0546646114;desleutel.sco-t.nl; ;SBAO;Stobbelaan;61;7681 ZN;VROOMSHOOP;21;Almelo;07;Twente;12;Twente;12;Twente;06;Twente;12;Twente;Noord
SBAO;Overijssel;62181;01AK;01AK00;School voor Speciaal Basisonderwijs Johan Seckel;de Schammelte;3;7731 BL;OMMEN;0175;OMMEN;Protestants-Christelijk;0529451792;www.johanseckelommen.nl; ;SBAO;Postbus;107;7730 AC;OMMEN;18;Zwolle;06;IJssel en Vecht;10;IJssel-Vecht;10;Noord-Overijssel;05;Zwolle-Meppel en omstreken;10;IJssel-Vecht;Noord
SBAO;Overijssel;65287;23FW;23FW00;School voor Speciaal Basisonderwijs De Batavier;Schutzstraat;18-20;7557 RH;HENGELO OV;0164;HENGELO;Rooms-Katholiek;0742916994;www.sbo-debatavier.nl; ;SBAO;Schutzstraat;18-20;7557 RH;HENGELO OV;22;Enschede;07;Twente;12;Twente;12;Twente;06;Twente;12;Twente;Noord
SBAO;Overijssel;75219;13PM;13PM00;School voor Speciaal Basisonderwijs De Windroos;Lariksstraat;11;7572 DE;OLDENZAAL;0173;OLDENZAAL;Rooms-Katholiek;0541532418;www.sbodewindroos.nl; ;SBAO;Lariksstraat;11;7572 DE;OLDENZAAL;22;Enschede;07;Twente;12;Twente;12;Twente;06;Twente;12;Twente;Noord
SBAO;Overijssel;77196;00ZS;00ZS00;School voor Speciaal Basisonderwijs Elim;Molenstraat;3;7462 TK;RIJSSEN;1742;RIJSSEN-HOLTEN;Protestants-Christelijk;0548542030;www.elimschoolrijssen.nl; ;SBAO;Molenstraat;3;7462 TK;RIJSSEN;21;Almelo;07;Twente;12;Twente;12;Twente;06;Twente;12;Twente;Noord
SBAO;Overijssel;85600;03ZN;03ZN00;Chr School voor Speciaal Basisonderwijs De Brug;Maasstraat;6;7442 EJ;NIJVERDAL;0163;HELLENDOORN;Protestants-Christelijk;0548613976;www.debrug-ikt.nl; ;SBAO;Maasstraat;6;7442 EJ;NIJVERDAL;21;Almelo;07;Twente;12;Twente;12;Twente;06;Twente;12;Twente;Noord
SBAO;Overijssel;86971;02WY;02WY00;SBO Prisma gespecialiseerd onderwijs Kampen;Marinus Postlaan;1-A;8264 PB;KAMPEN;0166;KAMPEN;Protestants-Christelijk;0383312427;www.sokampen.nl; ;SBAO;Marinus Postlaan;1-A;8264 PB;KAMPEN;18;Zwolle;06;IJssel en Vecht;10;IJssel-Vecht;10;Noord-Overijssel;05;Zwolle-Meppel en omstreken;10;IJssel-Vecht;Noord
SBAO;Utrecht;30010;14RD;14RD00;P.C. School voor Speciaal basisonderwijs Koningin Wilhelmina;Raadhoven;2-3;3813 LW;AMERSFOORT;0307;AMERSFOORT;Protestants-Christelijk;0334790460;www.kws.pcboamersfoort.nl; ;SBAO;Raadhoven;2-3;3813 LW;AMERSFOORT;35;Amersfoort;17;Eemland;16;Eem en Vallei;17;Utrecht;10;Harderwijk-Amersfoort;16;Eem en Vallei;Midden
SBAO;Utrecht;40945;23WK;23WK00;Geref School voor Speciaal Basisonderwijs De Werf;James Cookstraat;10;3814 XD;AMERSFOORT;0307;AMERSFOORT;Gereformeerd vrijgemaakt;0334753555;www.sbo-dewerf.nl; ;SBAO;James Cookstraat;10;3814 XD;AMERSFOORT;35;Amersfoort;17;Eemland;16;Eem en Vallei;17;Utrecht;10;Harderwijk-Amersfoort;16;Eem en Vallei;Midden
SBAO;Utrecht;41154;16OH;16OH00;School voor Speciaal Basisonderwijs De Windroos;Zuiderkruis;740;3902 XX;VEENENDAAL;0345;VEENENDAAL;Protestants-Christelijk;0318514389;www.windroosveenendaal.nl; ;SBAO;Postbus;1103;3900 BC;VEENENDAAL;34;Veenendaal;10;De Vallei;16;Eem en Vallei;17;Utrecht;13;Utrecht en omstreken;16;Eem en Vallei;Midden
SBAO;Utrecht;41202;04FP;04FP00;School voor Speciaal Basisonderwijs Tobias;Prof. Lorentzlaan;16;3701 CC;ZEIST;0355;ZEIST;Algemeen bijzonder;0306916931;www.tobiaszeist.nl; ;SBAO;Prof. Lorentzlaan;16;3701 CC;ZEIST;36;Utrecht;18;Utrecht-Midden;19;Utrecht;17;Utrecht;13;Utrecht en omstreken;19;Utrecht;Midden
SBAO;Utrecht;41400;21GQ;21GQ00;Luc Stevensschool;Marco Pololaan;485;3526 GH;UTRECHT;0344;UTRECHT;Openbaar;0302883276;www.sbolucstevensschool.nl; ;SBAO;Marco Pololaan;485;3526 GH;UTRECHT;36;Utrecht;18;Utrecht-Midden;19;Utrecht;17;Utrecht;13;Utrecht en omstreken;19;Utrecht;Midden
SBAO;Utrecht;41514;14NB;14NB00;School voor speciaal basisonderwijs Boulevard410;Laakboulevard;410;3825 KL;AMERSFOORT;0307;AMERSFOORT;Algemeen bijzonder;0334333868;www.boulevard410.nl; ;SBAO;Laakboulevard;410;3825 KL;AMERSFOORT;35;Amersfoort;17;Eemland;16;Eem en Vallei;17;Utrecht;10;Harderwijk-Amersfoort;16;Eem en Vallei;Midden
SBAO;Utrecht;41514;16KH;16KH00;School voor Speciaal Basisonderwijs Dr M vd Hoeve;Ringweg-Kruiskamp;106;3814 WT;AMERSFOORT;0307;AMERSFOORT;Openbaar;0334721580; ; ;SBAO;Ringweg-Kruiskamp;106;3814 WT;AMERSFOORT;35;Amersfoort;17;Eemland;16;Eem en Vallei;17;Utrecht;10;Harderwijk-Amersfoort;16;Eem en Vallei;Midden
SBAO;Utrecht;41528;03UO;03UO00;Chr School voor Speciaal Basisonderwijs De Brug;Zwanengat;3;4132 XC;VIANEN UT;1961;VIJFHEERENLANDEN;Protestants-Christelijk;0347376855; ; ;SBAO;Zwanengat;3;4132 XC;VIANEN UT;52;Gorinchem;18;Utrecht-Midden;19;Utrecht;17;Utrecht;18;Dordrecht-Gorinchem;19;Utrecht;Midden
SBAO;Utrecht;41879;01JW;01JW00;SBO De Kristal;Pauwenkamp;347;3607 TC;MAARSSEN;1904;STICHTSE VECHT;Algemeen bijzonder;0346565791;www.sbo-dekristal.nl; ;SBAO;Pauwenkamp;347;3607 TC;MAARSSEN;36;Utrecht;18;Utrecht-Midden;19;Utrecht;17;Utrecht;13;Utrecht en omstreken;19;Utrecht;Midden
SBAO;Utrecht;41879;09OE;09OE00;Brede School Het Anker;Hordenweg;7;3961 KA;WIJK BIJ DUURSTEDE;0352;WIJK BIJ DUURSTEDE;Algemeen bijzonder;0343792000;www.hetanker-wijk.nl; ;SBAO;Postbus;37;3960 BA;WIJK BIJ DUURSTEDE;36;Utrecht;18;Utrecht-Midden;19;Utrecht;17;Utrecht;13;Utrecht en omstreken;19;Utrecht;Midden
SBAO;Utrecht;41879;19RT;19RT00;School voor Speciaal Basisonderwijs de Stuifheuvel;Graaf Lodewijklaan;2;3708 DM;ZEIST;0355;ZEIST;Algemeen bijzonder;0306975270;www.destuifheuvel.nl; ;SBAO;Graaf Lodewijklaan;2;3708 DM;ZEIST;36;Utrecht;18;Utrecht-Midden;19;Utrecht;17;Utrecht;13;Utrecht en omstreken;19;Utrecht;Midden
SBAO;Utrecht;41879;23EZ;23EZ00;School voor Speciaal Basisonderwijs De Wissel;Galerijmuur;51;3991 WX;HOUTEN;0321;HOUTEN;Algemeen bijzonder;0306342057; ; ;SBAO;Galerijmuur;51;3991 WX;HOUTEN;36;Utrecht;18;Utrecht-Midden;19;Utrecht;17;Utrecht;13;Utrecht en omstreken;19;Utrecht;Midden
SBAO;Utrecht;62662;16QI;16QI00;SBO Belle van Zuylen;Prof. H. Bavinckstraat;3;3555 GS;UTRECHT;0344;UTRECHT;Protestants-Christelijk;0302444633;www.bellevanzuylensbo.nl; ;SBAO;Prof. H. Bavinckstraat;3;3555 GS;UTRECHT;36;Utrecht;18;Utrecht-Midden;19;Utrecht;17;Utrecht;13;Utrecht en omstreken;19;Utrecht;Midden
SBAO;Utrecht;70002;01KJ;01KJ00;De Keerkring;Rembrandtlaan;50;3443 EJ;WOERDEN;0632;WOERDEN;Algemeen bijzonder;0348417743;www.dekeerkring.nl; ;SBAO;Postbus;2017;3440 DA;WOERDEN;48;Woerden;18;Utrecht-Midden;19;Utrecht;17;Utrecht;13;Utrecht en omstreken;19;Utrecht;Midden
SBAO;Utrecht;71488;00UI;00UI00;School voor Speciaal Basisonderwijs St Michael;Van Almondestraat;2;3814 RV;AMERSFOORT;0307;AMERSFOORT;Rooms-Katholiek;0334721604;www.michaelschool-amersfoort.nl; ;SBAO;Van Almondestraat;2;3814 RV;AMERSFOORT;35;Amersfoort;17;Eemland;16;Eem en Vallei;17;Utrecht;10;Harderwijk-Amersfoort;16;Eem en Vallei;Midden
SBAO;Utrecht;77195;06UJ;06UJ00;SBO St. Maarten;Neckardreef;20;3562 CP;UTRECHT;0344;UTRECHT;Rooms-Katholiek;0302612080;www.ksu-sintmaarten.nl; ;SBAO;Neckardreef;20;3562 CP;UTRECHT;36;Utrecht;18;Utrecht-Midden;19;Utrecht;17;Utrecht;13;Utrecht en omstreken;19;Utrecht;Midden
SBAO;Utrecht;77195;06UJ;06UJ02;SBO De Binnentuin;Binnentuinlaan;6;3452 RN;VLEUTEN;0344;UTRECHT;Rooms-Katholiek;0306620044;https://www.ksu-debinnentuin.nl/; ;SBAO;Binnentuinlaan;6;3452 RN;VLEUTEN;36;Utrecht;18;Utrecht-Midden;19;Utrecht;17;Utrecht;13;Utrecht en omstreken;19;Utrecht;Midden
SBAO;Utrecht;77651;04DA;04DA00;School voor Speciaal Basisonderwijs De Evenaar;Dasseweide;1;3437 WN;NIEUWEGEIN;0356;NIEUWEGEIN;Algemeen bijzonder;0306048400; ; ;SBAO;Postbus;7107;3430 JC;NIEUWEGEIN;36;Utrecht;18;Utrecht-Midden;19;Utrecht;17;Utrecht;13;Utrecht en omstreken;19;Utrecht;Midden
SBAO;Utrecht;77975;04DR;04DR00;School voor Speciaal Basisonderwijs De Wenteltrap;Sint Petersburglaan;25;3404 CV;IJSSELSTEIN;0353;IJSSELSTEIN;Algemeen bijzonder;0306884656;https://sbodewenteltrap.nl/; ;SBAO;Sint Petersburglaan;25;3404 CV;IJSSELSTEIN;36;Utrecht;18;Utrecht-Midden;19;Utrecht;17;Utrecht;13;Utrecht en omstreken;19;Utrecht;Midden
SBAO;Zeeland;40803;14VO;14VO00;School voor Speciaal Basisonderwijs De Brug;Koolstraat;17;4561 GW;HULST;0677;HULST;Rooms-Katholiek;0114370884;debrug.ogperspecto.nl; ;SBAO;Postbus;135;4560 AC;HULST;63;Hulst;24;Zeeland;33;Zeeuwsch-Vlaanderen;31;Zeeuwsch-Vlaanderen;19;Zeeland;33;Zeeuws-Vlaanderen;Zuid
SBAO;Zeeland;40876;00MY;00MY00;De Springplank;Jacob Catsstraat;9;4532 BX;TERNEUZEN;0715;TERNEUZEN;Algemeen bijzonder;0115613140;https://www.sbo-despringplank.nl/; ;SBAO;Postbus;194;4530 AD;TERNEUZEN;62;Terneuzen;24;Zeeland;33;Zeeuwsch-Vlaanderen;31;Zeeuwsch-Vlaanderen;19;Zeeland;33;Zeeuws-Vlaanderen;Zuid
SBAO;Zeeland;40876;00NY;00NY00;De Geluksvogel SBO;Abraham Beeckmanlaan;18;4691 JZ;THOLEN;0716;THOLEN;Algemeen bijzonder;0166602284;https://www.degeluksvogel.nl/; ;SBAO;Abraham Beeckmanlaan;18;4691 JZ;THOLEN;64;Bergen op Zoom;24;Zeeland;31;Oosterschelde regio;32;Overig Zeeland;20;West-Noord-Brabant;31;Oosterschelde Regio;Zuid
SBAO;Zeeland;40876;14OJ;14OJ00;De Tweern;Evertsenstraat;100;4461 XS;GOES;0664;GOES;Algemeen bijzonder;0113228864;https://www.detweern.nl/; ;SBAO;Evertsenstraat;100;4461 XS;GOES;60;Goes;24;Zeeland;31;Oosterschelde regio;32;Overig Zeeland;19;Zeeland;31;Oosterschelde Regio;Zuid
SBAO;Zeeland;40876;16OU;16OU00;Het Springtij;Grevelingenstraat;8;4335 XG;MIDDELBURG;0687;MIDDELBURG;Algemeen bijzonder; ;https://www.sbo-despringplank.nl/; ;SBAO;Grevelingenstraat;8;4335 XG;MIDDELBURG;59;Middelburg;24;Zeeland;32;Walcheren;32;Overig Zeeland;19;Zeeland;32;Walcheren;Zuid
SBAO;Zeeland;41557;19QZ;19QZ00;School voor Speciaal Basisonderwijs De Meie;Hatfieldpark;3;4301 XC;ZIERIKZEE;1676;SCHOUWEN-DUIVELAND;Openbaar;0111412762; ; ;SBAO;Postbus;286;4300 AG;ZIERIKZEE;58;Zierikzee;24;Zeeland;31;Oosterschelde regio;32;Overig Zeeland;17;Rijnmond groot;31;Oosterschelde Regio;Zuid
SBAO;Zeeland;84151;04EW;04EW00;Meander Onderwijs - afdeling SBO;Coxstraat;9;4421 DC;KAPELLE;0678;KAPELLE;Reformatorisch;0113330087;www.meanderonderwijs.nl; ;SBAO;Postbus;99;4420 AC;KAPELLE;60;Goes;24;Zeeland;31;Oosterschelde regio;32;Overig Zeeland;19;Zeeland;31;Oosterschelde Regio;Zuid
SBAO;Zuid-Holland;20281;18CQ;18CQ00;SBO Aquamarijn;Wandelgangen;50;2555 XW;'S-GRAVENHAGE;0518;S GRAVENHAGE;Rooms-Katholiek;0703232483;www.kcaquamarijn.nl; ;SBAO;Wandelgangen;50;2555 XW;'S-GRAVENHAGE;49;'s-Gravenhage;22;Haaglanden;28;Haaglanden;26;Agglomeratie 's-Gravenhage;16;Noord-Zuid-Holland;28;Haaglanden/Westland;Midden
SBAO;Zuid-Holland;20281;19HE;19HE00;Speciaal Basisonderwijs Merlijn;Paets van Troostwijkstr;87;2522 DM;'S-GRAVENHAGE;0518;S GRAVENHAGE;Rooms-Katholiek;0703993709;www.scolucas.nl/sbomerlijn; ;SBAO;Paets van Troostwijkstr;87;2522 DM;'S-GRAVENHAGE;49;'s-Gravenhage;22;Haaglanden;28;Haaglanden;26;Agglomeratie 's-Gravenhage;16;Noord-Zuid-Holland;28;Haaglanden/Westland;Midden
SBAO;Zuid-Holland;20281;20LI;20LI00;School voor Speciaal Basisonderwijs De Vliethorst;Prinses Carolinalaan;1;2263 VJ;LEIDSCHENDAM;1916;LEIDSCHENDAM-VOORBURG;Rooms-Katholiek;0703272650;www.sbodevliethorst.nl; ;SBAO;Prinses Carolinalaan;1;2263 VJ;LEIDSCHENDAM;49;'s-Gravenhage;22;Haaglanden;28;Haaglanden;26;Agglomeratie 's-Gravenhage;16;Noord-Zuid-Holland;28;Haaglanden/Westland;Midden
SBAO;Zuid-Holland;20281;27ZD;27ZD00;SBO Het Avontuur;Bottgerwater;21;2497 ZJ;'S-GRAVENHAGE;0518;S GRAVENHAGE;Samenwerking PC, RK;0152579022;https://www.sbohetavontuur.nl/; ;SBAO;Bottgerwater;21;2497 ZJ;'S-GRAVENHAGE;49;'s-Gravenhage;22;Haaglanden;28;Haaglanden;26;Agglomeratie 's-Gravenhage;16;Noord-Zuid-Holland;28;Haaglanden/Westland;Midden
SBAO;Zuid-Holland;24597;16SM;16SM00;SBO Laurens Cupertino;Bree;61;3074 BC;ROTTERDAM;0599;ROTTERDAM;Rooms-Katholiek;0102919065;www.laurens-cupertinoschool.nl; ;SBAO;Bree;61;3074 BC;ROTTERDAM;54;Rotterdam;23;Rijnmond;29;Rijnmond;29;Groot-Rijnmond;17;Rijnmond groot;29;Rijnmond;Midden
SBAO;Zuid-Holland;24597;18YD;18YD00;SBO Lucas;Korfmakersstraat;68;3026 XJ;ROTTERDAM;0599;ROTTERDAM;Rooms-Katholiek;0104768996;https://sbolucas.nl/; ;SBAO;Korfmakersstraat;68;3026 XJ;ROTTERDAM;54;Rotterdam;23;Rijnmond;29;Rijnmond;29;Groot-Rijnmond;17;Rijnmond groot;29;Rijnmond;Midden
SBAO;Zuid-Holland;24597;19HS;19HS00;SBO Johannes-Martinus;Boezemweg;174;3031 BP;ROTTERDAM;0599;ROTTERDAM;Rooms-Katholiek;0104121819;www.johannes-martinusschool.nl; ;SBAO;Boezemweg;174;3031 BP;ROTTERDAM;54;Rotterdam;23;Rijnmond;29;Rijnmond;29;Groot-Rijnmond;17;Rijnmond groot;29;Rijnmond;Midden
SBAO;Zuid-Holland;30582;04DY;04DY00;SBO De Toekomst;Willem de Zwijgerlaan;2;3314 NX;DORDRECHT;0505;DORDRECHT;Protestants-Christelijk;0788905825;www.sbodetoekomst.h3o.nl; ;SBAO;Postbus;8004;3301 CA;DORDRECHT;53;Dordrecht/Zwijndrecht;23;Rijnmond;30;Zuid-Holland-Zuid;30;Zuidoost-Zuid-Holland;18;Dordrecht-Gorinchem;30;Zuid-Holland-Zuid;Midden
SBAO;Zuid-Holland;40377;13HO;13HO00;RK School voor Speciaal Basisonderwijs De Horizon;Mendelssohnrode;2;2717 CR;ZOETERMEER;0637;ZOETERMEER;Rooms-Katholiek;0793200676;www.horizon.unicoz.nl; ;SBAO;Mendelssohnrode;2;2717 CR;ZOETERMEER;49;'s-Gravenhage;22;Haaglanden;28;Haaglanden;26;Agglomeratie 's-Gravenhage;16;Noord-Zuid-Holland;28;Haaglanden/Westland;Midden
SBAO;Zuid-Holland;40765;12FK;12FK00;RK Speciale Basisschool De Oostvogel;Scharroosingel;54;2807 CX;GOUDA;0513;GOUDA;Rooms-Katholiek;0182524424;www.sbo-oostvogel.nl; ;SBAO;Scharroosingel;54;2807 CX;GOUDA;51;Gouda;21;Rijn-Gouwe;27;Zuid-Holland-Oost;28;Oost-Zuid-Holland;16;Noord-Zuid-Holland;27;Zuid-Holland-Oost;Midden
SBAO;Zuid-Holland;40928;21GJ;21GJ00;School voor Speciaal Basisonderwijs Laurentius;Griegstraat;2;2625 AN;DELFT;0503;DELFT;Rooms-Katholiek;0152570190;www.laurentiusschool.nl; ;SBAO;Griegstraat;2;2625 AN;DELFT;50;Delft;22;Haaglanden;28;Haaglanden;27;Delft en Westland;16;Noord-Zuid-Holland;28;Haaglanden/Westland;Midden
SBAO;Zuid-Holland;41008;01JQ;01JQ00;De Windvang;Van Lierestraat;8;2221 SC;KATWIJK ZH;0537;KATWIJK;Protestants-Christelijk;0714030222;www.dewindvang.nl; ;SBAO;Van Lierestraat;8;2221 SC;KATWIJK ZH;46;Leiden;21;Rijn-Gouwe;26;Zuid-Holland-Noord;25;Agglomeratie Leiden en Bollenstreek;16;Noord-Zuid-Holland;26;Zuid-Holland-Noord;Midden
SBAO;Zuid-Holland;41008;02SO;02SO00;Don Boscoschool;Ruishornlaan;29;2162 VW;LISSE;0553;LISSE;Rooms-Katholiek;0252414216;www.don-boscoschool.nl; ;SBAO;Ruishornlaan;29;2162 VW;LISSE;43;Haarlem;21;Rijn-Gouwe;26;Zuid-Holland-Noord;25;Agglomeratie Leiden en Bollenstreek;15;Zuid-Noord-Holland;26;Zuid-Holland-Noord;Midden
SBAO;Zuid-Holland;41008;14VQ;14VQ00;Savioschool;Prinses Irenelaan;32;2181 CZ;HILLEGOM;0534;HILLEGOM;Rooms-Katholiek;0252532494;www.aloysiusstichting.nl; ;SBAO;Prinses Irenelaan;32;2181 CZ;HILLEGOM;43;Haarlem;21;Rijn-Gouwe;26;Zuid-Holland-Noord;25;Agglomeratie Leiden en Bollenstreek;15;Zuid-Noord-Holland;26;Zuid-Holland-Noord;Midden
SBAO;Zuid-Holland;41047;19SC;19SC00;SBO De Vlieger;Boerhaavelaan;298;2334 EZ;LEIDEN;0546;LEIDEN;Algemeen bijzonder;0715174664;www.sbodevlieger.nl; ;SBAO;Boerhaavelaan;298;2334 EZ;LEIDEN;46;Leiden;21;Rijn-Gouwe;26;Zuid-Holland-Noord;25;Agglomeratie Leiden en Bollenstreek;16;Noord-Zuid-Holland;26;Zuid-Holland-Noord;Midden
SBAO;Zuid-Holland;41071;03AF;03AF00;Chr Speciaal Basisonderwijs Bergkristal;Benthuizerstraat;101;3035 CN;ROTTERDAM;0599;ROTTERDAM;Protestants-Christelijk;0104144696;www.csbo-bergkristal.nl; ;SBAO;Benthuizerstraat;101;3035 CN;ROTTERDAM;54;Rotterdam;23;Rijnmond;29;Rijnmond;29;Groot-Rijnmond;17;Rijnmond groot;29;Rijnmond;Midden
SBAO;Zuid-Holland;41071;06RV;06RV00;SBO De Vlinder;Albregt-Engelmanstraat;34;3025 BH;ROTTERDAM;0599;ROTTERDAM;Algemeen bijzonder;0104765521;www.kcdevlinder.nl; ;SBAO;Postbus;6011;3002 AA;ROTTERDAM;54;Rotterdam;23;Rijnmond;29;Rijnmond;29;Groot-Rijnmond;17;Rijnmond groot;29;Rijnmond;Midden
SBAO;Zuid-Holland;41071;09EB;09EB00;SBO IKC Nova;Bertrand Russellplaats;7-9;3069 CA;ROTTERDAM;0599;ROTTERDAM;Protestants-Christelijk;0104205629;www.ikcnova.nl; ;SBAO;Bertrand Russellplaats;7;3069 CA;ROTTERDAM;54;Rotterdam;23;Rijnmond;29;Rijnmond;29;Groot-Rijnmond;17;Rijnmond groot;29;Rijnmond;Midden
SBAO;Zuid-Holland;41194;04PC;04PC00;SBO Park en Dijk;Winterdijk;6;2801 SJ;GOUDA;0513;GOUDA;Protestants-Christelijk;0182512309;www.d4w.nl/parkendijk; ;SBAO;Winterdijk;6;2801 SJ;GOUDA;51;Gouda;21;Rijn-Gouwe;27;Zuid-Holland-Oost;28;Oost-Zuid-Holland;16;Noord-Zuid-Holland;27;Zuid-Holland-Oost;Midden
SBAO;Zuid-Holland;41338;17IY;17IY00;PC School voor Speciaal Basisonderwijs De Parasol;Richard Hollaan;2;3144 BB;MAASSLUIS;0556;MAASSLUIS;Protestants-Christelijk;0105919807;www.sbodeparasol.nl; ;SBAO;Richard Hollaan;2;3144 BB;MAASSLUIS;54;Rotterdam;23;Rijnmond;29;Rijnmond;29;Groot-Rijnmond;17;Rijnmond groot;29;Rijnmond;Midden
SBAO;Zuid-Holland;41390;19KH;19KH00;SBO De Vuurtoren;Spitsbergen;15;2721 GP;ZOETERMEER;0637;ZOETERMEER;Openbaar;0793163316;www.sbo-devuurtoren.nl; ;SBAO;Spitsbergen;15;2721 GP;ZOETERMEER;49;'s-Gravenhage;22;Haaglanden;28;Haaglanden;26;Agglomeratie 's-Gravenhage;16;Noord-Zuid-Holland;28;Haaglanden/Westland;Midden
SBAO;Zuid-Holland;41396;00UY;00UY00;School voor Speciaal Basisonderwijs  Beatrix de Burcht;Dokter Hiemstralaan;24;4205 KM;GORINCHEM;0512;GORINCHEM;Protestants-Christelijk;0183699331;www.beatrixdeburcht.nl; ;SBAO;Dokter Hiemstralaan;24;4205 KM;GORINCHEM;52;Gorinchem;23;Rijnmond;30;Zuid-Holland-Zuid;30;Zuidoost-Zuid-Holland;18;Dordrecht-Gorinchem;30;Zuid-Holland-Zuid;Midden
SBAO;Zuid-Holland;41417;00UE;00UE00;School voor Speciaal Basisonderwijs De Steenen Kamer;Stenenkamer;34;3332 KP;ZWIJNDRECHT;0642;ZWIJNDRECHT;Algemeen bijzonder;0786121709;https://www.desteenenkamer.spon.nl; ;SBAO;Stenenkamer;34;3332 KP;ZWIJNDRECHT;53;Dordrecht/Zwijndrecht;23;Rijnmond;30;Zuid-Holland-Zuid;30;Zuidoost-Zuid-Holland;18;Dordrecht-Gorinchem;30;Zuid-Holland-Zuid;Midden
SBAO;Zuid-Holland;41417;00VW;00VW00;De Kameleon;Noordersingel;1;3351 ED;PAPENDRECHT;0590;PAPENDRECHT;Algemeen bijzonder;0786155444;www.dekameleon.spon.nl; ;SBAO;Postbus;23;3350 AA;PAPENDRECHT;53;Dordrecht/Zwijndrecht;23;Rijnmond;30;Zuid-Holland-Zuid;30;Zuidoost-Zuid-Holland;18;Dordrecht-Gorinchem;30;Zuid-Holland-Zuid;Midden
SBAO;Zuid-Holland;41417;12UK;12UK00;School voor Speciaal Basisonderwijs De Rotonde;Dokter Hiemstralaan;85;4205 KK;GORINCHEM;0512;GORINCHEM;Algemeen bijzonder;0183623373;www.rotonde.spon.nl; ;SBAO;Dokter Hiemstralaan;85;4205 KK;GORINCHEM;52;Gorinchem;23;Rijnmond;30;Zuid-Holland-Zuid;30;Zuidoost-Zuid-Holland;18;Dordrecht-Gorinchem;30;Zuid-Holland-Zuid;Midden
SBAO;Zuid-Holland;41441;18SG;18SG00;School voor Speciaal Basisonderwijs Elsenburg;Laboucherelaan;3;2283 EG;RIJSWIJK ZH;0603;RIJSWIJK;Openbaar;0703930303;www.elsenburgschool.nl; ;SBAO;Laboucherelaan;3;2283 EG;RIJSWIJK ZH;49;'s-Gravenhage;22;Haaglanden;28;Haaglanden;26;Agglomeratie 's-Gravenhage;16;Noord-Zuid-Holland;28;Haaglanden/Westland;Midden
SBAO;Zuid-Holland;41444;16NZ;16NZ00;Speciaal Basisonderwijs Het Palet;Graaf van Egmondstraat;79;3261 AK;OUD-BEIJERLAND;1963;HOEKSCHE WAARD;Openbaar;0186615403;www.sbohetpalet.nl; ;SBAO;Graaf van Egmondstraat;79;3261 AK;OUD-BEIJERLAND;55;Oud-Beijerland;23;Rijnmond;30;Zuid-Holland-Zuid;29;Groot-Rijnmond;17;Rijnmond groot;30;Zuid-Holland-Zuid;Midden
SBAO;Zuid-Holland;41454;02FI;02FI00;Speciaal Basisonderwijs De Diamant;Sint Martinusstraat;160;2671 GM;NAALDWIJK;1783;WESTLAND;Protestants-Christelijk;0174625232;www.diamant.pcpow.nl; ;SBAO;Sint Martinusstraat;160;2671 GM;NAALDWIJK;49;'s-Gravenhage;22;Haaglanden;28;Haaglanden;27;Delft en Westland;16;Noord-Zuid-Holland;28;Haaglanden/Westland;Midden
SBAO;Zuid-Holland;41518;18AW;18AW00;Het Kompas Openbare School voor Speciaal Basisonderwijs;Oranje Vrijstaatplein;2;3312 EP;DORDRECHT;0505;DORDRECHT;Openbaar;0788906130;www.kompas.nestas-scholengroep.nl; ;SBAO;Oranje Vrijstaatplein;2;3312 EP;DORDRECHT;53;Dordrecht/Zwijndrecht;23;Rijnmond;30;Zuid-Holland-Zuid;30;Zuidoost-Zuid-Holland;18;Dordrecht-Gorinchem;30;Zuid-Holland-Zuid;Midden
SBAO;Zuid-Holland;41527;16GW;16GW00;SBO Het Avontuur;Mercatorsingel;90;2803 ER;GOUDA;0513;GOUDA;Openbaar;0182571746;www.sbo-hetavontuur.nl; ;SBAO;Mercatorsingel;90;2803 ER;GOUDA;51;Gouda;21;Rijn-Gouwe;27;Zuid-Holland-Oost;28;Oost-Zuid-Holland;16;Noord-Zuid-Holland;27;Zuid-Holland-Oost;Midden
SBAO;Zuid-Holland;41535;19ST;19ST00;School voor Speciaal Basisonderwijs Kameleon;Reigerlaan;9;3136 JJ;VLAARDINGEN;0622;VLAARDINGEN;Openbaar;0104751740;www.kameleon-vlaardingen.nl; ;SBAO;Reigerlaan;9;3136 JJ;VLAARDINGEN;54;Rotterdam;23;Rijnmond;29;Rijnmond;29;Groot-Rijnmond;17;Rijnmond groot;29;Rijnmond;Midden
SBAO;Zuid-Holland;41545;11HT;11HT00;School voor Speciaal Basisonderwijs De Bouwsteen;Wiekslag;3;2903 VA;CAPELLE AAN DEN IJSSEL;0502;CAPELLE AAN DEN IJSSEL;Openbaar;0104511907;www.sbodebouwsteen.nl; ;SBAO;Wiekslag;3;2903 VA;CAPELLE AAN DEN IJSSEL;54;Rotterdam;23;Rijnmond;29;Rijnmond;29;Groot-Rijnmond;17;Rijnmond groot;29;Rijnmond;Midden
SBAO;Zuid-Holland;41567;19VE;19VE00;SBO De Poldervaart;Prinses Beatrixlaan;20;3121 JN;SCHIEDAM;0606;SCHIEDAM;Openbaar;0104701188;https://www.poldervaartschiedam.nl; ;SBAO;Prinses Beatrixlaan;20;3121 JN;SCHIEDAM;54;Rotterdam;23;Rijnmond;29;Rijnmond;29;Groot-Rijnmond;17;Rijnmond groot;29;Rijnmond;Midden
SBAO;Zuid-Holland;41570;13MH;13MH00;School voor Speciaal Basisonderwijs De Windroos;Bolwerk;46;3221 VJ;HELLEVOETSLUIS;1992;VOORNE AAN ZEE;Openbaar;0181312121;www.dewindroos-hellevoetsluis.nl; ;SBAO;Postbus;320;3220 AH;HELLEVOETSLUIS;56;Brielle;23;Rijnmond;29;Rijnmond;29;Groot-Rijnmond;17;Rijnmond groot;29;Rijnmond;Midden
SBAO;Zuid-Holland;41572;20JC;20JC00;School voor Speciaal Basisonderwijs De Bonte Vlinder;Aucubastraat;3;2565 XD;'S-GRAVENHAGE;0518;S GRAVENHAGE;Openbaar;0703634509;www.bontevlinder.nl; ;SBAO;Aucubastraat;3;2565 XD;'S-GRAVENHAGE;49;'s-Gravenhage;22;Haaglanden;28;Haaglanden;26;Agglomeratie 's-Gravenhage;16;Noord-Zuid-Holland;28;Haaglanden/Westland;Midden
SBAO;Zuid-Holland;41572;20JF;20JF00;School voor Speciaal Basisonderwijs De Haagse Beek;Bentelostraat;59;2545 NV;'S-GRAVENHAGE;0518;S GRAVENHAGE;Openbaar;0703237234;www.sbodehaagsebeek.nl; ;SBAO;Bentelostraat;59;2545 NV;'S-GRAVENHAGE;49;'s-Gravenhage;22;Haaglanden;28;Haaglanden;26;Agglomeratie 's-Gravenhage;16;Noord-Zuid-Holland;28;Haaglanden/Westland;Midden
SBAO;Zuid-Holland;41572;20JJ;20JJ00;School voor Speciaal Basisonderwijs P H Schreuder;Hendrick Goltziusstraat;5;2526 LL;'S-GRAVENHAGE;0518;S GRAVENHAGE;Openbaar;0703800942; ; ;SBAO;Hendrick Goltziusstraat;5;2526 LL;'S-GRAVENHAGE;49;'s-Gravenhage;22;Haaglanden;28;Haaglanden;26;Agglomeratie 's-Gravenhage;16;Noord-Zuid-Holland;28;Haaglanden/Westland;Midden
SBAO;Zuid-Holland;41639;19CM;19CM00;De Catamaran;Aidastraat;91;3208 PA;SPIJKENISSE;1930;NISSEWAARD;Openbaar;0181636281;www.decatamaran-nissewijs.nl; ;SBAO;Aidastraat;91;3208 PA;SPIJKENISSE;54;Rotterdam;23;Rijnmond;29;Rijnmond;29;Groot-Rijnmond;17;Rijnmond groot;29;Rijnmond;Midden
SBAO;Zuid-Holland;41646;00EH;00EH00;Speciaal Basisonderwijs De Cirkel;Zevensprong;5;2907 TK;CAPELLE AAN DEN IJSSEL;0502;CAPELLE AAN DEN IJSSEL;Gereformeerd vrijgemaakt;0102270994;www.sbodecirkel-levwn.nl; ;SBAO;Zevensprong;5;2907 TK;CAPELLE AAN DEN IJSSEL;54;Rotterdam;23;Rijnmond;29;Rijnmond;29;Groot-Rijnmond;17;Rijnmond groot;29;Rijnmond;Midden
SBAO;Zuid-Holland;41775;20KY;20KY00;School voor Speciaal Basisonderwijs De Kring;Nieuwe Ommoordseweg;30;3068 BT;ROTTERDAM;0599;ROTTERDAM;Openbaar;0104215096;www.sbo3boor.nl; ;SBAO;Postbus;8682;3009 AR;ROTTERDAM;54;Rotterdam;23;Rijnmond;29;Rijnmond;29;Groot-Rijnmond;17;Rijnmond groot;29;Rijnmond;Midden
SBAO;Zuid-Holland;41775;20RD;20RD00;School voor Speciaal Basisonderwijs Sonnevanck;Zwartewaalstraat;38;3081 HZ;ROTTERDAM;0599;ROTTERDAM;Openbaar;0104858227;www.sbo-sonnevanck.nl; ;SBAO;Zwartewaalstraat;38;3081 HZ;ROTTERDAM;54;Rotterdam;23;Rijnmond;29;Rijnmond;29;Groot-Rijnmond;17;Rijnmond groot;29;Rijnmond;Midden
SBAO;Zuid-Holland;41775;20RV;20RV00;SBO Kindcentrum IJsselmonde;Percevalweg;4;3077 NK;ROTTERDAM;0599;ROTTERDAM;Openbaar;0104830737;www.kindcentrumijsselmonde.nl; ;SBAO;Percevalweg;4;3077 NK;ROTTERDAM;54;Rotterdam;23;Rijnmond;29;Rijnmond;29;Groot-Rijnmond;17;Rijnmond groot;29;Rijnmond;Midden
SBAO;Zuid-Holland;41775;21HJ;21HJ00;SBO Hoogvliet;Othelloweg;8;3194 GS;HOOGVLIET ROTTERDAM;0599;ROTTERDAM;Openbaar;0104162687;www.sbohoogvliet.nl; ;SBAO;Othelloweg;8;3194 GS;HOOGVLIET ROTTERDAM;54;Rotterdam;23;Rijnmond;29;Rijnmond;29;Groot-Rijnmond;17;Rijnmond groot;29;Rijnmond;Midden
SBAO;Zuid-Holland;41867;18KM;18KM00;School voor Speciaal Basisonderwijs Het Kompas;Prinses Marijkestraat;1;3241 VJ;MIDDELHARNIS;1924;GOEREE-OVERFLAKKEE;Openbaar;0187483625;www.sbo-hetkompas.nl; ;SBAO;Postbus;178;3240 AD;MIDDELHARNIS;57;Middelharnis;23;Rijnmond;29;Rijnmond;29;Groot-Rijnmond;17;Rijnmond groot;29;Rijnmond;Midden
SBAO;Zuid-Holland;42632;02CO;02CO00;Christelijke School voor Speciaal Basisonderwijs De Wegwijzer;Hobbemastraat;4;3241 AD;MIDDELHARNIS;1924;GOEREE-OVERFLAKKEE;Protestants-Christelijk;0187483767;www.sbodewegwijzer.nl; ;SBAO;Postbus;150;3240 AD;MIDDELHARNIS;57;Middelharnis;23;Rijnmond;29;Rijnmond;29;Groot-Rijnmond;17;Rijnmond groot;29;Rijnmond;Midden
SBAO;Zuid-Holland;42790;00EM;00EM00;School voor Speciaal Basisonderwijs De Wijngaard;Dierensteinweg;2-H;2991 XJ;BARENDRECHT;0489;BARENDRECHT;Reformatorisch;0180615151;www.dewijngaardsbo.nl; ;SBAO;Postbus;280;2990 AG;BARENDRECHT;54;Rotterdam;23;Rijnmond;29;Rijnmond;29;Groot-Rijnmond;17;Rijnmond groot;29;Rijnmond;Midden
SBAO;Zuid-Holland;42790;23FV;23FV00;SBO De Boomgaard;Hoogenburg;24;2804 ZR;GOUDA;0513;GOUDA;Reformatorisch;0182570004;www.boomgaardgouda.nl; ;SBAO;Hoogenburg;24;2804 ZR;GOUDA;51;Gouda;21;Rijn-Gouwe;27;Zuid-Holland-Oost;28;Oost-Zuid-Holland;16;Noord-Zuid-Holland;27;Zuid-Holland-Oost;Midden
SBAO;Zuid-Holland;42790;24DE;24DE00;School voor Speciaal Basisonderwijs De Akker;Rondo;321;3363 LB;SLIEDRECHT;0610;SLIEDRECHT;Reformatorisch;0184410220;www.sbodeakker.nl; ;SBAO;Postbus;320;3360 AH;SLIEDRECHT;53;Dordrecht/Zwijndrecht;23;Rijnmond;30;Zuid-Holland-Zuid;30;Zuidoost-Zuid-Holland;18;Dordrecht-Gorinchem;30;Zuid-Holland-Zuid;Midden
SBAO;Zuid-Holland;43227;01XT;01XT00;Christelijke School voor Speciaal Basisonderwijs De Balans;Dorus Rijkersrede;3;2901 CL;CAPELLE AAN DEN IJSSEL;0502;CAPELLE AAN DEN IJSSEL;Protestants-Christelijk;0104504295;www.debalanssbo.nl; ;SBAO;Dorus Rijkersrede;3;2901 CL;CAPELLE AAN DEN IJSSEL;54;Rotterdam;23;Rijnmond;29;Rijnmond;29;Groot-Rijnmond;17;Rijnmond groot;29;Rijnmond;Midden
SBAO;Zuid-Holland;47595;05YM;05YM00;School voor Speciaal Basisonderwijs De Koppeling;Herkingenstraat;80;3086 BJ;ROTTERDAM;0599;ROTTERDAM;Protestants-Christelijk;0104800415;www.dekoppeling.nl; ;SBAO;Herkingenstraat;80;3086 BJ;ROTTERDAM;54;Rotterdam;23;Rijnmond;29;Rijnmond;29;Groot-Rijnmond;17;Rijnmond groot;29;Rijnmond;Midden
SBAO;Zuid-Holland;47595;14XB;14XB00;Heldringschool;Hilledijk;279;3074 GC;ROTTERDAM;0599;ROTTERDAM;Protestants-Christelijk;0104851898;www.heldringschool.nl; ;SBAO;Hilledijk;279;3074 GC;ROTTERDAM;54;Rotterdam;23;Rijnmond;29;Rijnmond;29;Groot-Rijnmond;17;Rijnmond groot;29;Rijnmond;Midden
SBAO;Zuid-Holland;62077;03TU;03TU00;Op Maat;Henry Dunantweg;11;2402 NM;ALPHEN AAN DEN RIJN;0484;ALPHEN AAN DEN RIJN;Algemeen bijzonder;0889962700;https://scholen.ihub.nl/scholen/op-maat; ;SBAO;Henry Dunantweg;11;2402 NM;ALPHEN AAN DEN RIJN;47;Alphen aan den Rijn;21;Rijn-Gouwe;27;Zuid-Holland-Oost;28;Oost-Zuid-Holland;16;Noord-Zuid-Holland;27;Zuid-Holland-Oost;Midden
SBAO;Zuid-Holland;70176;16RC;16RC00;School voor Speciaal Basisonderwijs Het Mozaiek;Van den Eyndestraat;24;2582 EC;'S-GRAVENHAGE;0518;S GRAVENHAGE;Protestants-Christelijk;0703586050;www.hetmozaiek.net; ;SBAO;Van den Eyndestraat;24;2582 EC;'S-GRAVENHAGE;49;'s-Gravenhage;22;Haaglanden;28;Haaglanden;26;Agglomeratie 's-Gravenhage;16;Noord-Zuid-Holland;28;Haaglanden/Westland;Midden
SBAO;Zuid-Holland;70176;18XS;18XS00;School voor Speciaal Basisonderwijs De Springplank;Pachtersdreef;3;2542 XH;'S-GRAVENHAGE;0518;S GRAVENHAGE;Protestants-Christelijk;0703670714;www.sbodespringplank.nl; ;SBAO;Pachtersdreef;3;2542 XH;'S-GRAVENHAGE;49;'s-Gravenhage;22;Haaglanden;28;Haaglanden;26;Agglomeratie 's-Gravenhage;16;Noord-Zuid-Holland;28;Haaglanden/Westland;Midden
SBAO;Zuid-Holland;70176;19HH;19HH00;School voor Speciaal Basisonderwijs Rehoboth;Dr H. Colijnlaan;3;2283 XA;RIJSWIJK ZH;0603;RIJSWIJK;Protestants-Christelijk;0703930045;www.nldata.nl/rehoboth; ;SBAO;Dr H. Colijnlaan;3;2283 XA;RIJSWIJK ZH;49;'s-Gravenhage;22;Haaglanden;28;Haaglanden;26;Agglomeratie 's-Gravenhage;16;Noord-Zuid-Holland;28;Haaglanden/Westland;Midden
SBAO;Zuid-Holland;78782;19PQ;19PQ00;SBO Prinsenhof;Zilverreigerdreef;105;2643 MC;PIJNACKER;1926;PIJNACKER-NOOTDORP;Protestants-Christelijk;0153610005;www.prinsenhof-octant.nl; ;SBAO;Zilverreigerdreef;105;2643 MC;PIJNACKER;49;'s-Gravenhage;22;Haaglanden;28;Haaglanden;26;Agglomeratie 's-Gravenhage;16;Noord-Zuid-Holland;28;Haaglanden/Westland;Midden
SBAO;Zuid-Holland;80433;00MN;00MN00;Christelijk speciaal kindcentrum De Burcht;Mozartstraat;180-A;2983 AK;RIDDERKERK;0597;RIDDERKERK;Protestants-Christelijk;0788200034;www.burcht-ridderkerk.nl; ;SBAO;Mozartstraat;180-A;2983 AK;RIDDERKERK;54;Rotterdam;23;Rijnmond;29;Rijnmond;29;Groot-Rijnmond;17;Rijnmond groot;29;Rijnmond;Midden
SBAO;Zuid-Holland;95694;00WO;00WO00;IVIO Instituut voor Individueel Onderwijs;Laan van Poot;91;2566 EA;'S-GRAVENHAGE;0518;S GRAVENHAGE;Algemeen bijzonder;0703653892;www.iviodenhaag.nl; ;SBAO;Laan van Poot;91;2566 EA;'S-GRAVENHAGE;49;'s-Gravenhage;22;Haaglanden;28;Haaglanden;26;Agglomeratie 's-Gravenhage;16;Noord-Zuid-Holland;28;Haaglanden/Westland;Midden
SO;Drenthe;54679;17GW;17GW10;Kentalis Tine Marcusschool Emmen;Mantingerbrink;203;7812 MD;EMMEN;0114;EMMEN;Algemeen bijzonder;0591374510;https://www.kentalis.nl/onze-scholen;2;SO DOBLN,DOVN,ESM,MGA,MGB,SH;Mantingerbrink;203;7812 MD;EMMEN;12;Emmen;05;Zuid- en Midden-Drenthe;08;Zuidoost-Drenthe;08;Zuidoost-Drenthe;04;Assen-Hoogeveen-Emmen;08;Zuid-Oost Drenthe;Noord
SO;Flevoland;21679;20WR;20WR04;De Taaltoon;Prokofjevstraat;3;1323 SB;ALMERE;0034;ALMERE;Openbaar; ;www.detaaltoon.nl;2;SO DOBLN,DOVN,ESM,MGA,MGB,SH;Jan Tooropstraat;13;1062 BK;AMSTERDAM;28;Harderwijk;15;Flevoland;18;Flevoland;40;Flevoland;10;Harderwijk-Amersfoort;18;Flevoland;Noord
SO;Flevoland;30882;23VR;23VR00;Eduvierschool Dokter Herman Bekiusschool;Zuigerplasdreef;202;8223 EX;LELYSTAD;0995;LELYSTAD;Algemeen bijzonder;0320245490;www.eduvier.nl.;4;SO LZ/P + RP-SO LZ/P;Postbus;2344;8203 AH;LELYSTAD;28;Harderwijk;15;Flevoland;18;Flevoland;40;Flevoland;10;Harderwijk-Amersfoort;18;Flevoland;Noord
SO;Flevoland;54679;17GW;17GW37;Kentalis Enkschool Urk;Clausstraat;2;8322 GH;URK;0184;URK;Rooms-Katholiek; ;https://www.kentalis.nl/onze-scholen;2;SO DOBLN,DOVN,ESM,MGA,MGB,SH;Clausstraat;2;8322 GH;URK;17;Noordoostpolder;15;Flevoland;18;Flevoland;40;Flevoland;05;Zwolle-Meppel en omstreken;18;Flevoland;Noord
SO;Friesland;41414;02EP;02EP00;Caleidoscoop;Wilaarderburen;2;8924 JK;LEEUWARDEN;0080;LEEUWARDEN;Algemeen bijzonder;0582678267;www.renn4.nl;4;SO LZ/P + RP-SO LZ/P;Wilaarderburen;2;8924 JK;LEEUWARDEN;10;Leeuwarden;04;Fryslân;04;Friesland-Noord;04;Noord-Friesland;03;Friesland;04;Friesland Noord;Noord
SO;Friesland;41414;02EP;02EP02;De Reinbôge;Molenkrite;234;8608 WK;SNEEK;1900;SUDWEST-FRYSLAN;Algemeen bijzonder; ; ;4;SO LZ/P + RP-SO LZ/P; ; ; ; ;09;Sneek;04;Fryslân;05;Zuidwest-Friesland;05;Zuidwest-Friesland;03;Friesland;05;Zuid-West Friesland;Noord
SO;Friesland;41414;02EP;02EP03;So Sneek;Simmerdyk;3;8601 ZP;SNEEK;1900;SUDWEST-FRYSLAN;Algemeen bijzonder;0582678267; ;4;SO LZ/P;Simmerdyk;3;8601 ZP;SNEEK;09;Sneek;04;Fryslân;05;Zuidwest-Friesland;05;Zuidwest-Friesland;03;Friesland;05;Zuid-West Friesland;Noord
SO;Friesland;41414;02EP;02EP04;BEC 't hofke;J.H. Knoopstraat;4;8933 GS;LEEUWARDEN;0080;LEEUWARDEN;Algemeen bijzonder; ; ;4;SO LZ/P;J.H. Knoopstraat;4;8933 GS;LEEUWARDEN;10;Leeuwarden;04;Fryslân;04;Friesland-Noord;04;Noord-Friesland;03;Friesland;04;Friesland Noord;Noord
SO;Friesland;42665;03PB;03PB00;SO Kleurrijk;Noorderhogeweg;24;9207 DP;DRACHTEN;0090;SMALLINGERLAND;Algemeen bijzonder;0512530200;www.kleurryk.nl;3;SO MGF + RP-SO MGF;Noorderhogeweg;24;9207 DP;DRACHTEN;07;Smallingerland;04;Fryslân;06;Friesland-Oost;06;Zuidoost-Friesland;03;Friesland;06;Friesland-Oost ('de Friese Wouden');Noord
SO;Friesland;54679;17GW;17GW01;Kentalis De Skelp;Noorderhogeweg;24;9207 DP;DRACHTEN;0090;SMALLINGERLAND;Algemeen bijzonder;0512514974;https://www.kentalis.nl/onze-scholen;2;SO DOBLN,DOVN,ESM,MGA,MGB,SH;Noorderhogeweg;24;9207 DP;DRACHTEN;07;Smallingerland;04;Fryslân;06;Friesland-Oost;06;Zuidoost-Friesland;03;Friesland;06;Friesland-Oost ('de Friese Wouden');Noord
SO;Gelderland;29810;00ON;00ON00;Entrea Onderwijs Nijmegen;Hengstdal;2;6574 NA;UBBERGEN;1945;BERG EN DAL;Bijzonder;0243816160;www.debergschool.nl;4;SO PI + RP-SO PI;Hengstdal;2;6574 NA;UBBERGEN;30;Nijmegen;13;Nijmegen;14;Arnhem/Nijmegen;15;Arnhem/Nijmegen;11;Oostelijk Maas-Waalgebied;40;Rijk van Nijmegen;Zuid
SO;Gelderland;29810;00ON;00ON02;Onderwijs Entrea Lindenhout Nijmegen, locatie De Tapir;Tapirstraat;2;6532 AL;NIJMEGEN;0268;NIJMEGEN;Bijzonder;0883562004;www.detapirschool.nl;4;SO PI + RP-SO PI;Tapirstraat;2;6532 AL;NIJMEGEN;30;Nijmegen;13;Nijmegen;14;Arnhem/Nijmegen;15;Arnhem/Nijmegen;11;Oostelijk Maas-Waalgebied;40;Rijk van Nijmegen;Zuid
SO;Gelderland;29810;01GF;01GF00;De Kleurencirkel;de Gildekamp;6012;6545 LX;NIJMEGEN;0268;NIJMEGEN;Rooms-Katholiek;0243734855;https://www.dekleurencirkel.nl;4;SO ZMOK;de Gildekamp;6012;6545 LX;NIJMEGEN;30;Nijmegen;13;Nijmegen;14;Arnhem/Nijmegen;15;Arnhem/Nijmegen;11;Oostelijk Maas-Waalgebied;40;Rijk van Nijmegen;Zuid
SO;Gelderland;40631;01JE;01JE00;De Ommezwaai;Bethanienstraat;244;6826 TJ;ARNHEM;0202;ARNHEM;Algemeen bijzonder;0263537480;www.deommezwaai.nl;4;SO LZ/P + RP-SO LZ/P;Postbus;821;6800 AV;ARNHEM;26;Arnhem;11;IJssel en Rijn;14;Arnhem/Nijmegen;15;Arnhem/Nijmegen;09;Arnhem en omstreken;41;Arnhem;Zuid
SO;Gelderland;40631;01JE;01JE01;De Fonkel;Jachtlaan;14;6713 KM;EDE;0228;EDE;Algemeen bijzonder;0318644090;www.fonkel-ede.nl;4;SO LZ/P + RP-SO LZ/P;Postbus;821;6800 AV;ARNHEM;29;Ede;10;De Vallei;16;Eem en Vallei;13;Veluwe;09;Arnhem en omstreken;16;Eem en Vallei;Midden
SO;Gelderland;40631;01RE;01RE00;Mariëndael - Doetinchem;Oude Rozengaardseweg;144;7009 ND;DOETINCHEM;0222;DOETINCHEM;Algemeen bijzonder;0263537480; ;3;SO LG + RP-SO LG;Postbus;821;6800 AV;ARNHEM;25;Doetinchem;12;Achterhoek;13;Oost-Gelderland;14;Achterhoek;08;Zuidelijke Achterhoek;13;Achterhoek;Midden
SO;Gelderland;40631;01RE;01RE03;Hamalandschool HGP;Varsseveldseweg;47;7131 BH;LICHTENVOORDE;1586;OOST GELRE;Algemeen bijzonder; ; ;3;SO LG;Varsseveldseweg;47;7131 BH;LICHTENVOORDE;24;Winterswijk;12;Achterhoek;13;Oost-Gelderland;14;Achterhoek;08;Zuidelijke Achterhoek;13;Achterhoek;Midden
SO;Gelderland;40631;05LW;05LW00;De Rabot;Polstraat;33;6942 VK;DIDAM;1955;MONTFERLAND;Protestants-Christelijk;0263537480;www.derabot.nl;3;SO ZMLK;Postbus;821;6800 AV;ARNHEM;25;Doetinchem;12;Achterhoek;13;Oost-Gelderland;14;Achterhoek;08;Zuidelijke Achterhoek;13;Achterhoek;Zuid
SO;Gelderland;40631;05LW;05LW01;De Opmaat;Nieuw Wehlseweg;14;7031 HW;WEHL;0222;DOETINCHEM;Protestants-Christelijk;0316221615; ;3;SO ZMLK;Polstraat;33;6942 VK;DIDAM;25;Doetinchem;12;Achterhoek;13;Oost-Gelderland;14;Achterhoek;08;Zuidelijke Achterhoek;13;Achterhoek;Midden
SO;Gelderland;40631;22NX;22NX00;De Wegwijzer;Bunschoterweg;2-A;6711 CJ;EDE;0228;EDE;Algemeen bijzonder;0263537480;www.wegwijzer-ede.nl;3;SO ZMLK + RP-SO ZMLK;Postbus;821;6800 AV;ARNHEM;29;Ede;10;De Vallei;16;Eem en Vallei;13;Veluwe;09;Arnhem en omstreken;16;Eem en Vallei;Midden
SO;Gelderland;40631;22NX;22NX01;De Vogelhorst;Ds. E. Fransenlaan;1;3772 TX;BARNEVELD;0203;BARNEVELD;Algemeen bijzonder; ; ;3;SO ZMLK; ; ; ; ;35;Amersfoort;10;De Vallei;16;Eem en Vallei;13;Veluwe;10;Harderwijk-Amersfoort;16;Eem en Vallei;Midden
SO;Gelderland;40631;24HY;24HY00;Lichtenbeek (SO - MG);Wekeromseweg;6;6816 VC;ARNHEM;0202;ARNHEM;Protestants-Christelijk;0263537480;www.lichtenbeek.nl;3;SO MGF;Postbus;821;6800 AV;ARNHEM;26;Arnhem;11;IJssel en Rijn;14;Arnhem/Nijmegen;15;Arnhem/Nijmegen;09;Arnhem en omstreken;41;Arnhem;Zuid
SO;Gelderland;40631;24HY;24HY03;Lichtenbeek (SO - MG);Chopinstraat;3;6661 CZ;ELST GLD;1734;OVERBETUWE;Protestants-Christelijk; ; ;3;SO MGF;Postbus;821;6800 AV;ARNHEM;26;Arnhem;11;IJssel en Rijn;14;Arnhem/Nijmegen;15;Arnhem/Nijmegen;09;Arnhem en omstreken;41;Arnhem;Zuid
SO;Gelderland;41148;14OP;14OP00;De Hertog;Hertog Reinaldlaan;80;4001 RC;TIEL;0281;TIEL;Bijzonder;0344750700;https://www.dehertogschool.nl/;4;SO ZMOK + RP-SO ZMOK;Postbus;221;4000 AE;TIEL;31;Tiel;14;Rivierenland;15;Rivierenland;16;Zuidwest-Gelderland;11;Oostelijk Maas-Waalgebied;15;Rivierenland;Midden
SO;Gelderland;54679;17GW;17GW13;Kentalis Dr. P.C.M. Bosschool Arnhem;Hommelseweg;403-A;6821 LK;ARNHEM;0202;ARNHEM;Algemeen bijzonder;0263525700;https://www.kentalis.nl/onze-scholen;2;SO DOBLN,DOVN,ESM,MGA,MGB,SH;Hommelseweg;403-A;6821 LK;ARNHEM;26;Arnhem;11;IJssel en Rijn;14;Arnhem/Nijmegen;15;Arnhem/Nijmegen;09;Arnhem en omstreken;41;Arnhem;Zuid
SO;Gelderland;54679;17GW;17GW14;Kentalis DoetinTaal;Vondelstraat;220;7002 AW;DOETINCHEM;0222;DOETINCHEM;Algemeen bijzonder;0263525950;https://www.kentalis.nl/onze-scholen;2;SO DOBLN,DOVN,ESM,MGA,MGB,SH;Vondelstraat;220;7002 AW;DOETINCHEM;25;Doetinchem;12;Achterhoek;13;Oost-Gelderland;14;Achterhoek;08;Zuidelijke Achterhoek;13;Achterhoek;Midden
SO;Gelderland;54679;17GW;17GW24;Kentalis De TaalSter;IJsbeerstraat;31;6531 PL;NIJMEGEN;0268;NIJMEGEN;Rooms-Katholiek;0243559584;https://www.kentalis.nl/onze-scholen;2;SO DOBLN,DOVN,ESM,MGA,MGB,SH + RP-SO ESM;IJsbeerstraat;31;6531 PL;NIJMEGEN;30;Nijmegen;13;Nijmegen;14;Arnhem/Nijmegen;15;Arnhem/Nijmegen;11;Oostelijk Maas-Waalgebied;40;Rijk van Nijmegen;Zuid
SO;Gelderland;54679;17GW;17GW39;Kentalis Dr. P.C.M. Bosschool Apeldoorn;De Keerkring;70;7325 EA;APELDOORN;0200;APELDOORN;Rooms-Katholiek;0263525700;https://www.kentalis.nl/onze-scholen;2;SO DOBLN,DOVN,ESM,MGA,MGB,SH;Hommelseweg;403-A;6821 LK;ARNHEM;27;Apeldoorn;09;Stedendriehoek;11;Stedendriehoek;13;Veluwe;07;Apeldoorn en midden-IJsselgebied;11;Stedendriehoek;Midden
SO;Gelderland;83189;04EJ;04EJ00;Klein Borculo School voor Speciaal Onderwijs;Schoollaan;1;7271 NS;BORCULO;1859;BERKELLAND;Interconfessioneel;0545272259;www.KleinBorculo.nl;4;SO ZMOK + RP-SO ZMOK;Postbus;58;7270 AB;BORCULO;22;Enschede;12;Achterhoek;13;Oost-Gelderland;14;Achterhoek;06;Twente;13;Achterhoek;Midden
SO;Gelderland;83189;04EJ;04EJ01;Klein Borculo School voor Speciaal Onderwijs;Kapperskolkweg;40;7007 DT;DOETINCHEM;0222;DOETINCHEM;Interconfessioneel;0545272259;www.sodeisselborgh.nl;4;SO ZMOK + RP-SO ZMOK;Postbus;58;7270 AB;BORCULO;25;Doetinchem;12;Achterhoek;13;Oost-Gelderland;14;Achterhoek;08;Zuidelijke Achterhoek;13;Achterhoek;Midden
SO;Gelderland;83189;04EJ;04EJ04;Klein Borculo School voor Speciaal Onderwijs;Keucheniusstraat;26;7204 JK;ZUTPHEN;0301;ZUTPHEN;Interconfessioneel;0545272259;www.so-despringplank.nl;4;SO ZMOK + RP-SO ZMOK;Postbus;58;7270 AB;BORCULO;23;Zutphen;09;Stedendriehoek;11;Stedendriehoek;14;Achterhoek;07;Apeldoorn en midden-IJsselgebied;11;Stedendriehoek;Midden
SO;Gelderland;83189;04EJ;04EJ05;Lichtenvoorde;Varsseveldseweg;12;7131 BJ;LICHTENVOORDE;1586;OOST GELRE;Interconfessioneel; ; ;4;SO ZMOK;Varsseveldseweg;12;7131 BJ;LICHTENVOORDE;24;Winterswijk;12;Achterhoek;13;Oost-Gelderland;14;Achterhoek;08;Zuidelijke Achterhoek;13;Achterhoek;Midden
SO;Groningen;41414;02YR;02YR00;Prof W J Bladergroenschool;Donderslaan;157;9728 KX;GRONINGEN;0014;GRONINGEN;Algemeen bijzonder;0503098844;www.renn4.nl;4;SO PI + RP-SO PI;Postbus;8098;9702 KB;GRONINGEN;01;Groningen;03;Centraal-Groningen;03;Centraal en westelijk Groningen;03;Overig Groningen;01;Groningen en omstreken;03;Centraal en Westelijk Groningen;Noord
SO;Groningen;41414;02YR;02YR05;Prof W J Bladergroenschool;Olingermeeden;3;9903 ES;APPINGEDAM;1979;EEMSDELTA;Algemeen bijzonder;0596682551; ;4;SO PI + RP-SO PI;Postbus;8098;9702 KB;GRONINGEN;02;Appingedam/Delfzijl;01;Noord-Groningen;02;Noord-Groningen en Eemsmond;02;Delfzijl en omgeving;01;Groningen en omstreken;02;Noord-Groningen-Eemsmond;Noord
SO;Groningen;41414;02YR;02YR06;Prof W J Bladergroenschool;Grintweg;70;9675 HL;WINSCHOTEN;1895;OLDAMBT;Algemeen bijzonder;0503098844; ;4;SO PI;Postbus;8098;9702 KB;GRONINGEN;05;Winschoten;02;Oost-Groningen;01;Oost-Groningen;01;Oost-Groningen;02;Oost-Groningen;01;Oost-Groningen;Noord
SO;Groningen;41414;02YR;02YR07;Prof W J Bladergroenschool;Cantersveen;4;9753 KK;HAREN GN;0014;GRONINGEN;Algemeen bijzonder; ; ;4;SO PI + RP-SO PI;Postbus;8098;9702 KB;GRONINGEN;01;Groningen;03;Centraal-Groningen;03;Centraal en westelijk Groningen;03;Overig Groningen;01;Groningen en omstreken;03;Centraal en Westelijk Groningen;Noord
SO;Groningen;41414;02YR;02YR08;Bladergroenschool Veendam;Boven Westerdiep;10;9641 LJ;VEENDAM;0047;VEENDAM;Algemeen bijzonder; ; ;4;SO PI;Boven Westerdiep;10;9641 LJ;VEENDAM;04;Veendam;02;Oost-Groningen;01;Oost-Groningen;01;Oost-Groningen;02;Oost-Groningen;01;Oost-Groningen;Noord
SO;Groningen;42510;19WD;19WD00;Prins Johan Frisoschool SO;Dilgtplein;1;9751 NJ;HAREN GN;0014;GRONINGEN;Openbaar;0503210482;www.groningerbuitenschool.nl;3;SO LZ/S;Dilgtplein;1;9751 NJ;HAREN GN;01;Groningen;03;Centraal-Groningen;03;Centraal en westelijk Groningen;03;Overig Groningen;01;Groningen en omstreken;03;Centraal en Westelijk Groningen;Noord
SO;Groningen;54679;17GW;17GW04;Kentalis Guyotschool SO D/SH;Rijksstraatweg;63-B;9752 AC;HAREN GN;0014;GRONINGEN;Algemeen bijzonder;0505331970;https://www.kentalis.nl/onze-scholen;2;SO DOBLN,DOVN,ESM,MGA,MGB,SH;Rijksstraatweg;63-B;9752 AC;HAREN GN;01;Groningen;03;Centraal-Groningen;03;Centraal en westelijk Groningen;03;Overig Groningen;01;Groningen en omstreken;03;Centraal en Westelijk Groningen;Noord
SO;Groningen;54679;17GW;17GW09;Kentalis Tine Marcusschool Groningen;Jaltadaheerd;163;9737 HK;GRONINGEN;0014;GRONINGEN;Algemeen bijzonder;0505470888;https://www.kentalis.nl/onze-scholen;2;SO DOBLN,DOVN,ESM,MGA,MGB,SH;Jaltadaheerd;163;9737 HK;GRONINGEN;01;Groningen;03;Centraal-Groningen;03;Centraal en westelijk Groningen;03;Overig Groningen;01;Groningen en omstreken;03;Centraal en Westelijk Groningen;Noord
SO;Limburg;41008;00UT;00UT00;Latasteschool;Bergerweg;37;6085 AT;HORN;1640;LEUDAL;Rooms-Katholiek;0475581707;www.latasteschool.nl;4;SO ZMOK + RP-SO ZMOK;Bergerweg;37;6085 AT;HORN;77;Roermond;31;Roermond;39;Midden-Limburg;38;Midden-Limburg;24;Roermond en omstreken;38;Gewest Limburg-Noord;Zuid
SO;Limburg;41008;01UQ;01UQ03;so De Wijnberg Venray;Molenpad;10;5801 VD;VENRAY;0984;VENRAY;Algemeen bijzonder;0773217650;www.wijnbergvenray.nl;4;SO LZ/P + RP-SO LZ/P;Postbus;242;5900 AE;VENLO;76;Venlo;29;Noord-Limburg;38;Noord-Limburg;37;Noord-Limburg;23;Noord-Limburg;38;Gewest Limburg-Noord;Zuid
SO;Limburg;41008;01UQ;01UQ04;so en vso De Wijnberg Weert;Beatrixlaan;3-C;6006 AH;WEERT;0988;WEERT;Algemeen bijzonder;0773217650;www.wijnbergweert.nl;4;SO LZ/P + RP-SO LZ/P;Postbus;242;5900 AE;VENLO;75;Weert;30;Weert;39;Midden-Limburg;38;Midden-Limburg;22;Zuidoost-Noord-Brabant;38;Gewest Limburg-Noord;Zuid
SO;Limburg;41008;17IP;17IP00;De Spoorzoeker;Kasteel Hillenraedtstr;36-A;6043 HK;ROERMOND;0957;ROERMOND;Rooms-Katholiek;0475320805;www.aloysiusstichting.nl;4;SO ZMOK;Kasteel Hillenraedtstr;36-A;6043 HK;ROERMOND;77;Roermond;31;Roermond;39;Midden-Limburg;38;Midden-Limburg;24;Roermond en omstreken;38;Gewest Limburg-Noord;Zuid
SO;Limburg;44813;22OH;22OH00;Talentencampus Venlo Speciaal Onderwijs;Rijnbeekstraat;8;5913 GB;VENLO;0983;VENLO;Algemeen bijzonder;0778500026;www.talentencampusvenlo.nl;4;SO ZMOK;Postbus;412;5900 AK;VENLO;76;Venlo;29;Noord-Limburg;38;Noord-Limburg;37;Noord-Limburg;23;Noord-Limburg;38;Gewest Limburg-Noord;Zuid
SO;Noord-Brabant;21657;08ZP;08ZP07;Taalbrug Junior Helmond;Hortensialaan;87;5701 WL;HELMOND;0794;HELMOND;Algemeen bijzonder;0407900090;www.taalbrugjunior.nl;2;SO DOBLN,DOVN,ESM,MGA,MGB,SH;Toledolaan;3;5629 CC;EINDHOVEN;74;Helmond;28;Zuidoost-Brabant;37;Zuidoost-Brabant;36;Zuidoost-Noord-Brabant;22;Zuidoost-Noord-Brabant;37;Zuidoost-Brabant;Zuid
SO;Noord-Brabant;41200;07WD;07WD00;De Koperakker;Montenslaan;2-A;4891 SN;RIJSBERGEN;0879;ZUNDERT;Algemeen bijzonder;0765963345;www.hetdriespan.nl;4;SO LZ/P + RP-SO LZ/P;Montenslaan;2-A;4891 SN;RIJSBERGEN;66;Breda;25;West-Brabant;34;West-Brabant;33;West-Noord-Brabant;20;West-Noord-Brabant;34;West-Brabant;Zuid
SO;Noord-Brabant;41200;07WD;07WD01;Bijzondere Neutrale School voor Speciaal Onderwijs De Kornalijn;Guido Gezellelaan;18;4624 GM;BERGEN OP ZOOM;0748;BERGEN OP ZOOM;Algemeen bijzonder;0164245853;www.hetdriespan.nl;4;SO LZ/P + RP-SO LZ/P;Guido Gezellelaan;18;4624 GM;BERGEN OP ZOOM;64;Bergen op Zoom;25;West-Brabant;34;West-Brabant;33;West-Noord-Brabant;20;West-Noord-Brabant;34;West-Brabant;Zuid
SO;Noord-Brabant;41200;21IZ;21IZ00;De Vlinder Speciaal Onderwijs cluster 4;Monseigneur Suijsstraat;10;5375 AG;REEK;1991;MAASHORST;Rooms-Katholiek;0486492949;www.koraalgroep.nl;4;SO LZ/P + RP-SO LZ/P;Postbus;37;5375 ZG;REEK;71;Uden;27;Noordoost-Brabant;36;Noordoost-Brabant;35;Noordoost-Noord-Brabant;12;Noord-Noord-Brabant;36;Noord-Oost-Brabant;Zuid
SO;Noord-Brabant;41314;01JO;01JO06;Auris De Spreekhoorn Breda;Dirk Hartogstraat;10;4812 GE;BREDA;0758;BREDA;Rooms-Katholiek;0765212352;www.spreekhoorn.nl;2;SO DOBLN,DOVN,ESM,MGA,MGB,SH;Postbus;3192;3003 AD;ROTTERDAM;66;Breda;25;West-Brabant;34;West-Brabant;33;West-Noord-Brabant;20;West-Noord-Brabant;34;West-Brabant;Zuid
SO;Noord-Brabant;41314;01JO;01JO07;Auris Florant;Visitandinenstraat;3;5042 CS;TILBURG;0855;TILBURG;Rooms-Katholiek;0134639008; ;2;SO DOBLN,DOVN,ESM,MGA,MGB,SH;Postbus;3192;3003 AD;ROTTERDAM;68;Tilburg;26;Midden-Brabant;35;Midden-Brabant;34;Midden-Noord-Brabant;21;Tilburg en omstreken;35;Midden-Brabant;Zuid
SO;Noord-Brabant;41314;01JO;01JO08;Auris Montaal;Populierlaan;7-11;4621 CH;BERGEN OP ZOOM;0748;BERGEN OP ZOOM;Rooms-Katholiek;0164745050; ;2;SO DOBLN,DOVN,ESM,MGA,MGB,SH;Postbus;3192;3003 AD;ROTTERDAM;64;Bergen op Zoom;25;West-Brabant;34;West-Brabant;33;West-Noord-Brabant;20;West-Noord-Brabant;34;West-Brabant;Zuid
SO;Noord-Brabant;54679;17GW;17GW25;Kentalis Martinus van Beekschool;Troelstrastraat;13;5344 GK;OSS;0828;OSS;Rooms-Katholiek;0243591877;https://www.kentalis.nl/onze-scholen;2;SO DOBLN,DOVN,ESM,MGA,MGB,SH;Troelstrastraat;13;5344 GK;OSS;72;Oss;27;Noordoost-Brabant;36;Noordoost-Brabant;35;Noordoost-Noord-Brabant;12;Noord-Noord-Brabant;36;Noord-Oost-Brabant;Zuid
SO;Noord-Brabant;54679;17GW;17GW26;Kentalis Talent TOS;Helvoirtseweg;189;5263 EE;VUGHT;0865;VUGHT;Rooms-Katholiek;0735588550;https://www.kentalis.nl/onze-scholen;2;SO DOBLN,DOVN,ESM,MGA,MGB,SH + RP-SO DOVN;Postbus;327;5260 AH;VUGHT;69;'s-Hertogenbosch;27;Noordoost-Brabant;36;Noordoost-Brabant;35;Noordoost-Noord-Brabant;12;Noord-Noord-Brabant;36;Noord-Oost-Brabant;Zuid
SO;Noord-Holland;21679;20WR;20WR00;Alexander Roozendaalschool;Jan Tooropstraat;13;1062 BK;AMSTERDAM;0363;AMSTERDAM;Openbaar;0203460111;www.roozendaalschool.nl;2;SO DOBLN,DOVN,ESM,MGA,MGB,SH;Jan Tooropstraat;13;1062 BK;AMSTERDAM;44;Amsterdam;20;Zuidelijk Noord-Holland;21;Agglomeratie Amsterdam;23;Groot-Amsterdam;15;Zuid-Noord-Holland;21;Agglomeratie Amsterdam;Noord
SO;Noord-Holland;21679;20WR;20WR02;Alexander Roozendaalschool (Purmerend);Boterbloem;3;1441 TT;PURMEREND;0439;PURMEREND;Openbaar;0299475489; ;2;SO DOBLN,DOVN,ESM,MGA,MGB,SH;Jan Tooropstraat;13;1062 BK;AMSTERDAM;44;Amsterdam;20;Zuidelijk Noord-Holland;21;Agglomeratie Amsterdam;23;Groot-Amsterdam;15;Zuid-Noord-Holland;21;Agglomeratie Amsterdam;Noord
SO;Noord-Holland;21679;20WR;20WR05;Burgemeester de Wildeschool (Alkmaar);Judith Leysterstraat;4;1816 JZ;ALKMAAR;0361;ALKMAAR;Openbaar;0224214896;https://burgemeesterdewildeschool.nl/;2;SO DOBLN,DOVN,ESM,MGA,MGB,SH;Judith Leysterstraat;4;1816 JZ;ALKMAAR;38;Alkmaar;19;Noord-Holland-Noord;24;Noord-Kennemerland;19;Alkmaar en omgeving;14;Noord-Noord-Holland;24;Noord-Kennemerland;Noord
SO;Noord-Holland;21679;20WR;20WR06;Burgemeester de Wildeschool;Lage Hoek;71;1689 CP;ZWAAG;0405;HOORN;Openbaar;0244214896;www.burgemeesterdewildeschool.nl;2;SO DOBLN,DOVN,ESM,MGA,MGB,SH;Lage Hoek;71;1689 CP;ZWAAG;40;Hoorn;19;Noord-Holland-Noord;22;Westfriesland;18;Kop van Noord-Holland;14;Noord-Noord-Holland;22;West-Friesland;Noord
SO;Noord-Holland;21679;20WR;20WR07;Burgemeester de Wildeschool (Schagen);Meerkoet;25;1742 KM;SCHAGEN;0441;SCHAGEN;Openbaar;0224214896;www.burgemeesterdewildeschool.nl;2;SO DOBLN,DOVN,ESM,MGA,MGB,SH;Meerkoet;25;1742 KM;SCHAGEN;37;Den Helder;19;Noord-Holland-Noord;23;Kop van Noord-Holland;18;Kop van Noord-Holland;14;Noord-Noord-Holland;23;Kop van Noord-Holland;Noord
SO;Noord-Holland;21679;20WR;20WR10;Professor H. Burgerschool;Jan Sluijtersstraat;5;1062 CJ;AMSTERDAM;0363;AMSTERDAM;Openbaar;0203460230;www.burgerschool.nl;2;SO DOBLN,DOVN,ESM,MGA,MGB,SH;Jan Sluijtersstraat;5;1062 CJ;AMSTERDAM;44;Amsterdam;20;Zuidelijk Noord-Holland;21;Agglomeratie Amsterdam;23;Groot-Amsterdam;15;Zuid-Noord-Holland;21;Agglomeratie Amsterdam;Noord
SO;Noord-Holland;41314;01JO;01JO17;Prof. van Gilseschool Haarlem;Daslookweg;2;2015 KN;HAARLEM;0392;HAARLEM;Algemeen bijzonder;0235246150;www.vangilseschool.nl;2;SO DOBLN,DOVN,ESM,MGA,MGB,SH;Postbus;3192;3003 AD;ROTTERDAM;43;Haarlem;20;Zuidelijk Noord-Holland;25;West-Kennemerland;21;Agglomeratie Haarlem;15;Zuid-Noord-Holland;25;Zuid-Kennemerland en IJmond;Noord
SO;Noord-Holland;41314;01JO;01JO18;Prof. van Gilseschool Hoofddorp;Deltaweg;113;2134 XS;HOOFDDORP;0394;HAARLEMMERMEER;Algemeen bijzonder;0235430171; ;2;SO DOBLN,DOVN,ESM,MGA,MGB,SH;Postbus;3192;3003 AD;ROTTERDAM;44;Amsterdam;20;Zuidelijk Noord-Holland;21;Agglomeratie Amsterdam;23;Groot-Amsterdam;15;Zuid-Noord-Holland;21;Agglomeratie Amsterdam;Noord
SO;Noord-Holland;41314;01JO;01JO19;Prof. van Gilseschool Heemskerk;Rameaustraat;6;1962 CA;HEEMSKERK;0396;HEEMSKERK;Algemeen bijzonder;0235430171; ;2;SO DOBLN,DOVN,ESM,MGA,MGB,SH;Postbus;3192;3003 AD;ROTTERDAM;42;Velsen;20;Zuidelijk Noord-Holland;25;West-Kennemerland;20;IJmond;15;Zuid-Noord-Holland;25;Zuid-Kennemerland en IJmond;Noord
SO;Noord-Holland;41314;01JO;01JO22;Auris Taalkring;Willem Bontekoestraat;34;1212 CB;HILVERSUM;0402;HILVERSUM;Algemeen bijzonder;0182591000;www.auris.nl/Home/Aurisonderwijs/Scholen/detaalkring/home/hilversum;2;SO DOBLN,DOVN,ESM,MGA,MGB,SH;Postbus;3192;3003 AD;ROTTERDAM;45;Hilversum;16;Gooi en Vechtstreek;20;Gooi en Vechtstreek;24;Het Gooi en Vechtstreek;15;Zuid-Noord-Holland;20;Gooi en Vechtstreek;Noord
SO;Noord-Holland;41434;01KX;01KX00;Bets Frijlingschool;Sportlaan;153;1442 EC;PURMEREND;0439;PURMEREND;Algemeen bijzonder;0299432094;www.betsfrijlingschool.nl;4;SO LZ/P + RP-SO LZ/P;Sportlaan;153;1442 EC;PURMEREND;44;Amsterdam;20;Zuidelijk Noord-Holland;21;Agglomeratie Amsterdam;23;Groot-Amsterdam;15;Zuid-Noord-Holland;21;Agglomeratie Amsterdam;Noord
SO;Noord-Holland;41448;05XA;05XA00;PI-school Professor Waterink Noord;Kopjachtplein;19;1034 JG;AMSTERDAM;0363;AMSTERDAM;Protestants-Christelijk;0206798627;piwaterinknoord.nl;4;SO PI + RP-SO PI;Kopjachtplein;19;1034 JG;AMSTERDAM;44;Amsterdam;20;Zuidelijk Noord-Holland;21;Agglomeratie Amsterdam;23;Groot-Amsterdam;15;Zuid-Noord-Holland;21;Agglomeratie Amsterdam;Noord
SO;Noord-Holland;41448;05XA;05XA01;PI-school Professor Waterink West;Jan de Louterstraat;21;1063 KX;AMSTERDAM;0363;AMSTERDAM;Protestants-Christelijk;0203036030;piwaterinkwest.nl;4;SO PI + RP-SO PI;Jan de Louterstraat;21;1063 KX;AMSTERDAM;44;Amsterdam;20;Zuidelijk Noord-Holland;21;Agglomeratie Amsterdam;23;Groot-Amsterdam;15;Zuid-Noord-Holland;21;Agglomeratie Amsterdam;Noord
SO;Noord-Holland;41448;05XA;05XA03;PI-school Professor Waterink Zuid;Amsteldijk;196;1079 LK;AMSTERDAM;0363;AMSTERDAM;Protestants-Christelijk;0203038840;piwaterinkzuid.nl;4;SO PI + RP-SO PI;Amsteldijk;196;1079 LK;AMSTERDAM;44;Amsterdam;20;Zuidelijk Noord-Holland;21;Agglomeratie Amsterdam;23;Groot-Amsterdam;15;Zuid-Noord-Holland;21;Agglomeratie Amsterdam;Noord
SO;Noord-Holland;41448;23FA;23FA00;PI-school De Pionier;Rijksstraatweg;145;1115 AP;DUIVENDRECHT;0437;OUDER-AMSTEL;Protestants-Christelijk;0207059525;pidepionier.nl;4;SO PI + RP-SO PI;Rijksstraatweg;145;1115 AP;DUIVENDRECHT;44;Amsterdam;20;Zuidelijk Noord-Holland;21;Agglomeratie Amsterdam;23;Groot-Amsterdam;15;Zuid-Noord-Holland;21;Agglomeratie Amsterdam;Noord
SO;Noord-Holland;41448;23FA;23FA01;PI-school De Ster;Dussenstraat;32;2134 DL;HOOFDDORP;0394;HAARLEMMERMEER;Protestants-Christelijk;0238200463;www.pidester.nl;4;SO PI + RP-SO PI;Dussenstraat;32;2134 DL;HOOFDDORP;44;Amsterdam;20;Zuidelijk Noord-Holland;21;Agglomeratie Amsterdam;23;Groot-Amsterdam;15;Zuid-Noord-Holland;21;Agglomeratie Amsterdam;Noord
SO;Noord-Holland;41479;20XV;20XV00;Van Koetsveldschool;Archimedesplantsoen;98;1098 KB;AMSTERDAM;0363;AMSTERDAM;Openbaar;0206683821;www.zmlkoetsveld.nl;3;SO ZMLK;Archimedesplantsoen;98;1098 KB;AMSTERDAM;44;Amsterdam;20;Zuidelijk Noord-Holland;21;Agglomeratie Amsterdam;23;Groot-Amsterdam;15;Zuid-Noord-Holland;21;Agglomeratie Amsterdam;Noord
SO;Noord-Holland;41479;20YC;20YC00;Gerhardschool;Valentijnkade;61-62;1095 JL;AMSTERDAM;0363;AMSTERDAM;Openbaar;0206651811;www.gerhardschool.nl;4;SO ZMOK;Valentijnkade;61-62;1095 JL;AMSTERDAM;44;Amsterdam;20;Zuidelijk Noord-Holland;21;Agglomeratie Amsterdam;23;Groot-Amsterdam;15;Zuid-Noord-Holland;21;Agglomeratie Amsterdam;Noord
SO;Noord-Holland;41479;20YD;20YD00;Mr de Jonghschool;Terpstraat;36;1069 TV;AMSTERDAM;0363;AMSTERDAM;Openbaar;0204100740;www.mrdejongschool.nl;4;SO ZMOK;Terpstraat;36;1069 TV;AMSTERDAM;44;Amsterdam;20;Zuidelijk Noord-Holland;21;Agglomeratie Amsterdam;23;Groot-Amsterdam;15;Zuid-Noord-Holland;21;Agglomeratie Amsterdam;Noord
SO;Noord-Holland;41479;20YD;20YD02;Mr de Jonghschool;Leksmondplein;27;1108 EL;AMSTERDAM;0363;AMSTERDAM;Openbaar; ; ;4;SO ZMOK;Leksmondplein;27;1108 EL;AMSTERDAM;44;Amsterdam;20;Zuidelijk Noord-Holland;21;Agglomeratie Amsterdam;23;Groot-Amsterdam;15;Zuid-Noord-Holland;21;Agglomeratie Amsterdam;Noord
SO;Noord-Holland;41479;20YD;20YD03;Mr de Jonghschool;Erich Salomonstraat;432;1087 JA;AMSTERDAM;0363;AMSTERDAM;Openbaar; ; ;4;SO ZMOK; ; ; ; ;44;Amsterdam;20;Zuidelijk Noord-Holland;21;Agglomeratie Amsterdam;23;Groot-Amsterdam;15;Zuid-Noord-Holland;21;Agglomeratie Amsterdam;Noord
SO;Noord-Holland;41479;20YN;20YN00;Van Detschool;IJsbaanpad;7;1076 CV;AMSTERDAM;0363;AMSTERDAM;Openbaar;0206769849;www.vandetschool.nl;4;SO PI;IJsbaanpad;7;1076 CV;AMSTERDAM;44;Amsterdam;20;Zuidelijk Noord-Holland;21;Agglomeratie Amsterdam;23;Groot-Amsterdam;15;Zuid-Noord-Holland;21;Agglomeratie Amsterdam;Noord
SO;Noord-Holland;54679;17GW;17GW11;Kentalis Signis TOS Amsterdam;Jan Tooropstraat;11;1062 BK;AMSTERDAM;0363;AMSTERDAM;Rooms-Katholiek;0206179696;https://www.kentalis.nl/onze-scholen;2;SO DOBLN,DOVN,ESM,MGA,MGB,SH;Jan Tooropstraat;11;1062 BK;AMSTERDAM;44;Amsterdam;20;Zuidelijk Noord-Holland;21;Agglomeratie Amsterdam;23;Groot-Amsterdam;15;Zuid-Noord-Holland;21;Agglomeratie Amsterdam;Noord
SO;Noord-Holland;54679;17GW;17GW12;Kentalis Signis TOS Assendelft;Burg de Boerstraat;19;1566 KA;ASSENDELFT;0479;ZAANSTAD;Rooms-Katholiek;0756700886;https://www.kentalis.nl/onze-scholen;2;SO DOBLN,DOVN,ESM,MGA,MGB,SH;Jan Tooropstraat;11;1062 BK;AMSTERDAM;41;Zaanstad;20;Zuidelijk Noord-Holland;21;Agglomeratie Amsterdam;22;Zaanstreek;15;Zuid-Noord-Holland;21;Agglomeratie Amsterdam;Noord
SO;Overijssel;25859;00ZN;00ZN00;Het Sloepje - Het Reliëf;Floraparkstraat;390;7531 HX;ENSCHEDE;0153;ENSCHEDE;Algemeen bijzonder;0880203898;www.hetrelief-attendiz.nl;3/4;SO LZ/S,ZMOK + RP-SO LZ/S,ZMOK;Floraparkstraat;390;7531 HX;ENSCHEDE;22;Enschede;07;Twente;12;Twente;12;Twente;06;Twente;12;Twente;Noord
SO;Overijssel;54679;17GW;17GW08;Kentalis Prof. Huizingschool;Maatmanweg;15;7522 AN;ENSCHEDE;0153;ENSCHEDE;Algemeen bijzonder;0534803050;https://www.kentalis.nl/onze-scholen;2;SO DOBLN,DOVN,ESM,MGA,MGB,SH;Postbus;667;7500 AR;ENSCHEDE;22;Enschede;07;Twente;12;Twente;12;Twente;06;Twente;12;Twente;Noord
SO;Utrecht;41314;01JO;01JO00;Auris Professor Groenschool;Hooglandseweg-Noord;140;3813 VE;AMERSFOORT;0307;AMERSFOORT;Algemeen bijzonder;0334794488;www.profgroenschool.nl;2;SO DOBLN,DOVN,ESM,MGA,MGB,SH;Postbus;3192;3003 AD;ROTTERDAM;35;Amersfoort;17;Eemland;16;Eem en Vallei;17;Utrecht;10;Harderwijk-Amersfoort;16;Eem en Vallei;Midden
SO;Utrecht;41314;01JO;01JO15;Auris Fortaal;Santa Cruzdreef;30;3563 VJ;UTRECHT;0344;UTRECHT;Algemeen bijzonder;0302612404;www.berthamullerschool.nl;2;SO DOBLN,DOVN,ESM,MGA,MGB,SH;Postbus;3192;3003 AD;ROTTERDAM;36;Utrecht;18;Utrecht-Midden;19;Utrecht;17;Utrecht;13;Utrecht en omstreken;19;Utrecht;Midden
SO;Utrecht;41314;01JO;01JO21;Auris Fortaal;Agavedreef;92;3563 EN;UTRECHT;0344;UTRECHT;Algemeen bijzonder;0302660875;www.fortaal.nl;2;SO DOBLN,DOVN,ESM,MGA,MGB,SH;Postbus;3192;3003 AD;ROTTERDAM;36;Utrecht;18;Utrecht-Midden;19;Utrecht;17;Utrecht;13;Utrecht en omstreken;19;Utrecht;Midden
SO;Utrecht;41388;03ND;03ND00;De Schans;Orinocodreef;15;3563 ST;UTRECHT;0344;UTRECHT;Algemeen bijzonder;0302613129;www.dekponderwijsgroep.nl;3;SO LZ/S;Orinocodreef;15;3563 ST;UTRECHT;36;Utrecht;18;Utrecht-Midden;19;Utrecht;17;Utrecht;13;Utrecht en omstreken;19;Utrecht;Midden
SO;Utrecht;41879;04AK;04AK00;Dokter CP van Leersumschool;Verlengde Slotlaan;113;3707 CE;ZEIST;0355;ZEIST;Algemeen bijzonder;0306924745;www.vanleersumschool.nl;4;SO LZ/P + RP-SO LZ/P;Postbus;580;3700 AN;ZEIST;36;Utrecht;18;Utrecht-Midden;19;Utrecht;17;Utrecht;13;Utrecht en omstreken;19;Utrecht;Midden
SO;Utrecht;41879;04AK;04AK02;C. P. van Leersumschool;Willem Barentszstraat;70;3902 DG;VEENENDAAL;0345;VEENENDAAL;Algemeen bijzonder;0306924745;www.vanleersumschool.nl;4;SO LZ/P + RP-SO LZ/P;Postbus;580;3700 AN;ZEIST;34;Veenendaal;10;De Vallei;16;Eem en Vallei;17;Utrecht;13;Utrecht en omstreken;16;Eem en Vallei;Midden
SO;Utrecht;62662;04BF;04BF00;Rafael, school voor zml;Lanslaan;10;3526 XH;UTRECHT;0344;UTRECHT;Samenwerking PC, RK;0302936351;www.rafaelschool.nl;3;SO ZMLK;Lanslaan;10;3526 XH;UTRECHT;36;Utrecht;18;Utrecht-Midden;19;Utrecht;17;Utrecht;13;Utrecht en omstreken;19;Utrecht;Midden
SO;Zeeland;40876;04EY;04EY13;De Geluksvogel SO;Abraham Beeckmanlaan;18;4691 JZ;THOLEN;0716;THOLEN;Algemeen bijzonder;0166602284;https://www.degeluksvogel.nl/;4;RP-SO ZMOK;Abraham Beeckmanlaan;18;4691 JZ;THOLEN;64;Bergen op Zoom;24;Zeeland;31;Oosterschelde regio;32;Overig Zeeland;20;West-Noord-Brabant;31;Oosterschelde Regio;Zuid
SO;Zuid-Holland;20281;16VG;16VG00;De Opperd;Hengelolaan;602;2544 GJ;'S-GRAVENHAGE;0518;S GRAVENHAGE;Rooms-Katholiek;0703940751;www.opperd.nl;4;SO ZMOK;Hengelolaan;602;2544 GJ;'S-GRAVENHAGE;49;'s-Gravenhage;22;Haaglanden;28;Haaglanden;26;Agglomeratie 's-Gravenhage;16;Noord-Zuid-Holland;28;Haaglanden/Westland;Midden
SO;Zuid-Holland;41314;01JO;01JO10;Auris Hildernisseschool;Pinasplein;4;3028 XW;ROTTERDAM;0599;ROTTERDAM;Algemeen bijzonder;0104135651;www.hildernisseschool.nl;2;SO DOBLN,DOVN,ESM,MGA,MGB,SH;Postbus;3192;3003 AD;ROTTERDAM;54;Rotterdam;23;Rijnmond;29;Rijnmond;29;Groot-Rijnmond;17;Rijnmond groot;29;Rijnmond;Midden
SO;Zuid-Holland;41314;01JO;01JO11;Auris Taalplein;Coniferensingel;22;2803 JH;GOUDA;0513;GOUDA;Algemeen bijzonder;0182698312;www.auris-taalplein.nl;2;SO DOBLN,DOVN,ESM,MGA,MGB,SH;Postbus;3192;3003 AD;ROTTERDAM;51;Gouda;21;Rijn-Gouwe;27;Zuid-Holland-Oost;28;Oost-Zuid-Holland;16;Noord-Zuid-Holland;27;Zuid-Holland-Oost;Midden
SO;Zuid-Holland;41314;01JO;01JO13;Auris Ammanschool;Meidoornlaan;2-A;3319 HR;DORDRECHT;0505;DORDRECHT;Algemeen bijzonder;0786137671;www.ammanschool.nl;2;SO DOBLN,DOVN,ESM,MGA,MGB,SH;Postbus;3192;3003 AD;ROTTERDAM;53;Dordrecht/Zwijndrecht;23;Rijnmond;30;Zuid-Holland-Zuid;30;Zuidoost-Zuid-Holland;18;Dordrecht-Gorinchem;30;Zuid-Holland-Zuid;Midden
SO;Zuid-Holland;41314;01JO;01JO14;Auris Dr. M. Polanoschool;Guido Gezelleweg;12;3076 EB;ROTTERDAM;0599;ROTTERDAM;Algemeen bijzonder;0102041515;www.polanoschool.nl;2;SO DOBLN,DOVN,ESM,MGA,MGB,SH;Postbus;3192;3003 AD;ROTTERDAM;54;Rotterdam;23;Rijnmond;29;Rijnmond;29;Groot-Rijnmond;17;Rijnmond groot;29;Rijnmond;Midden
SO;Zuid-Holland;41314;01JO;01JO20;Auris Taalfontein;Kraaijeveldstraat;2;3078 PE;ROTTERDAM;0599;ROTTERDAM;Algemeen bijzonder;0104821088;www.auris-taalfontein.nl;2;SO DOBLN,DOVN,ESM,MGA,MGB,SH;Postbus;3192;3003 AD;ROTTERDAM;54;Rotterdam;23;Rijnmond;29;Rijnmond;29;Groot-Rijnmond;17;Rijnmond groot;29;Rijnmond;Midden
SO;Zuid-Holland;41572;20IX;20IX00;Insp W P Blokpoelschool;Haardstede;1;2543 VS;'S-GRAVENHAGE;0518;S GRAVENHAGE;Openbaar;0703211459;www.blokpoelschool.nl;4;SO ZMOK;Haardstede;1;2543 VS;'S-GRAVENHAGE;49;'s-Gravenhage;22;Haaglanden;28;Haaglanden;26;Agglomeratie 's-Gravenhage;16;Noord-Zuid-Holland;28;Haaglanden/Westland;Midden
SO;Zuid-Holland;41572;20JE;20JE00;Eerste Nederlandse Buitenschool;Doorniksestraat;28;2587 XM;'S-GRAVENHAGE;0518;S GRAVENHAGE;Openbaar;0703556631;www.eerstenederlandsebuitenschool.nl;4;SO LZ/P;Doorniksestraat;28;2587 XM;'S-GRAVENHAGE;49;'s-Gravenhage;22;Haaglanden;28;Haaglanden;26;Agglomeratie 's-Gravenhage;16;Noord-Zuid-Holland;28;Haaglanden/Westland;Midden
SO;Zuid-Holland;41572;20KP;20KP00;De Strandwacht, school verbonden aan het Pedologisch Instituut;Paddepad;8;2554 HZ;'S-GRAVENHAGE;0518;S GRAVENHAGE;Openbaar;0703254002;www.destrandwacht.nl;4;SO PI + RP-SO PI;Paddepad;8;2554 HZ;'S-GRAVENHAGE;49;'s-Gravenhage;22;Haaglanden;28;Haaglanden;26;Agglomeratie 's-Gravenhage;16;Noord-Zuid-Holland;28;Haaglanden/Westland;Midden
SO;Zuid-Holland;41572;20KP;20KP02;School Verbonden aan het Pedologisch Instituut;Griegstraat;4;2625 AN;DELFT;0503;DELFT;Openbaar;0158200404;www.destrandwacht.nl;4;SO PI + RP-SO PI;Paddepad;8;2554 HZ;'S-GRAVENHAGE;50;Delft;22;Haaglanden;28;Haaglanden;27;Delft en Westland;16;Noord-Zuid-Holland;28;Haaglanden/Westland;Midden
SO;Zuid-Holland;41572;20KP;20KP06;De Strandwacht, school verbonden aan het Pedologisch Instituut;Hazelaarstraat;46;2681 TD;MONSTER;1783;WESTLAND;Openbaar;0174786039;www.destrandwacht.nl;4;SO PI;Paddepad;8;2554 HZ;'S-GRAVENHAGE;49;'s-Gravenhage;22;Haaglanden;28;Haaglanden;27;Delft en Westland;16;Noord-Zuid-Holland;28;Haaglanden/Westland;Midden
SO;Zuid-Holland;41775;20RL;20RL00;De Archipel;Jan Ligthartstraat;10;3083 AM;ROTTERDAM;0599;ROTTERDAM;Openbaar;0104850493;www.archipelrotterdam.nl;4;SO LZ/P;Jan Ligthartstraat;10;3083 AM;ROTTERDAM;54;Rotterdam;23;Rijnmond;29;Rijnmond;29;Groot-Rijnmond;17;Rijnmond groot;29;Rijnmond;Midden
SO;Zuid-Holland;42504;00SI;00SI00;OZC Orion;Simon Smitweg;7;2353 GA;LEIDERDORP;0547;LEIDERDORP;Openbaar;0715899260;www.ozc-orion.nl;4;SO ZMOK + RP-SO ZMOK;Simon Smitweg;7;2353 GA;LEIDERDORP;46;Leiden;21;Rijn-Gouwe;26;Zuid-Holland-Noord;25;Agglomeratie Leiden en Bollenstreek;16;Noord-Zuid-Holland;26;Zuid-Holland-Noord;Midden
SO;Zuid-Holland;42504;19OV;19OV00;De Brug;Wassenaarseweg;499;2333 AL;LEIDEN;0546;LEIDEN;Openbaar;0715157222;www.pidebrug.nl;4;SO PI;Wassenaarseweg;499;2333 AL;LEIDEN;46;Leiden;21;Rijn-Gouwe;26;Zuid-Holland-Noord;25;Agglomeratie Leiden en Bollenstreek;16;Noord-Zuid-Holland;26;Zuid-Holland-Noord;Midden
SO;Zuid-Holland;54679;17GW;17GW06;Kentalis De Voorde;Bazuinlaan;4;2287 EE;RIJSWIJK ZH;0603;RIJSWIJK;Protestants-Christelijk;0703943042;https://www.kentalis.nl/onze-scholen;2;SO DOBLN,DOVN,ESM,MGA,MGB,SH;Bazuinlaan;4;2287 EE;RIJSWIJK ZH;49;'s-Gravenhage;22;Haaglanden;28;Haaglanden;26;Agglomeratie 's-Gravenhage;16;Noord-Zuid-Holland;28;Haaglanden/Westland;Midden
SO;Zuid-Holland;54679;17GW;17GW07;Kentalis De Zwanenbloem TOS;Meerzichtlaan;300-302;2716 NR;ZOETERMEER;0637;ZOETERMEER;Protestants-Christelijk;0793294500;https://www.kentalis.nl/onze-scholen;2;SO DOBLN,DOVN,ESM,MGA,MGB,SH;Meerzichtlaan;300-302;2716 NR;ZOETERMEER;49;'s-Gravenhage;22;Haaglanden;28;Haaglanden;26;Agglomeratie 's-Gravenhage;16;Noord-Zuid-Holland;28;Haaglanden/Westland;Midden
SO;Zuid-Holland;54679;17GW;17GW22;Kentalis De Tamarinde;Meerzichtlaan;300-302;2716 NR;ZOETERMEER;0637;ZOETERMEER;Protestants-Christelijk;0793294500;https://www.kentalis.nl/onze-scholen;2;SO DOBLN,DOVN,ESM,MGA,MGB,SH + RP-SO MGA;Postbus;184;2700 AD;ZOETERMEER;49;'s-Gravenhage;22;Haaglanden;28;Haaglanden;26;Agglomeratie 's-Gravenhage;16;Noord-Zuid-Holland;28;Haaglanden/Westland;Midden
SO;Zuid-Holland;62077;01AI;01AI00;Gelinck School Oostvoorne;Noordweg;14;3233 AV;OOSTVOORNE;1992;VOORNE AAN ZEE;Algemeen bijzonder;0889962300;https://scholen.ihub.nl/scholen/gelinck-school-oostvoorne-vjkv;4;SO LZ/P + RP-SO LZ/P;Noordweg;14;3233 AV;OOSTVOORNE;56;Brielle;23;Rijnmond;29;Rijnmond;29;Groot-Rijnmond;17;Rijnmond groot;29;Rijnmond;Midden
SO;Zuid-Holland;62077;01AI;01AI01;Gelinck School Spijkenisse;Gouwestraat;13;3207 BH;SPIJKENISSE;1930;NISSEWAARD;Algemeen bijzonder;0889962170;https://scholen.ihub.nl/scholen/gelinck-school-spijkenisse-beo-meidoorn;4;SO LZ/P;Gouwestraat;13;3207 BH;SPIJKENISSE;54;Rotterdam;23;Rijnmond;29;Rijnmond;29;Groot-Rijnmond;17;Rijnmond groot;29;Rijnmond;Midden
SO;Zuid-Holland;62077;01AI;01AI02;Voorziening Jonge Kind Voorne;Rie Mastenbroekplein;2;3223 KJ;HELLEVOETSLUIS;1992;VOORNE AAN ZEE;Algemeen bijzonder;0889962300;https://scholen.ihub.nl/scholen/gelinck-school-oostvoorne-vjkv;4;SO LZ/P + RP-SO LZ/P;Noordweg;14;3233 AV;OOSTVOORNE;56;Brielle;23;Rijnmond;29;Rijnmond;29;Groot-Rijnmond;17;Rijnmond groot;29;Rijnmond;Midden
SO;Zuid-Holland;62077;01AI;01AI07;BeO Meidoorn;Aidastraat;91;3208 PA;SPIJKENISSE;1930;NISSEWAARD;Algemeen bijzonder;0889962170;https://scholen.ihub.nl/scholen/gelinck-school-spijkenisse-beo-meiboom;4;SO LZ/P + RP-SO LZ/P;Aidastraat;91;3208 PA;SPIJKENISSE;54;Rotterdam;23;Rijnmond;29;Rijnmond;29;Groot-Rijnmond;17;Rijnmond groot;29;Rijnmond;Midden
SO;Zuid-Holland;62077;04AD;04AD00;Schats School Noord;Van Enckevoirtlaan;129;3052 KR;ROTTERDAM;0599;ROTTERDAM;Algemeen bijzonder;0889962830;https://scholen.ihub.nl/scholen/schats-school-noord;4;SO ZMOK;Van Enckevoirtlaan;129;3052 KR;ROTTERDAM;54;Rotterdam;23;Rijnmond;29;Rijnmond;29;Groot-Rijnmond;17;Rijnmond groot;29;Rijnmond;Midden
SO;Zuid-Holland;62077;04AD;04AD02;Schats School Zuid;Kastanjedaal;1;3075 LT;ROTTERDAM;0599;ROTTERDAM;Algemeen bijzonder;0889962860;https://scholen.ihub.nl/scholen/schats-school-zuid-beo-pauwen;4;SO ZMOK;Kastanjedaal;1;3075 LT;ROTTERDAM;54;Rotterdam;23;Rijnmond;29;Rijnmond;29;Groot-Rijnmond;17;Rijnmond groot;29;Rijnmond;Midden
SO;Zuid-Holland;62077;04AD;04AD03;BeO De Pauwen;Dalweg;4;3075 LR;ROTTERDAM;0599;ROTTERDAM;Algemeen bijzonder;0889962860;https://scholen.ihub.nl/scholen/schats-school-zuid-beo-pauwen;4;SO ZMOK + RP-SO ZMOK;Kastanjedaal;1;3075 LT;ROTTERDAM;54;Rotterdam;23;Rijnmond;29;Rijnmond;29;Groot-Rijnmond;17;Rijnmond groot;29;Rijnmond;Midden
VSO;Drenthe;41414;00ZF;00ZF00;De Atlas;Treubstraat;2;9402 KH;ASSEN;0106;ASSEN;Algemeen bijzonder;0592340497;www.renn4.nl;4;VSO ZMOK + RP-VSO ZMOK;Postbus;30017;9400 RA;ASSEN;11;Assen;03;Centraal-Groningen;07;Noord- en Midden-Drenthe;07;Noord-Drenthe;04;Assen-Hoogeveen-Emmen;07;Noord- en Midden Drenthe;Noord
VSO;Drenthe;41414;00ZF;00ZF01;De Atlas;Ullevi;26;7825 SE;EMMEN;0114;EMMEN;Algemeen bijzonder;0592340497; ;4;VSO ZMOK;Postbus;30017;9400 RA;ASSEN;12;Emmen;05;Zuid- en Midden-Drenthe;08;Zuidoost-Drenthe;08;Zuidoost-Drenthe;04;Assen-Hoogeveen-Emmen;08;Zuid-Oost Drenthe;Noord
VSO;Drenthe;41414;00ZF;00ZF14;De Atlas;Voltastraat;27;7903 AA;HOOGEVEEN;0118;HOOGEVEEN;Algemeen bijzonder;0528260370;www.renn4.nl;4;VSO ZMOK + RP-VSO ZMOK;Voltastraat;27;7903 AA;HOOGEVEEN;14;Hoogeveen;05;Zuid- en Midden-Drenthe;09;Zuidwest-Drenthe;09;Zuidwest-Drenthe;04;Assen-Hoogeveen-Emmen;09;Zuid-West Drenthe;Noord
VSO;Drenthe;41414;00ZF;00ZF15;De Atlas;Epe;83;9406 HK;ASSEN;0106;ASSEN;Algemeen bijzonder; ; ;4;VSO ZMOK;Epe;83;9406 HK;ASSEN;11;Assen;03;Centraal-Groningen;07;Noord- en Midden-Drenthe;07;Noord-Drenthe;04;Assen-Hoogeveen-Emmen;07;Noord- en Midden Drenthe;Noord
VSO;Drenthe;41414;00ZF;00ZF16;De Atlas;Angelsloerdijk;13;7822 HK;EMMEN;0114;EMMEN;Algemeen bijzonder; ; ;4;VSO ZMOK;Angelsloerdijk;13;7822 HK;EMMEN;12;Emmen;05;Zuid- en Midden-Drenthe;08;Zuidoost-Drenthe;08;Zuidoost-Drenthe;04;Assen-Hoogeveen-Emmen;08;Zuid-Oost Drenthe;Noord
VSO;Drenthe;41414;00ZF;00ZF17;Atlas Assen Salland Zuid;Salland;2;9405 GM;ASSEN;0106;ASSEN;Algemeen bijzonder; ; ;4;VSO ZMOK;Salland;2;9405 GM;ASSEN;11;Assen;03;Centraal-Groningen;07;Noord- en Midden-Drenthe;07;Noord-Drenthe;04;Assen-Hoogeveen-Emmen;07;Noord- en Midden Drenthe;Noord
VSO;Friesland;41414;14OR;14OR00;VSO De Zwaai;Splitting;17;9202 LC;DRACHTEN;0090;SMALLINGERLAND;Algemeen bijzonder;0512571130;www.renn4.nl;4;VSO PI + RP-VSO PI;Splitting;17;9202 LC;DRACHTEN;07;Smallingerland;04;Fryslân;06;Friesland-Oost;06;Zuidoost-Friesland;03;Friesland;06;Friesland-Oost ('de Friese Wouden');Noord
VSO;Friesland;41414;14OR;14OR02;De Zwaai;Schans;100;8441 AE;HEERENVEEN;0074;HEERENVEEN;Algemeen bijzonder; ; ;4;VSO PI;Schans;100;8441 AE;HEERENVEEN;08;Heerenveen;04;Fryslân;06;Friesland-Oost;06;Zuidoost-Friesland;03;Friesland;06;Friesland-Oost ('de Friese Wouden');Noord
VSO;Friesland;41414;14OR;14OR03;De Zwaai;Vogelzang;27;9201 SB;DRACHTEN;0090;SMALLINGERLAND;Algemeen bijzonder; ; ;4;VSO PI;Vogelzang;27;9201 SB;DRACHTEN;07;Smallingerland;04;Fryslân;06;Friesland-Oost;06;Zuidoost-Friesland;03;Friesland;06;Friesland-Oost ('de Friese Wouden');Noord
VSO;Friesland;42665;00RS;00RS00;Talryk;Harddraversdijk;26;9201 HJ;DRACHTEN;0090;SMALLINGERLAND;Algemeen bijzonder;0512369149;www.talryk.nl;3;VSO ZMLK;Harddraversdijk;26;9201 HJ;DRACHTEN;07;Smallingerland;04;Fryslân;06;Friesland-Oost;06;Zuidoost-Friesland;03;Friesland;06;Friesland-Oost ('de Friese Wouden');Noord
VSO;Gelderland;21712;17JJ;17JJ00;Het Emaus College;Keulenkamp;24;3853 HW;ERMELO;0233;ERMELO;Protestants-Christelijk;0880407100;www.shlonderwijs.nl/emauscollege;4;VSO ZMOK + RP-VSO ZMOK;Keulenkamp;24;3853 HW;ERMELO;28;Harderwijk;08;Noordwest-Veluwe;17;Noordwest-Veluwe;13;Veluwe;10;Harderwijk-Amersfoort;17;Noordwest-Veluwe;Midden
VSO;Gelderland;21712;17JJ;17JJ02;Rietschans College;Groene Allee;120;3853 JW;ERMELO;0233;ERMELO;Protestants-Christelijk;0880407171;www.shlonderwijs.nl/rietschanscollege;4;VSO ZMOK;Groene Allee;120;3853 JW;ERMELO;28;Harderwijk;08;Noordwest-Veluwe;17;Noordwest-Veluwe;13;Veluwe;10;Harderwijk-Amersfoort;17;Noordwest-Veluwe;Midden
VSO;Gelderland;21712;17JJ;17JJ03;Emaus Colllege locatie Norden;Keulenkamp;6-8;3853 HW;ERMELO;0233;ERMELO;Protestants-Christelijk; ; ;4;VSO ZMOK + RP-VSO ZMOK;Keulenkamp;6-8;3853 HW;ERMELO;28;Harderwijk;08;Noordwest-Veluwe;17;Noordwest-Veluwe;13;Veluwe;10;Harderwijk-Amersfoort;17;Noordwest-Veluwe;Midden
VSO;Gelderland;40631;00AO;00AO00;Voortgezet Speciaal Onderwijs Zeer Moeilijk Opvoedbare Kinderen De Bolster;Beelelaan;6;7383 BH;VOORST GEM VOORST;0285;VOORST;Protestants-Christelijk;0887792270;www.debolster.nl;4;VSO ZMOK + RP-VSO ZMOK;Beelelaan;6;7383 BH;VOORST GEM VOORST;20;Deventer;09;Stedendriehoek;11;Stedendriehoek;13;Veluwe;07;Apeldoorn en midden-IJsselgebied;11;Stedendriehoek;Midden
VSO;Gelderland;40631;00AO;00AO01;Voortgezet Speciaal Onderwijs Zeer Moeilijk Opvoedbare Kinderen De Bolster;Gentiaanstraat;804;7322 CZ;APELDOORN;0200;APELDOORN;Protestants-Christelijk;0887792270;www.debolster.nl;4;VSO ZMOK + RP-VSO ZMOK;Beelelaan;6;7383 BH;VOORST GEM VOORST;27;Apeldoorn;09;Stedendriehoek;11;Stedendriehoek;13;Veluwe;07;Apeldoorn en midden-IJsselgebied;11;Stedendriehoek;Midden
VSO;Gelderland;40631;01JH;01JH04;Meforta College;Vluchtheuvellaan;4;6671 DN;ZETTEN;1734;OVERBETUWE;Protestants-Christelijk;0488417700;www.mefortacollege.nl;4;VSO ZMOK + RP-VSO ZMOK;Postbus;821;6800 AV;ARNHEM;26;Arnhem;11;IJssel en Rijn;14;Arnhem/Nijmegen;15;Arnhem/Nijmegen;09;Arnhem en omstreken;41;Arnhem;Zuid
VSO;Gelderland;40631;03RM;03RM00;Prisma College;Heijenoordseweg;7;6813 GG;ARNHEM;0202;ARNHEM;Algemeen bijzonder;0263537480;www.prismacollege.nl;3;VSO MGF + RP-VSO MGF;Postbus;821;6800 AV;ARNHEM;26;Arnhem;11;IJssel en Rijn;14;Arnhem/Nijmegen;15;Arnhem/Nijmegen;09;Arnhem en omstreken;41;Arnhem;Zuid
VSO;Gelderland;40631;14PG;14PG00;Mariëndael;Middachtensingel;12;6825 HN;ARNHEM;0202;ARNHEM;Algemeen bijzonder;0263537480;www.mariendael.nl;3;VSO LG + RP-VSO LG;Postbus;821;6800 AV;ARNHEM;26;Arnhem;11;IJssel en Rijn;14;Arnhem/Nijmegen;15;Arnhem/Nijmegen;09;Arnhem en omstreken;41;Arnhem;Zuid
VSO;Gelderland;41008;04YK;04YK00;Harreveld locatie Prisma;Kerkstraat;53;7135 JJ;HARREVELD;1586;OOST GELRE;Rooms-Katholiek;0611023865;www.aloysiusstichting.nl;4;VSO ZMOK + RP-VSO ZMOK;Kerkstraat;51;7135 JJ;HARREVELD;24;Winterswijk;12;Achterhoek;13;Oost-Gelderland;14;Achterhoek;08;Zuidelijke Achterhoek;13;Achterhoek;Midden
VSO;Gelderland;41008;04YK;04YK04;Harreveld locatie Anker;Kerkstraat;51;7135 JJ;HARREVELD;1586;OOST GELRE;Rooms-Katholiek;0544394444;www.sgharreveld.nl;4;VSO ZMOK + RP-VSO ZMOK;Kerkstraat;53;7135 JJ;HARREVELD;24;Winterswijk;12;Achterhoek;13;Oost-Gelderland;14;Achterhoek;08;Zuidelijke Achterhoek;13;Achterhoek;Midden
VSO;Gelderland;41008;16QL;16QL00;Park Neerbosch;Scherpenkampweg;20;6545 AL;NIJMEGEN;0268;NIJMEGEN;Protestants-Christelijk;0242036142;parkneerboschnijmegen.nl;4;VSO ZMOK + RP-VSO ZMOK;Scherpenkampweg;20;6545 AL;NIJMEGEN;30;Nijmegen;13;Nijmegen;14;Arnhem/Nijmegen;15;Arnhem/Nijmegen;11;Oostelijk Maas-Waalgebied;40;Rijk van Nijmegen;Zuid
VSO;Gelderland;41008;16QL;16QL01;Het Kwartier;Berg en Dalseweg;287;6522 CH;NIJMEGEN;0268;NIJMEGEN;Protestants-Christelijk;0880741600;www.hetkwartiernijmegen.nl;4;VSO ZMOK + RP-VSO ZMOK;Hatertseweg;400;6533 GV;NIJMEGEN;30;Nijmegen;13;Nijmegen;14;Arnhem/Nijmegen;15;Arnhem/Nijmegen;11;Oostelijk Maas-Waalgebied;40;Rijk van Nijmegen;Zuid
VSO;Gelderland;41008;16QL;16QL08;Aventurijn;Hatertseweg;400;6533 GV;NIJMEGEN;0268;NIJMEGEN;Protestants-Christelijk; ; ;4;VSO ZMOK;Hatertseweg;400;6533 GV;NIJMEGEN;30;Nijmegen;13;Nijmegen;14;Arnhem/Nijmegen;15;Arnhem/Nijmegen;11;Oostelijk Maas-Waalgebied;40;Rijk van Nijmegen;Zuid
VSO;Gelderland;41531;01JR;01JR00;Voortgezet Speciaal Onderwijs School Werkenrode;Nijmeegsebaan;9;6561 KE;GROESBEEK;1945;BERG EN DAL;Algemeen bijzonder;0246759000;www.puntspeciaal.nl;3;VSO LG + RP-VSO LG;Postbus;9002;6560 GC;GROESBEEK;30;Nijmegen;13;Nijmegen;14;Arnhem/Nijmegen;15;Arnhem/Nijmegen;11;Oostelijk Maas-Waalgebied;40;Rijk van Nijmegen;Zuid
VSO;Gelderland;41531;01JR;01JR02;Werkenrode;Nijverheidsweg;2-A;6562 BA;GROESBEEK;1945;BERG EN DAL;Algemeen bijzonder; ; ;3;VSO LG;Nijverheidsweg;2-A;6562 BA;GROESBEEK;30;Nijmegen;13;Nijmegen;14;Arnhem/Nijmegen;15;Arnhem/Nijmegen;11;Oostelijk Maas-Waalgebied;40;Rijk van Nijmegen;Zuid
VSO;Gelderland;54679;17GW;17GW00;Kentalis Compas College Zaltbommel;van Heemstraweg-west;9-B;5301 PA;ZALTBOMMEL;0297;ZALTBOMMEL;Rooms-Katholiek;0613285812;https://www.kentalis.nl/onze-scholen;2;VSO DOBLN,DOVN,MGA,MGB,SH + RP-VSO DOVN;van Heemstraweg-west;9-B;5301 PA;ZALTBOMMEL;32;Zaltbommel;14;Rivierenland;15;Rivierenland;16;Zuidwest-Gelderland;12;Noord-Noord-Brabant;15;Rivierenland;Zuid
VSO;Gelderland;54679;17GW;17GW20;Kentalis College Arnhem;IJssellaan;89;6826 DM;ARNHEM;0202;ARNHEM;Algemeen bijzonder;0263629152;https://www.kentalis.nl/onze-scholen;2;VSO DOBLN,DOVN,MGA,MGB,SH;IJssellaan;89;6826 DM;ARNHEM;26;Arnhem;11;IJssel en Rijn;14;Arnhem/Nijmegen;15;Arnhem/Nijmegen;09;Arnhem en omstreken;41;Arnhem;Zuid
VSO;Gelderland;54679;17GW;17GW47;Kentalis Bosschool;Hommelseweg;403-A;6821 LK;ARNHEM;0202;ARNHEM;Rooms-Katholiek; ;https://www.kentalis.nl/onze-scholen;2;VSO DOBLN,DOVN,MGA,MGB,SH;Hommelseweg;403-A;6821 LK;ARNHEM;26;Arnhem;11;IJssel en Rijn;14;Arnhem/Nijmegen;15;Arnhem/Nijmegen;09;Arnhem en omstreken;41;Arnhem;Zuid
VSO;Gelderland;83189;01QH;01QH00;Scholengemeenschap Klein Borculo voor Zeer Moeilijk Opvoedbare Kinderen Vbo;Schoollaan;3;7271 NS;BORCULO;1859;BERKELLAND;Interconfessioneel;0545272259; ;4;VSO ZMOK + RP-VSO ZMOK;Postbus;58;7270 AB;BORCULO;22;Enschede;12;Achterhoek;13;Oost-Gelderland;14;Achterhoek;06;Twente;13;Achterhoek;Midden
VSO;Gelderland;83189;01QH;01QH01;Scholengemeenschap Klein Borculo voor Zeer Moeilijk Opvoedbare Kinderen Vbo;Slotlaan;35;7006 HA;DOETINCHEM;0222;DOETINCHEM;Interconfessioneel;0545272259;www.sg-isselborgh.nl;4;VSO ZMOK + RP-VSO ZMOK;Postbus;58;7270 AB;BORCULO;25;Doetinchem;12;Achterhoek;13;Oost-Gelderland;14;Achterhoek;08;Zuidelijke Achterhoek;13;Achterhoek;Midden
VSO;Gelderland;83189;01QH;01QH06;Scholengemeenschap Klein Borculo voor Zeer Moeilijk Opvoedbare Kinderen Vbo;Ampsenseweg;10;7241 NB;LOCHEM;0262;LOCHEM;Interconfessioneel; ; ;4;VSO ZMOK + RP-VSO ZMOK;Postbus;58;7270 AB;BORCULO;23;Zutphen;09;Stedendriehoek;11;Stedendriehoek;14;Achterhoek;07;Apeldoorn en midden-IJsselgebied;11;Stedendriehoek;Midden
VSO;Gelderland;83189;02PQ;02PQ00;W.H. Suringarcollege;Mettrayweg;53;7211 LC;EEFDE;0262;LOCHEM;Protestants-Christelijk;0545272259;www.intermetzo.nl;4;VSO ZMOK + RP-VSO ZMOK;Postbus;58;7270 AB;BORCULO;23;Zutphen;09;Stedendriehoek;11;Stedendriehoek;14;Achterhoek;07;Apeldoorn en midden-IJsselgebied;11;Stedendriehoek;Midden
VSO;Gelderland;83189;02PQ;02PQ17;Suringarcollege;Mettrayweg;53;7211 LC;EEFDE;0262;LOCHEM;Protestants-Christelijk; ; ;4;VSO ZMOK;Mettrayweg;53;7211 LC;EEFDE;23;Zutphen;09;Stedendriehoek;11;Stedendriehoek;14;Achterhoek;07;Apeldoorn en midden-IJsselgebied;11;Stedendriehoek;Midden
VSO;Groningen;41414;02YM;02YM00;Diamant College;Diamantlaan;12;9743 BG;GRONINGEN;0014;GRONINGEN;Algemeen bijzonder;0503097115;www.renn4.nl;4;VSO ZMOK;Postbus;8098;9702 KB;GRONINGEN;01;Groningen;03;Centraal-Groningen;03;Centraal en westelijk Groningen;03;Overig Groningen;01;Groningen en omstreken;03;Centraal en Westelijk Groningen;Noord
VSO;Groningen;41414;19WF;19WF00;Erasmusschool;Van Heemskerckstraat;56;9726 GM;GRONINGEN;0014;GRONINGEN;Openbaar;0503128740; ;4;VSO ZMOK;Van Heemskerckstraat;56;9726 GM;GRONINGEN;01;Groningen;03;Centraal-Groningen;03;Centraal en westelijk Groningen;03;Overig Groningen;01;Groningen en omstreken;03;Centraal en Westelijk Groningen;Noord
VSO;Groningen;54679;17GW;17GW28;Kentalis Dr. J. de Graafschool;Ina Boudierplantsoen;9;9721 XB;GRONINGEN;0014;GRONINGEN;Algemeen bijzonder;0505255190;https://www.kentalis.nl/onze-scholen;2;VSO DOBLN,DOVN,MGA,MGB,SH;Ina Boudierplantsoen;9;9721 XB;GRONINGEN;01;Groningen;03;Centraal-Groningen;03;Centraal en westelijk Groningen;03;Overig Groningen;01;Groningen en omstreken;03;Centraal en Westelijk Groningen;Noord
VSO;Groningen;54679;17GW;17GW29;Kentalis Guyotschool D/SH VSO;Rijksstraatweg;63-A;9752 AC;HAREN GN;0014;GRONINGEN;Algemeen bijzonder;0505331940;https://www.kentalis.nl/onze-scholen;2;VSO DOBLN,DOVN,MGA,MGB,SH;Rijksstraatweg;63-A;9752 AC;HAREN GN;01;Groningen;03;Centraal-Groningen;03;Centraal en westelijk Groningen;03;Overig Groningen;01;Groningen en omstreken;03;Centraal en Westelijk Groningen;Noord
VSO;Limburg;41008;22OB;22OB00;De Ortolaan Heibloem;Meijelseweg;2-C;6089 ND;HEIBLOEM;1640;LEUDAL;Rooms-Katholiek;0475491328;www.aloysiusstichting.nl;4;VSO ZMOK + RP-VSO ZMOK;Meijelseweg;2-C;6089 ND;HEIBLOEM;77;Roermond;31;Roermond;39;Midden-Limburg;38;Midden-Limburg;24;Roermond en omstreken;38;Gewest Limburg-Noord;Zuid
VSO;Limburg;41008;22OB;22OB04;De Ortolaan Roermond;Kasteel Hillenraedtstr;36-B;6043 HK;ROERMOND;0957;ROERMOND;Rooms-Katholiek;0475320805; ;4;VSO ZMOK;Kasteel Hillenraedtstr;36-B;6043 HK;ROERMOND;77;Roermond;31;Roermond;39;Midden-Limburg;38;Midden-Limburg;24;Roermond en omstreken;38;Gewest Limburg-Noord;Zuid
VSO;Limburg;41821;02KX;02KX03;VSO-St. Jozef;Pater Kustersweg;3;6267 NL;CADIER EN KEER;1903;EIJSDEN-MARGRATEN;Rooms-Katholiek;0434072077;www.sovso-stjozef.nl/;4;VSO ZMOK + RP-VSO ZMOK;Pater Kustersweg;3;6267 NL;CADIER EN KEER;80;Maastricht;34;Maastricht Mergelland;42;Maastricht en Mergelland;39;Zuid-Limburg;25;Zuid-Limburg;39;Gewest Zuid-Limburg;Zuid
VSO;Limburg;41821;02KX;02KX04;St. Jozefschool;Raadhuisstraat;13;6129 CA;URMOND;0971;STEIN;Rooms-Katholiek; ; ;4;VSO ZMOK + RP-VSO ZMOK; ; ; ; ;78;Sittard;32;Westelijke Mijnstreek;40;Westelijke Mijnstreek;39;Zuid-Limburg;25;Zuid-Limburg;39;Gewest Zuid-Limburg;Zuid
VSO;Limburg;44813;22OG;22OG00;Velddijk;Bergstraat;58;5931 CE;TEGELEN;0983;VENLO;Algemeen bijzonder;0773542686;www.ogbuitengewoon.nl/velddijk;4;VSO ZMOK;Bergstraat;58;5931 CE;TEGELEN;76;Venlo;29;Noord-Limburg;38;Noord-Limburg;37;Noord-Limburg;23;Noord-Limburg;38;Gewest Limburg-Noord;Zuid
VSO;Noord-Brabant;21657;08ZP;08ZP03;Taalbrug College Eindhoven;Toledolaan;3;5629 CC;EINDHOVEN;0772;EINDHOVEN;Algemeen bijzonder;0402423355;www.taalbrugcollege.nl;2;VSO DOBLN,DOVN,MGA,MGB,SH;Toledolaan;3;5629 CC;EINDHOVEN;70;Eindhoven;28;Zuidoost-Brabant;37;Zuidoost-Brabant;36;Zuidoost-Noord-Brabant;22;Zuidoost-Noord-Brabant;37;Zuidoost-Brabant;Zuid
VSO;Noord-Brabant;41008;03TV;03TV00;De Korenaer Eindhoven;Avignonlaan;11-A;5627 GA;EINDHOVEN;0772;EINDHOVEN;Rooms-Katholiek;0402595444;www.korenaereindhoven.nl;4;VSO ZMOK + RP-VSO ZMOK;Postbus;4010;5604 EA;EINDHOVEN;70;Eindhoven;28;Zuidoost-Brabant;37;Zuidoost-Brabant;36;Zuidoost-Noord-Brabant;22;Zuidoost-Noord-Brabant;37;Zuidoost-Brabant;Zuid
VSO;Noord-Brabant;41008;03TV;03TV03;De Korenaer Stevensbeek;Kloosterstraat;1;5844 AN;STEVENSBEEK;1982;LAND VAN CUIJK;Rooms-Katholiek;0485382964;www.aloysiusstichting.nl;4;VSO ZMOK;Kloosterstraat;1;5844 AN;STEVENSBEEK;73;Boxmeer;27;Noordoost-Brabant;36;Noordoost-Brabant;35;Noordoost-Noord-Brabant;11;Oostelijk Maas-Waalgebied;36;Noord-Oost-Brabant;Zuid
VSO;Noord-Brabant;41008;03TV;03TV04;De Korenaer Deurne;Meester de Jonghlaan;4-A;5753 RR;DEURNE;0762;DEURNE;Rooms-Katholiek;0493322906; ;4;VSO ZMOK + RP-VSO ZMOK;Postbus;4010;5604 EA;EINDHOVEN;74;Helmond;28;Zuidoost-Brabant;37;Zuidoost-Brabant;36;Zuidoost-Noord-Brabant;22;Zuidoost-Noord-Brabant;37;Zuidoost-Brabant;Zuid
VSO;Noord-Brabant;41008;03TV;03TV08;De Korenaer Deurne Paljas;Meester de Jonghlaan;4-A;5753 RR;DEURNE;0762;DEURNE;Rooms-Katholiek; ;www.korenaerdeurne.nl;4;VSO ZMOK + RP-VSO ZMOK;Postbus;4010;5604 EA;EINDHOVEN;74;Helmond;28;Zuidoost-Brabant;37;Zuidoost-Brabant;36;Zuidoost-Noord-Brabant;22;Zuidoost-Noord-Brabant;37;Zuidoost-Brabant;Zuid
VSO;Noord-Brabant;41008;03TV;03TV11;De Korenaer Helmond;St. Willibrordstraat;10;5701 TA;HELMOND;0794;HELMOND;Rooms-Katholiek;0492528758; ;4;VSO ZMOK;Postbus;4010;5604 EA;EINDHOVEN;74;Helmond;28;Zuidoost-Brabant;37;Zuidoost-Brabant;36;Zuidoost-Noord-Brabant;22;Zuidoost-Noord-Brabant;37;Zuidoost-Brabant;Zuid
VSO;Noord-Brabant;41200;23GY;23GY01;Het Ginnekencollege;Galderseweg;7;4836 AB;BREDA;0758;BREDA;Algemeen bijzonder;0880718445;www.hetdriespan.nl;4;VSO ZMOK + RP-VSO ZMOK;Postbus;4737;4803 ES;BREDA;66;Breda;25;West-Brabant;34;West-Brabant;33;West-Noord-Brabant;20;West-Noord-Brabant;34;West-Brabant;Zuid
VSO;Noord-Brabant;54679;17GW;17GW48;Kentalis Talent D/SH Sint Michielsgestel;Hoogstraat;21;5271 SW;SINT-MICHIELSGESTEL;0845;SINT-MICHIELSGESTEL;Rooms-Katholiek; ; ;2;VSO DOBLN,DOVN,MGA,MGB,SH;Hoogstraat;21;5271 SW;SINT-MICHIELSGESTEL;69;'s-Hertogenbosch;27;Noordoost-Brabant;36;Noordoost-Brabant;35;Noordoost-Noord-Brabant;12;Noord-Noord-Brabant;36;Noord-Oost-Brabant;Zuid
VSO;Noord-Brabant;72905;19HT;19HT02;De Blauwe Bloem;Sterrenlaan;16;5631 KA;EINDHOVEN;0772;EINDHOVEN;Rooms-Katholiek;0402515859; ;3;VSO ZMLK;Venetiestraat;43;5632 RM;EINDHOVEN;70;Eindhoven;28;Zuidoost-Brabant;37;Zuidoost-Brabant;36;Zuidoost-Noord-Brabant;22;Zuidoost-Noord-Brabant;37;Zuidoost-Brabant;Zuid
VSO;Noord-Brabant;73114;01UB;01UB00;VSO Parcours;Generaal Smutslaan;9;5021 XA;TILBURG;0855;TILBURG;Rooms-Katholiek;0134627050; ;4;VSO ZMOK + RP-VSO ZMOK;Generaal Smutslaan;9;5021 XA;TILBURG;68;Tilburg;26;Midden-Brabant;35;Midden-Brabant;34;Midden-Noord-Brabant;21;Tilburg en omstreken;35;Midden-Brabant;Zuid
VSO;Noord-Holland;21679;20WR;20WR08;VierTaal College Schagen;Emmalaan;2;1741 CX;SCHAGEN;0441;SCHAGEN;Openbaar;0224214071;www.viertaalcollege-schagen.nl;2;VSO DOBLN,DOVN,MGA,MGB,SH;Emmalaan;2;1741 CX;SCHAGEN;37;Den Helder;19;Noord-Holland-Noord;23;Kop van Noord-Holland;18;Kop van Noord-Holland;14;Noord-Noord-Holland;23;Kop van Noord-Holland;Noord
VSO;Noord-Holland;21679;20WR;20WR11;VierTaal College Amsterdam;Zekeringstraat;45;1014 BP;AMSTERDAM;0363;AMSTERDAM;Openbaar;0206131133;www.viertaalcollege-amsterdam.nl;2;VSO DOBLN,DOVN,MGA,MGB,SH;Zekeringstraat;45;1014 BP;AMSTERDAM;44;Amsterdam;20;Zuidelijk Noord-Holland;21;Agglomeratie Amsterdam;23;Groot-Amsterdam;15;Zuid-Noord-Holland;21;Agglomeratie Amsterdam;Noord
VSO;Noord-Holland;41479;21EJ;21EJ00;Orion College Amstel;Wibautstraat;220-222;1097 DN;AMSTERDAM;0363;AMSTERDAM;Openbaar;0206442232;www.orioncollegeamstel.nl;4;VSO ZMOK;Wibautstraat;220-222;1097 DN;AMSTERDAM;44;Amsterdam;20;Zuidelijk Noord-Holland;21;Agglomeratie Amsterdam;23;Groot-Amsterdam;15;Zuid-Noord-Holland;21;Agglomeratie Amsterdam;Noord
VSO;Noord-Holland;41479;21EJ;21EJ01;Nevenvestiging OC Amstel;Bok de Korverweg;4;1067 HR;AMSTERDAM;0363;AMSTERDAM;Openbaar; ; ;4;VSO ZMOK;Bok de Korverweg;4;1067 HR;AMSTERDAM;44;Amsterdam;20;Zuidelijk Noord-Holland;21;Agglomeratie Amsterdam;23;Groot-Amsterdam;15;Zuid-Noord-Holland;21;Agglomeratie Amsterdam;Noord
VSO;Noord-Holland;41479;21EN;21EN00;Orion College Noord;Beijerlandstraat;2;1025 NN;AMSTERDAM;0363;AMSTERDAM;Openbaar;0206362487;www.orioncollegeamsterdam.nl;3;VSO ZMLK;Beijerlandstraat;2;1025 NN;AMSTERDAM;44;Amsterdam;20;Zuidelijk Noord-Holland;21;Agglomeratie Amsterdam;23;Groot-Amsterdam;15;Zuid-Noord-Holland;21;Agglomeratie Amsterdam;Noord
VSO;Noord-Holland;54679;17GW;17GW46;Kentalis  Signis CMB;Herman de Manstraat;1;1064 BX;AMSTERDAM;0363;AMSTERDAM;Rooms-Katholiek; ;https://www.kentalis.nl/onze-scholen;2;VSO DOBLN,DOVN,MGA,MGB,SH;Herman de Manstraat;1;1064 BX;AMSTERDAM;44;Amsterdam;20;Zuidelijk Noord-Holland;21;Agglomeratie Amsterdam;23;Groot-Amsterdam;15;Zuid-Noord-Holland;21;Agglomeratie Amsterdam;Noord
VSO;Noord-Holland;62077;07IQ;07IQ00;Jordaan College;Konijnenstraat;7;1016 SL;AMSTERDAM;0363;AMSTERDAM;Algemeen bijzonder;0207882211;https://scholen.ihub.nl/scholen/jordaan-college;4;VSO ZMOK + RP-VSO ZMOK;Konijnenstraat;7;1016 SL;AMSTERDAM;44;Amsterdam;20;Zuidelijk Noord-Holland;21;Agglomeratie Amsterdam;23;Groot-Amsterdam;15;Zuid-Noord-Holland;21;Agglomeratie Amsterdam;Noord
VSO;Noord-Holland;62077;07IQ;07IQ02;School2Care Amsterdam;Johan Braakensiekhof;31;1068 KK;AMSTERDAM;0363;AMSTERDAM;Algemeen bijzonder;0207546150;www.altra.nl;4;VSO ZMOK + RP-VSO ZMOK;Johan Braakensiekhof;31;1068 KK;AMSTERDAM;44;Amsterdam;20;Zuidelijk Noord-Holland;21;Agglomeratie Amsterdam;23;Groot-Amsterdam;15;Zuid-Noord-Holland;21;Agglomeratie Amsterdam;Noord
VSO;Noord-Holland;62077;07IQ;07IQ05;Postjes College;Baarsjesweg;224-I;1058 AA;AMSTERDAM;0363;AMSTERDAM;Algemeen bijzonder;0889113140;https://scholen.ihub.nl/scholen/postjes-college;4;VSO ZMOK + RP-VSO ZMOK;Baarsjesweg;224-I;1058 AA;AMSTERDAM;44;Amsterdam;20;Zuidelijk Noord-Holland;21;Agglomeratie Amsterdam;23;Groot-Amsterdam;15;Zuid-Noord-Holland;21;Agglomeratie Amsterdam;Noord
VSO;Noord-Holland;62077;07IQ;07IQ07;De Werkruimte;Tafelbergweg;23;1105 BC;AMSTERDAM;0363;AMSTERDAM;Algemeen bijzonder;0652315214;https://scholen.ihub.nl/scholen/onderwijs plus;4;VSO ZMOK;Kortvoort;60;1104 NB;AMSTERDAM;44;Amsterdam;20;Zuidelijk Noord-Holland;21;Agglomeratie Amsterdam;23;Groot-Amsterdam;15;Zuid-Noord-Holland;21;Agglomeratie Amsterdam;Noord
VSO;Noord-Holland;62077;07IQ;07IQ09;Voort College;Kortvoort;60;1104 NB;AMSTERDAM;0363;AMSTERDAM;Algemeen bijzonder;0205558444;https://scholen.ihub.nl/scholen/voort-college;4;VSO ZMOK;Kortvoort;60;1104 NB;AMSTERDAM;44;Amsterdam;20;Zuidelijk Noord-Holland;21;Agglomeratie Amsterdam;23;Groot-Amsterdam;15;Zuid-Noord-Holland;21;Agglomeratie Amsterdam;Noord
VSO;Noord-Holland;62077;07IQ;07IQ12;Waterland College;Koggenland;100;1447 CP;PURMEREND;0439;PURMEREND;Algemeen bijzonder;0299666966;https://scholen.ihub.nl/scholen/waterland-college;4;VSO ZMOK;Koggenland;100;1447 CP;PURMEREND;44;Amsterdam;20;Zuidelijk Noord-Holland;21;Agglomeratie Amsterdam;23;Groot-Amsterdam;15;Zuid-Noord-Holland;21;Agglomeratie Amsterdam;Noord
VSO;Noord-Holland;62077;07IQ;07IQ13;Hoofddorp College;Van den Berghlaan;130;2132 AV;HOOFDDORP;0394;HAARLEMMERMEER;Algemeen bijzonder;0889113100;https://scholen.ihub.nl/scholen/hoofddorp-college;4;VSO ZMOK;Van den Berghlaan;130;2132 AV;HOOFDDORP;44;Amsterdam;20;Zuidelijk Noord-Holland;21;Agglomeratie Amsterdam;23;Groot-Amsterdam;15;Zuid-Noord-Holland;21;Agglomeratie Amsterdam;Noord
VSO;Noord-Holland;62077;07IQ;07IQ15;Meiberg College;Tafelbergweg;23;1105 BC;AMSTERDAM;0363;AMSTERDAM;Algemeen bijzonder;0205632800;https://scholen.ihub.nl/scholen/meiberg-college;4;VSO ZMOK + RP-VSO ZMOK;Tafelbergweg;23;1105 BC;AMSTERDAM;44;Amsterdam;20;Zuidelijk Noord-Holland;21;Agglomeratie Amsterdam;23;Groot-Amsterdam;15;Zuid-Noord-Holland;21;Agglomeratie Amsterdam;Noord
VSO;Noord-Holland;62077;07IQ;07IQ17;Zaanstreek College;Noorderstraat;3;1521 KA;WORMERVEER;0479;ZAANSTAD;Algemeen bijzonder;0756706261;https://scholen.ihub.nl/scholen/zaanstreek-college;4;VSO ZMOK;Noorderstraat;3;1521 KA;WORMERVEER;41;Zaanstad;20;Zuidelijk Noord-Holland;21;Agglomeratie Amsterdam;22;Zaanstreek;15;Zuid-Noord-Holland;21;Agglomeratie Amsterdam;Noord
VSO;Noord-Holland;62077;07IQ;07IQ20;OnderwijsPlus;Kortvoort;60;1104 NB;AMSTERDAM;0363;AMSTERDAM;Algemeen bijzonder;0652315214;https://scholen.ihub.nl/scholen/onderwijsplus;4;VSO ZMOK + RP-VSO ZMOK;Kortvoort;60;1104 NB;AMSTERDAM;44;Amsterdam;20;Zuidelijk Noord-Holland;21;Agglomeratie Amsterdam;23;Groot-Amsterdam;15;Zuid-Noord-Holland;21;Agglomeratie Amsterdam;Noord
VSO;Overijssel;25859;23KF;23KF00;NEON College;Mr. Troelstrastraat;9;7522 BD;ENSCHEDE;0153;ENSCHEDE;Openbaar;0880103670;www.neoncollege-attendiz.nl;4;VSO ZMOK;Postbus;8105;7550 KC;HENGELO OV;22;Enschede;07;Twente;12;Twente;12;Twente;06;Twente;12;Twente;Noord
VSO;Overijssel;54679;17GW;17GW19;Kentalis Maatman College;Maatmanweg;17-19;7522 AN;ENSCHEDE;0153;ENSCHEDE;Algemeen bijzonder;0534801770;https://www.kentalis.nl/onze-scholen;2;VSO DOBLN,DOVN,MGA,MGB,SH;Maatmanweg;17-19;7522 AN;ENSCHEDE;22;Enschede;07;Twente;12;Twente;12;Twente;06;Twente;12;Twente;Noord
VSO;Overijssel;83189;01QH;01QH05;Scholengemeenschap Klein Borculo voor Zeer Moeilijk Opvoedbare Kinderen Vbo;Vriezenveenseweg;229;7602 PT;ALMELO;0141;ALMELO;Interconfessioneel;0545272259;www.deveenlanden.nl;4;VSO ZMOK + RP-VSO ZMOK;Postbus;58;7270 AB;BORCULO;21;Almelo;07;Twente;12;Twente;12;Twente;06;Twente;12;Twente;Noord
VSO;Overijssel;83189;02PQ;02PQ05;VSO Deventer;Splithofstraat;1;7415 CD;DEVENTER;0150;DEVENTER;Protestants-Christelijk;0545272259;www.vsodeventer.nl;4;VSO ZMOK + RP-VSO ZMOK;Postbus;58;7270 AB;BORCULO;20;Deventer;09;Stedendriehoek;11;Stedendriehoek;11;Zuidwest-Overijssel;07;Apeldoorn en midden-IJsselgebied;11;Stedendriehoek;Noord
VSO;Utrecht;21712;23GH;23GH00;De Lasenberg;Schrikslaan;20;3762 TC;SOEST;0342;SOEST;Algemeen bijzonder;0880407200;www.shlonderwijs.nl;4;VSO ZMOK + RP-VSO ZMOK;Postbus;186;3760 AD;SOEST;35;Amersfoort;17;Eemland;16;Eem en Vallei;17;Utrecht;10;Harderwijk-Amersfoort;16;Eem en Vallei;Midden
VSO;Utrecht;40132;01KI;01KI00;SSVO School De Sprong;Valkenheide;41;3953 MC;MAARSBERGEN;1581;UTRECHTSE HEUVELRUG;Algemeen bijzonder;0343489911;https://www.cvog.nl/contact/;4;VSO ZMOK + RP-VSO ZMOK;Postbus;550;3700 AN;ZEIST;36;Utrecht;18;Utrecht-Midden;19;Utrecht;17;Utrecht;13;Utrecht en omstreken;19;Utrecht;Midden
VSO;Utrecht;40132;01KI;01KI02;De Sprong Plus;Valkenheide;41;3953 MC;MAARSBERGEN;1581;UTRECHTSE HEUVELRUG;Algemeen bijzonder;0343431393;https://www.vsodesprong.nl;4;VSO ZMOK + RP-VSO ZMOK;Valkenheide;41;3953 MC;MAARSBERGEN;36;Utrecht;18;Utrecht-Midden;19;Utrecht;17;Utrecht;13;Utrecht en omstreken;19;Utrecht;Midden
VSO;Utrecht;40132;02RM;02RM00;Beukenrode Onderwijs;Beukenrodelaan;2-C;3941 ZP;DOORN;1581;UTRECHTSE HEUVELRUG;Rooms-Katholiek;0343489911;www.beukenrodeonderwijs.nl;4;VSO ZMOK + RP-VSO ZMOK;Beukenrodelaan;2-C;3941 ZP;DOORN;36;Utrecht;18;Utrecht-Midden;19;Utrecht;17;Utrecht;13;Utrecht en omstreken;19;Utrecht;Midden
VSO;Utrecht;62662;14RZ;14RZ00;STIP VSO Utrecht;Europalaan;89;3526 KP;UTRECHT;0344;UTRECHT;Samenwerking PC, RK; ;www.stipvso.nl;3;VSO ZMLK;Europalaan;89;3526 KP;UTRECHT;36;Utrecht;18;Utrecht-Midden;19;Utrecht;17;Utrecht;13;Utrecht en omstreken;19;Utrecht;Midden
VSO;Zuid-Holland;30815;23GJ;23GJ00;Stichting J.C. Pleysier College;Dr. van Welylaan;4;2566 ER;'S-GRAVENHAGE;0518;S GRAVENHAGE;Algemeen bijzonder;0703150000;www.pleysier.nl;4;VSO ZMOK + RP-VSO ZMOK;Postbus;64602;2506 CA;'S-GRAVENHAGE;49;'s-Gravenhage;22;Haaglanden;28;Haaglanden;26;Agglomeratie 's-Gravenhage;16;Noord-Zuid-Holland;28;Haaglanden/Westland;Midden
VSO;Zuid-Holland;30815;23GJ;23GJ01;Pleysier College Zoetermeer;Schansbos;1-2;2716 GV;ZOETERMEER;0637;ZOETERMEER;Algemeen bijzonder;0793437961;www.pleysier.nl;4;VSO ZMOK;Postbus;64602;2506 CA;'S-GRAVENHAGE;49;'s-Gravenhage;22;Haaglanden;28;Haaglanden;26;Agglomeratie 's-Gravenhage;16;Noord-Zuid-Holland;28;Haaglanden/Westland;Midden
VSO;Zuid-Holland;30815;23GJ;23GJ02;Pleysier College Delft;J.J. Slauerhofflaan;275;2624 JZ;DELFT;0503;DELFT;Algemeen bijzonder;0152577431;www.pleysier.nl;4;VSO ZMOK;Postbus;64602;2506 CA;'S-GRAVENHAGE;50;Delft;22;Haaglanden;28;Haaglanden;27;Delft en Westland;16;Noord-Zuid-Holland;28;Haaglanden/Westland;Midden
VSO;Zuid-Holland;30815;23GJ;23GJ13;Pleysier College Westerbeek;Asmansweg;16;2571 BK;'S-GRAVENHAGE;0518;S GRAVENHAGE;Algemeen bijzonder;0703150050;www.pleysier.nl;4;VSO ZMOK;Postbus;64602;2506 CA;'S-GRAVENHAGE;49;'s-Gravenhage;22;Haaglanden;28;Haaglanden;26;Agglomeratie 's-Gravenhage;16;Noord-Zuid-Holland;28;Haaglanden/Westland;Midden
VSO;Zuid-Holland;30815;23GJ;23GJ14;Pleysier College Oosterbeek;Scheepersstraat;160;2572 AP;'S-GRAVENHAGE;0518;S GRAVENHAGE;Algemeen bijzonder;0708505500;www.pleysier.nl;4;VSO ZMOK;Postbus;64602;2506 CA;'S-GRAVENHAGE;49;'s-Gravenhage;22;Haaglanden;28;Haaglanden;26;Agglomeratie 's-Gravenhage;16;Noord-Zuid-Holland;28;Haaglanden/Westland;Midden
VSO;Zuid-Holland;41008;04YK;04YK01;De Burcht;Rijksstraatweg;24;2171 AL;SASSENHEIM;1525;TEYLINGEN;Rooms-Katholiek;0713055591;www.vso-deburcht.nl;4;VSO ZMOK + RP-VSO ZMOK;Postbus;193;2170 AD;SASSENHEIM;46;Leiden;21;Rijn-Gouwe;26;Zuid-Holland-Noord;25;Agglomeratie Leiden en Bollenstreek;16;Noord-Zuid-Holland;26;Zuid-Holland-Noord;Midden
VSO;Zuid-Holland;41008;04YK;04YK05;Kompas College;Borgtweg;1;3202 LJ;SPIJKENISSE;1930;NISSEWAARD;Rooms-Katholiek;0880712525;www.aloysiusstichting.nl;4;VSO ZMOK + RP-VSO ZMOK;Borgtweg;1;3202 LJ;SPIJKENISSE;54;Rotterdam;23;Rijnmond;29;Rijnmond;29;Groot-Rijnmond;17;Rijnmond groot;29;Rijnmond;Midden
VSO;Zuid-Holland;41314;01JO;01JO09;Auris Delfshaven;Japarastraat;4;3029 NA;ROTTERDAM;0599;ROTTERDAM;Algemeen bijzonder;0104552318;www.auriscollegerotterdam.nl;2;VSO DOBLN,DOVN,MGA,MGB,SH;Postbus;3192;3003 AD;ROTTERDAM;54;Rotterdam;23;Rijnmond;29;Rijnmond;29;Groot-Rijnmond;17;Rijnmond groot;29;Rijnmond;Midden
VSO;Zuid-Holland;54679;17GW;17GW21;Kentalis College Zoetermeer;Meerzichtlaan;300-302;2716 NR;ZOETERMEER;0637;ZOETERMEER;Protestants-Christelijk;0793294500;https://www.kentalis.nl/onze-scholen;2;VSO DOBLN,DOVN,MGA,MGB,SH;Meerzichtlaan;300-302;2716 NR;ZOETERMEER;49;'s-Gravenhage;22;Haaglanden;28;Haaglanden;26;Agglomeratie 's-Gravenhage;16;Noord-Zuid-Holland;28;Haaglanden/Westland;Midden
VSO;Zuid-Holland;54679;17GW;17GW23;Kentalis De Zwanenbloem D/SH;Meerzichtlaan;300-302;2716 NR;ZOETERMEER;0637;ZOETERMEER;Protestants-Christelijk;0793294500;https://www.kentalis.nl/onze-scholen;2;VSO DOBLN,DOVN,MGA,MGB,SH + RP-VSO MGA;Meerzichtlaan;300;2716 NR;ZOETERMEER;49;'s-Gravenhage;22;Haaglanden;28;Haaglanden;26;Agglomeratie 's-Gravenhage;16;Noord-Zuid-Holland;28;Haaglanden/Westland;Midden
